REPORT_NUMBER,CRASH_YEAR,CRASH_DATE_AND_TIME,REPORT_DATE_AND_TIME,INVESTIGATING_AGENCY_REPORT_NUMBER,FORM_TYPE,TOTAL_NUMBER_OF_VEHICLES,TOTAL_NUMBER_OF_PERSONS,COUNTY_CODE,CITY_CODE,COUNTY_NAME,CITY_NAME,RURAL_OR_URBAN,NOTIFIED_TIME,DISPATCHED_TIME,ARRIVED_TIME,CLEARED_TIME,COMPLETED_FLAG,NOTIFIED_BY,ON_STREET_ROAD_HIGHWAY,STREET_ADDRESS_NUMBER,LATITUDE,LONGITUDE,FEET_FROM_INTERSECTION,DIRECTION_FROM_INTERSECTION,FROM_INTERSECTION_OF,MILEPOST_NUMBER,ROAD_SYSTEM_IDENTIFER,TYPE_OF_SHOULDER,TYPE_OF_INTERSECTION,PHOTOS_TAKEN,LIGHT_CONDITION,WEATHER_CONDITION,ROAD_SURFACE_CONDITION,SCHOOL_BUS_RELATED_CODE,TYPE_OF_IMPACT,FIRST_HARMFUL_EVENT,LOCATION,INTERCHANGE_FLAG,JUNCTION_FLAG,ROAD_CIRCUMSTANCES_1,ROAD_CIRCUMSTANCES_2,ROAD_CIRCUMSTANCES_3,ENVIRONMENT_CIRCUMSTANCES_1,ENVIRONMENT_CIRCUMSTANCES_2,ENVIRONMENT_CIRCUMSTANCES_3,WORK_ZONE_RELATED_FLAG,CRASH_IN_WORK_ZONE,TYPE_OF_WORK_ZONE,WORKERS_PRESENT,LAW_ENFORCEMENT_PRESENT,INVESTIGATOR_RANK,INVESTIGATING_AGENCY_NAME,INVESTIGATING_AGENCY_TYPE,LOAD_DATE,CODEABLE,S4_CRASH_TYPE,S4_CRASH_TYPE_SIMPLIFIED,S4_CRASH_SEVERITY,S4_CRASH_SEVERITY_DETAIL,S4_DAY_OR_NIGHT,S4_IS_AGGRESSIVE_DRIVING,S4_IS_ALCOHOL_RELATED,S4_IS_CMV_INVOLVED,S4_IS_DISTRACTED,S4_IS_DRUG_RELATED,S4_IS_HIT_AND_RUN,S4_IS_INTERSECTION_RELATED,S4_IS_LANE_DEPARTURE_RELATED,S4_IS_SPEEDING_RELATED,S4_NONE_INJURY_COUNT,S4_INJURY_COUNT,S4_POSSIBLE_INJURY_COUNT,S4_NON_INCAPACITATING_INJURY_COUNT,S4_INCAPACITATING_INJURY_COUNT,S4_FATALITY_COUNT,S4_FATALITY_WITHIN_30_DAYS_COUNT,S4_NON_TRAFFIC_FATALITY_COUNT,S4_TRAILER_COUNT,S4_MOTORCYCLE_COUNT,S4_MOPED_COUNT,S4_NON_MOTORIST_COUNT,S4_BICYCLIST_COUNT,S4_PEDESTRIAN_COUNT,S4_DRIVER_COUNT,S4_AGING_DRIVER_COUNT,S4_TEENAGER_DRIVER_COUNT,S4_PASSENGER_COUNT,S4_UNRESTRAINED_COUNT,S4_UNRESTRAINED_INJURY_COUNT,S4_UNRESTRAINED_INCAPACITATING_INJURY_COUNT,S4_UNRESTRAINED_FATALITY_COUNT,S4_MOTORCYCLIST_COUNT,S4_MOTORCYCLIST_INCAPACITATING_INJURY_COUNT,S4_MOTORCYCLIST_FATALITY_COUNT,S4_IS_PEDESTRIAN_INVOLVED,S4_PEDESTRIAN_INCAPACITATING_INJURY_COUNT,S4_PEDESTRIAN_FATALITY_COUNT,S4_IS_BICYCLIST_INVOLVED,S4_BICYCLIST_INCAPACITATING_INJURY_COUNT,S4_BICYCLIST_FATALITY_COUNT,S4_CITATION_COUNT,S4_CITATION_AMOUNT,S4_PROPERTY_DAMAGE_COUNT,S4_PROPERTY_DAMAGE_AMOUNT,S4_VEHICLE_DAMAGE_COUNT,S4_VEHICLE_DAMAGE_AMOUNT,S4_TOTAL_DAMAGE_AMOUNT,S4_TRANSPORT_BY_EMS_COUNT,S4_TRANSPORT_BY_LAW_ENFORCEMENT_COUNT,S4_TRANSPORT_BY_OTHER_COUNT,S4_GEOLOCATION_STATUS,S4_PRELIMINARY_GEOLOCATION_STATUS,S4_X,S4_Y,S4_LATITUDE,S4_LONGITUDE
25049195,2023,2/9/2023 7:00,2/9/2023 7:59,FHP23ON0070036,L,1,3,48,0,Clay,Unincorporated,Rural,2/9/2023 7:00,2/9/2023 7:00,2/9/2023 7:00,2/9/2023 8:16,Y,Law Enforcement,CR-218,,30.07513,-81.93433,0,,MELANIE LANE,,County,Paved,T-Intersection,N,Dark - Not Lighted,Clear,Dry,N,Other,Pedestrian,On Roadway,N,Non-Junction,None,,,None,,,N,,,,,TPR,Florida Highway Patrol,Florida Highway Patrol (FHP),2/21/2023 15:59,Y,Pedestrian,Pedestrian,Serious Injury,Incapacitating Injury,DAY,N,N,N,N,N,N,N,N,N,2,1,0,0,1,0,0,0,0,0,0,1,0,1,1,1,0,1,0,0,0,0,0,0,0,Y,1,0,N,0,0,0,0,0,0,1,1500,1500,1,0,0,Preliminary,Editor Mapped,409953.3208,3327475.852,30.07510735,-81.93431596
25666156,2023,2/18/2023 3:58,2/18/2023 0:00,2023004260,L,1,1,48,0,Clay,Unincorporated,Rural,2/18/2023 4:01,2/18/2023 4:02,2/18/2023 4:11,2/18/2023 5:15,Y,Law Enforcement,MARSHALL LN,2556,29.983041,-81.776588,97,West,,,Parking Lot,Unpaved,Not at Intersection,N,Dark - Not Lighted,Clear,Dry,N,,Overturn/Rollover,Off Roadway,N,Non-Junction,None,,,None,,,N,,,,,D/S,Clay County Sheriff's Office,Sheriff's Office (SO),3/7/2023 15:29,Y,Rollover,Rollover,Serious Injury,Incapacitating Injury,NIGHT,N,N,N,N,N,N,N,Y,N,0,1,0,0,1,0,0,0,0,0,0,0,0,0,1,0,0,0,1,1,1,0,0,0,0,N,0,0,N,0,0,0,0,0,0,1,15000,15000,1,0,0,Preliminary,Editor Mapped,425079.0129,3317148.665,29.98293931,-81.77665959
25022808,2023,10/10/2023 23:32,3/10/2024 21:32,FHP23ON0534031,L,1,1,48,40,Clay,Green Cove Springs,Urban,10/10/2023 23:37,10/10/2023 23:41,10/11/2023 0:29,10/11/2023 3:32,Y,Law Enforcement,COUNTY ROAD 214,,29.85359546,-81.63758035,262293365,West,COUNTY ROAD 209 S,,County,Unpaved,Not at Intersection,Y,Dark - Not Lighted,Clear,Dry,N,Other,Overturn/Rollover,Shoulder,N,Non-Junction,None,,,None,,,N,,,,,TPR,Florida Highway Patrol,Florida Highway Patrol (FHP),10/29/2023 19:11,Y,Rollover,Rollover,Fatality,Fatal (within 30 days),NIGHT,N,Y,N,N,Y,N,N,Y,N,0,0,0,0,0,1,1,0,0,0,0,0,0,0,1,0,0,0,0,0,0,0,0,0,0,N,0,0,N,0,0,0,0,0,0,1,70000,70000,0,0,1,Verified,n/a,438412.5654,3302739.779,29.8536538,-81.63761776
89715213,2023,11/18/2023 13:10,4/25/2024 12:13,FHP23ON0607672,L,2,3,48,0,Clay,Unincorporated,Rural,11/18/2023 13:17,11/18/2023 13:28,11/18/2023 13:49,11/18/2023 17:48,Y,Law Enforcement,INDIGO AVE,,30.05537,-81.91627,208205766,,CATTAIL ST,,Local,Unpaved,Four-Way Intersection,Y,Daylight,Clear,Dry,N,Angle,Motor Vehicle in Transport,On Roadway,N,Intersection,None,,,None,,,N,,,,,TPR,Florida Highway Patrol,Florida Highway Patrol (FHP),11/28/2023 19:53,Y,Right Angle,Angle,Fatality,Fatal (within 30 days),DAY,N,N,N,N,Y,N,Y,N,N,2,0,0,0,0,1,1,0,1,1,0,0,0,0,2,0,0,1,0,0,0,0,1,0,1,N,0,0,N,0,0,0,0,0,0,2,13000,13000,0,0,1,Preliminary,Editor Mapped,411674.8602,3325277.096,30.05539292,-81.91627258
25665878,2023,1/20/2023 16:38,1/20/2023 0:00,2023001752,L,1,1,48,0,Clay,Unincorporated,Rural,1/20/2023 16:42,1/20/2023 16:43,1/20/2023 16:48,1/20/2023 17:15,Y,Law Enforcement,COUNTY ROAD 217,868,30.15854,-82.000232,364,North,,,County,Unpaved,Not at Intersection,N,Daylight,Clear,Dry,N,,Overturn/Rollover,Off Roadway,N,Non-Junction,None,,,None,,,N,,,,,PATROL,Clay County Sheriff's Office,Sheriff's Office (SO),1/22/2023 14:44,Y,Rollover,Rollover,Serious Injury,Incapacitating Injury,DAY,N,N,N,Y,N,N,N,Y,N,0,1,0,0,1,0,0,0,0,0,0,0,0,0,1,0,0,0,0,0,0,0,0,0,0,N,0,0,N,0,0,0,0,0,0,1,4000,4000,1,0,0,Preliminary,Editor Mapped,403680.5303,3336787.577,30.15864902,-82.00024013
25058612,2023,2/26/2023 18:05,2/26/2023 18:38,FHP23ON0103680,L,1,1,48,0,Clay,Unincorporated,Rural,2/26/2023 18:05,2/26/2023 18:08,2/26/2023 18:27,2/26/2023 19:05,Y,Law Enforcement,STATE ROAD 21,,29.86752683,-81.9382304,4518,West,GOLDEN OAK LANE,,State,Unpaved,Not at Intersection,N,Daylight,Clear,Dry,N,Other,Fence,Off Roadway,N,Non-Junction,None,,,None,,,N,,,,,TPR,Florida Highway Patrol,Florida Highway Patrol (FHP),3/8/2023 15:02,Y,Off Road,Off Road,Serious Injury,Incapacitating Injury,DAY,N,N,N,N,N,N,N,Y,N,0,1,0,0,1,0,0,0,0,0,0,0,0,0,1,0,0,0,0,0,0,0,0,0,0,N,0,0,N,0,0,1,0,2,2500,1,5000,7500,1,0,0,Preliminary,Editor Mapped,409527.7324,3304611.701,29.86876269,-81.9367936
25666911,2023,4/28/2023 17:28,4/28/2023 0:00,2023010759,L,4,5,48,0,Clay,Unincorporated,Rural,4/28/2023 17:32,4/28/2023 17:32,4/28/2023 17:32,4/28/2023 18:51,Y,Law Enforcement,HIGHWAY 17,,30.024938,-81.706636,406,North,CR-315,,U.S.,Unpaved,Not at Intersection,N,Daylight,Clear,Dry,N,"Sideswipe, Same Direction",Motor Vehicle in Transport,On Roadway,N,Non-Junction,None,,,None,,,N,,,,,PAT,Clay County Sheriff's Office,Sheriff's Office (SO),5/6/2023 15:22,Y,Same Direction Sideswipe,Sideswipe,Serious Injury,Incapacitating Injury,DAY,N,N,N,Y,N,N,N,Y,N,2,3,2,0,1,0,0,0,0,0,0,0,0,0,4,2,0,1,0,0,0,0,0,0,0,N,0,0,N,0,0,0,0,0,0,4,6000,6000,3,0,0,Preliminary,Editor Mapped,431863.0732,3321758.31,30.02493232,-81.70663283
25002545,2023,1/2/2023 0:00,1/2/2023 6:55,FHP23ON0001726,L,1,2,48,0,Clay,Unincorporated,Rural,1/2/2023 5:06,1/2/2023 5:13,1/2/2023 6:29,1/2/2023 7:37,Y,Law Enforcement,SR-100,,29.77942611,-82.02094298,920,West,MYRTLE AVE,,State,Unpaved,Not at Intersection,N,Dark - Not Lighted,"Fog, Smog, Smoke",Wet,N,Other,Pedestrian,On Roadway,N,Non-Junction,None,,,None,,,N,,,,,TPR,Florida Highway Patrol,Florida Highway Patrol (FHP),1/12/2023 14:54,Y,Pedestrian,Pedestrian,Serious Injury,Incapacitating Injury,NIGHT,N,N,N,N,N,Y,N,N,N,0,2,0,1,1,0,0,0,0,0,0,2,0,2,0,0,0,0,0,0,0,0,0,0,0,Y,1,0,N,0,0,0,0,0,0,1,1000,1000,2,0,0,Preliminary,Editor Mapped,401442.0052,3294687.316,29.77859013,-82.01959708
25062950,2023,2/16/2023 6:39,2/16/2023 7:28,FHP23ON0083314,L,3,4,2,38,Duval,Jacksonville,Urban,2/16/2023 6:44,2/16/2023 6:51,2/16/2023 7:06,2/16/2023 8:17,Y,Law Enforcement,I-295 S,,30.1966,-81.73956,1815,West,BLANDING BLVD,,Interstate,Paved,Not at Intersection,N,Dawn,Clear,Dry,N,Front to Rear,Motor Vehicle in Transport,On Roadway,N,Non-Junction,None,,,None,,,N,,,,,TPR,Florida Highway Patrol,Florida Highway Patrol (FHP),2/22/2023 17:05,Y,Rear End,Rear End,Serious Injury,Incapacitating Injury,NIGHT,N,N,N,N,N,N,N,N,N,2,2,0,1,1,0,0,0,0,0,0,0,0,0,3,0,0,1,0,0,0,0,0,0,0,N,0,0,N,0,0,1,0,0,0,3,14000,14000,2,0,0,Preliminary,Editor Mapped,429568.3683,3340463.76,30.19359518,-81.73167181
25049198,2023,2/18/2023 0:43,5/11/2023 15:13,FHP23ON0087343,L,1,1,48,42,Clay,Keystone Heights,Urban,2/18/2023 0:43,2/18/2023 1:02,2/18/2023 1:38,2/18/2023 5:02,Y,Law Enforcement,SW NIGHTINGALE ST,,29.78391,-82.03613,25,South,ORCHID AVE,,Local,Unpaved,Four-Way Intersection,Y,Dark - Lighted,Clear,Dry,N,Other,Utility Pole/Light Support,Off Roadway,N,Non-Junction,None,,,None,,,N,,,,,CPL,Florida Highway Patrol,Florida Highway Patrol (FHP),3/14/2023 15:10,Y,Off Road,Off Road,Fatality,Fatal (within 30 days),NIGHT,N,Y,N,N,Y,N,N,Y,N,0,0,0,0,0,1,1,0,0,0,0,0,0,0,1,0,0,0,0,0,0,0,0,0,0,N,0,0,N,0,0,0,0,0,0,1,6000,6000,0,0,1,Verified,n/a,399821.7151,3295278.755,29.78379664,-82.03641192
89660359,2023,8/4/2023 21:05,7/15/2024 14:47,FHP23ON0407391,L,1,3,48,0,Clay,Unincorporated,Rural,8/4/2023 21:10,8/4/2023 21:14,8/4/2023 21:50,8/4/2023 23:15,Y,Law Enforcement,SR-100,,29.75957,-82.00034,45107295,North,HILLCREST RD,,State,Paved,Not at Intersection,Y,Dark - Not Lighted,Clear,Dry,N,Other,Pedestrian,On Roadway,N,Non-Junction,None,,,None,,,N,,,,,TPR,Florida Highway Patrol,Florida Highway Patrol (FHP),8/15/2023 14:58,Y,Pedestrian,Pedestrian,Serious Injury,Incapacitating Injury,NIGHT,N,N,N,N,N,N,N,Y,N,2,1,0,0,1,0,0,0,0,0,0,1,0,1,1,0,0,1,0,0,0,0,0,0,0,Y,1,0,N,0,0,0,0,0,0,1,800,800,1,0,0,Verified,n/a,403325.1028,3292530.497,29.75927673,-81.99992532
25665848,2023,1/18/2023 13:47,1/18/2023 0:00,2023001551,L,1,1,48,0,Clay,Unincorporated,Rural,1/18/2023 13:52,1/18/2023 13:52,1/18/2023 13:59,1/18/2023 15:06,Y,Law Enforcement,HERITAGE OAKS CT,2115-2065,30.062013,-81.718815,545,West,,,Parking Lot,Paved,Not at Intersection,N,Daylight,Clear,Dry,N,,Other Non-Fixed Object,In Parking Lane or Zone,N,Non-Junction,None,,,None,,,N,,,,,DEPUTY,Clay County Sheriff's Office,Sheriff's Office (SO),1/20/2023 14:50,Y,Single Vehicle,Other,Serious Injury,Incapacitating Injury,DAY,N,Y,N,N,N,N,N,N,N,0,1,0,0,1,0,0,0,0,0,0,0,0,0,1,0,0,0,0,0,0,0,0,0,0,N,0,0,N,0,0,0,0,1,500,1,500,1000,1,0,0,Preliminary,Editor Mapped,430720.6735,3325875.413,30.06202024,-81.71874778
25005356,2023,1/10/2023 22:23,1/10/2023 22:53,FHP23ON0017402,L,1,1,48,44,Clay,Orange Park,Rural,1/10/2023 22:28,1/10/2023 22:30,1/10/2023 22:40,1/11/2023 1:54,Y,Law Enforcement,STATE ROAD 21,,30.16635,-81.74773,905,North,SPENCER ROAD,,State,Curb,Not at Intersection,N,Dark - Lighted,Clear,Dry,N,Other,Utility Pole/Light Support,Shoulder,N,Non-Junction,None,,,None,,,N,,,,,TPR,Florida Highway Patrol,Florida Highway Patrol (FHP),1/24/2023 14:51,Y,Off Road,Off Road,Serious Injury,Incapacitating Injury,NIGHT,N,N,N,N,N,N,N,Y,N,0,1,0,0,1,0,0,0,0,0,0,0,0,0,1,0,0,0,0,0,0,0,0,0,0,N,0,0,N,0,0,0,0,1,5000,1,7500,12500,1,0,0,Preliminary,Editor Mapped,428037.1576,3337721.713,30.16876236,-81.74739071
89654619,2023,7/10/2023 7:05,7/10/2023 7:20,FHP23ON0358517,L,2,1,48,0,Clay,Unincorporated,Rural,7/10/2023 7:09,7/10/2023 7:09,7/10/2023 7:09,7/10/2023 7:46,Y,Law Enforcement,STATE ROAD 21,,30.16248941,-81.74726032,45117848,North,MEADOWBROOK DRIVE,,State,Curb,Not at Intersection,N,Daylight,Cloudy,Dry,N,Other,Other Fixed Object,Off Roadway,N,Non-Junction,None,,,None,,,N,,,,,TPR,Florida Highway Patrol,Florida Highway Patrol (FHP),7/20/2023 14:53,Y,Off Road,Off Road,Serious Injury,Incapacitating Injury,DAY,N,N,N,N,N,N,N,Y,N,0,1,0,0,1,0,0,0,0,0,0,0,0,0,1,0,0,0,0,0,0,0,0,0,0,N,0,0,N,0,0,0,0,2,700,2,9000,9700,1,0,0,Verified,n/a,428038.9627,3337022.08,30.16244925,-81.74732434
89614777,2023,8/20/2023 15:32,5/22/2024 14:06,FHP23ON0437537,L,2,2,48,0,Clay,Unincorporated,Rural,8/20/2023 15:47,8/20/2023 15:57,8/20/2023 16:12,8/20/2023 19:20,Y,Law Enforcement,CR-220,,30.10174,-81.74057,45115941,,LAKESHORE DR W,,County,Curb,Four-Way Intersection,Y,Daylight,Clear,Dry,N,Angle,Motor Vehicle in Transport,On Roadway,Y,Non-Junction,None,,,None,,,N,,,,,CPL,Florida Highway Patrol,Florida Highway Patrol (FHP),9/22/2023 19:23,Y,Left Leaving,Left Turn,Fatality,Fatal (within 30 days),DAY,N,Y,N,N,Y,N,N,Y,N,1,0,0,0,0,1,1,0,0,0,0,0,0,0,2,0,0,0,1,0,0,1,0,0,0,N,0,0,N,0,0,1,0,1,2500,2,9500,12000,0,0,1,Verified,n/a,428648.6381,3330286.914,30.10170922,-81.74053941
89716829,2023,12/11/2023 20:35,4/4/2024 8:18,FHP23ON0650380,L,1,2,48,44,Clay,Orange Park,Urban,12/11/2023 20:38,12/11/2023 20:41,12/11/2023 20:51,12/12/2023 0:09,Y,Law Enforcement,US HIGHWAY 17,,30.17933107,-81.70164104,500,North,LORING AVENUE,,U.S.,Curb,Not at Intersection,Y,Dark - Lighted,Clear,Dry,N,Other,Pedestrian,On Roadway,N,Non-Junction,None,,,None,,,N,,,,,TPR,Florida Highway Patrol,Florida Highway Patrol (FHP),12/20/2023 19:44,Y,Pedestrian,Pedestrian,Fatality,Fatal (within 30 days),NIGHT,N,N,N,N,N,N,N,N,N,1,0,0,0,0,1,1,0,0,0,0,1,0,1,1,0,0,0,0,0,0,0,0,0,0,Y,0,1,N,0,0,0,0,0,0,1,5000,5000,0,0,1,Preliminary,Computer mapped confident by address,432434.4231,3339148.867,30.18189274,-81.70181587
25058601,2023,2/16/2023 20:55,3/22/2023 0:53,FHP23ON0084928,L,2,5,48,0,Clay,Unincorporated,Rural,2/16/2023 20:57,2/16/2023 20:59,2/16/2023 21:29,2/16/2023 22:57,Y,Law Enforcement,COUNTY ROAD 214,,29.77655277,-81.99133758,0,,ALAMEDA WAY,,County,Unpaved,T-Intersection,Y,Dark - Lighted,Clear,Dry,N,Angle,Motor Vehicle in Transport,On Roadway,Y,Intersection,None,,,None,,,N,,,,,TPR,Florida Highway Patrol,Florida Highway Patrol (FHP),3/2/2023 14:50,Y,Left Entering,Left Turn,Serious Injury,Incapacitating Injury,NIGHT,N,N,N,N,N,N,Y,N,N,0,5,4,0,1,0,0,0,1,1,0,0,0,0,2,0,0,3,0,0,0,0,1,1,0,N,0,0,N,0,0,1,0,0,0,2,11500,11500,1,0,0,Preliminary,Editor Mapped,404170.4533,3294435.067,29.77652854,-81.99135203
25666114,2023,2/13/2023 21:41,2/13/2023 0:00,2023003916,L,1,1,48,0,Clay,Unincorporated,Rural,2/13/2023 21:42,2/13/2023 21:43,2/13/2023 21:48,2/13/2023 22:46,Y,Law Enforcement,RUSSELL RD,2511,30.075547,-81.789495,397,West,,,County,Unpaved,Not at Intersection,N,Dark - Not Lighted,Clear,Dry,N,,Ditch,Off Roadway,N,Non-Junction,None,,,None,,,N,,,,,DEPUTY,Clay County Sheriff's Office,Sheriff's Office (SO),3/7/2023 15:29,Y,Off Road,Off Road,Serious Injury,Incapacitating Injury,NIGHT,N,N,N,N,N,N,N,Y,N,0,1,0,0,1,0,0,0,0,0,0,0,0,0,1,0,0,0,1,1,1,0,0,0,0,N,0,0,N,0,0,0,0,0,0,1,5000,5000,1,0,0,Preliminary,Editor Mapped,423912.8077,3327406.459,30.07543084,-81.78948121
89587590,2023,3/3/2023 17:51,3/3/2023 18:21,FHP23ON0113808,L,1,1,48,0,Clay,Unincorporated,Rural,3/3/2023 17:51,3/3/2023 17:52,3/3/2023 18:01,3/3/2023 19:14,Y,Law Enforcement,US-17,,30.03196,-81.70888,1064,South,RUSSEL RD,,U.S.,Paved,Not at Intersection,N,Dusk,Clear,Dry,N,Other,Fell/Jumped From Motor Vehicle,On Roadway,N,Non-Junction,None,,,None,,,N,,,,,TPR,Florida Highway Patrol,Florida Highway Patrol (FHP),3/12/2023 14:14,Y,Single Vehicle,Other,Serious Injury,Incapacitating Injury,DAY,N,N,N,N,N,N,N,N,N,0,1,0,0,1,0,0,0,0,1,0,0,0,0,1,1,0,0,0,0,0,0,1,1,0,N,0,0,N,0,0,0,0,0,0,1,1500,1500,1,0,0,Preliminary,Editor Mapped,431736.7973,3322168.921,30.02863058,-81.70796865
88528412,2023,11/27/2023 6:00,5/15/2024 8:17,FHP23ON0622864,L,6,8,48,0,Clay,Unincorporated,Rural,11/27/2023 6:16,11/27/2023 6:18,11/27/2023 6:21,11/27/2023 13:04,Y,Law Enforcement,FIRST COAST EXPY,,30.13053113,-81.8302669,1054427622,South,TRAIL RIDGE ROAD,,Turnpike/Toll,Paved,Not at Intersection,Y,Dark - Lighted,Cloudy,Wet,N,Other,Pedestrian,On Roadway,N,Non-Junction,None,,,None,,,N,,,,,TPR,Florida Highway Patrol,Florida Highway Patrol (FHP),12/7/2023 19:23,Y,Pedestrian,Pedestrian,Fatality,Fatal (within 30 days),NIGHT,N,N,Y,N,N,N,N,N,N,7,0,0,0,0,1,1,0,0,0,0,1,0,1,6,0,0,1,0,0,0,0,0,0,0,Y,0,1,N,0,0,0,0,0,0,3,1000,1000,0,0,1,Preliminary,Editor Mapped,420059.1104,3333525.529,30.13040017,-81.82992503
25667325,2023,6/12/2023 13:35,6/12/2023 0:00,2023014867,L,1,1,48,0,Clay,Unincorporated,Rural,6/12/2023 13:38,6/12/2023 13:39,6/12/2023 13:47,6/12/2023 17:22,Y,Law Enforcement,COUNTY ROAD 219,5936,29.74842,-81.996227,479,East,GUSTAFSON RD,,County,Paved,Not at Intersection,N,Daylight,Clear,Dry,N,,Overturn/Rollover,On Roadway,N,Non-Junction,None,,,None,,,N,,,,,PSA,Clay County Sheriff's Office,Sheriff's Office (SO),6/14/2023 15:06,Y,Rollover,Rollover,Serious Injury,Incapacitating Injury,DAY,Y,N,Y,N,N,N,N,Y,Y,0,1,0,0,1,0,0,0,0,0,0,0,0,0,1,0,0,0,0,0,0,0,0,0,0,N,0,0,N,0,0,0,0,0,0,1,50000,50000,1,0,0,Preliminary,Editor Mapped,403672.664,3291323.735,29.74841454,-81.99622319
25013667,2023,5/24/2023 17:04,5/24/2023 17:04,FHP23ON0271651,L,1,1,22,0,Putnam,Unincorporated,Rural,5/24/2023 17:19,5/24/2023 17:29,5/24/2023 17:57,5/24/2023 20:16,Y,Law Enforcement,1840 BELLAMY ROAD,,29.79836,-81.88989,147,East,RANCHETTE CIRCLE,,Local,Unpaved,T-Intersection,Y,Daylight,Cloudy,Dry,N,Other,Other Non-Collision,Off Roadway,N,Non-Junction,None,,,None,,,N,,,,,TPR,Florida Highway Patrol,Florida Highway Patrol (FHP),6/6/2023 14:55,Y,Single Vehicle,Other,Serious Injury,Incapacitating Injury,DAY,N,Y,N,Y,N,N,N,Y,N,0,1,0,0,1,0,0,0,0,0,0,0,0,0,1,0,0,0,0,0,0,0,0,0,0,N,0,0,N,0,0,4,0,0,0,1,5000,5000,1,0,0,Preliminary,Editor Mapped,414042.4374,3296778.597,29.79840222,-81.88942464
25079520,2023,2/4/2023 17:52,8/31/2023 9:54,FHP23ON0061901,L,1,1,48,0,Clay,Unincorporated,Rural,2/4/2023 17:57,2/4/2023 18:02,2/4/2023 18:16,2/5/2023 0:08,Y,Law Enforcement,DOCTORS LAKE DR,,30.15334404,-81.73046933,461,North,ADMIRALS WALK DR E,,County,Unpaved,Not at Intersection,Y,Daylight,Clear,Dry,N,Other,Tree (standing),Off Roadway,N,Non-Junction,None,,,None,,,N,,,,,CPL,Florida Highway Patrol,Florida Highway Patrol (FHP),2/16/2023 18:53,Y,Off Road,Off Road,Fatality,Fatal (within 30 days),DAY,N,Y,N,N,N,N,N,Y,N,0,0,0,0,0,1,1,0,0,0,0,0,0,0,1,0,0,0,0,0,0,0,0,0,0,N,0,0,N,0,0,0,0,0,0,1,15000,15000,1,0,0,Verified,n/a,429658.6012,3335997.139,30.15329524,-81.73043718
25058584,2023,1/25/2023 1:25,2/15/2023 14:17,FHP23ON0042306,L,1,1,48,0,Clay,Unincorporated,Rural,1/25/2023 1:29,1/25/2023 1:31,1/25/2023 2:00,1/25/2023 3:48,Y,Law Enforcement,GASLINE ROAD,,29.80691955,-82.01170525,,,STATE ROAD 21,,Local,Unpaved,Not at Intersection,Y,Dark - Not Lighted,Cloudy,Dry,N,Other,Overturn/Rollover,On Roadway,N,Intersection-Related,None,,,None,,,N,,,,,CPL,Florida Highway Patrol,Florida Highway Patrol (FHP),2/8/2023 14:24,Y,Rollover,Rollover,Fatality,Fatal (within 30 days),NIGHT,N,Y,N,N,N,N,Y,N,N,0,0,0,0,0,1,1,0,0,0,0,0,0,0,1,1,0,0,0,0,0,0,0,0,0,N,0,0,N,0,0,0,0,0,0,1,50,50,1,0,0,Verified,n/a,402249.6802,3297838.049,29.80708486,-82.01152856
25070160,2023,2/12/2023 0:10,2/12/2023 1:20,FHP23ON0075989,L,1,5,22,0,Putnam,Unincorporated,Rural,2/12/2023 0:15,2/12/2023 0:19,2/12/2023 1:03,2/12/2023 1:48,Y,Law Enforcement,BELLAMY RD,,29.79818,-81.89071,189,East,SPANISH TRL,,Local,Unpaved,Not at Intersection,N,Dark - Not Lighted,Cloudy,Wet,N,Other,Overturn/Rollover,Off Roadway,N,Non-Junction,None,,,None,,,N,,,,,TPR,Florida Highway Patrol,Florida Highway Patrol (FHP),2/21/2023 15:59,Y,Rollover,Rollover,Serious Injury,Incapacitating Injury,NIGHT,N,Y,N,N,N,N,N,Y,N,4,1,0,0,1,0,0,0,0,0,0,0,0,0,1,0,1,4,5,1,1,0,0,0,0,N,0,0,N,0,0,3,0,0,0,1,10000,10000,1,0,0,Preliminary,Editor Mapped,413559.7619,3296588.07,29.79664925,-81.8944032
25666450,2023,3/20/2023 18:50,3/20/2023 0:00,2023007105,L,1,2,48,0,Clay,Unincorporated,Rural,3/20/2023 18:50,3/20/2023 18:59,3/20/2023 19:04,3/20/2023 19:25,Y,Law Enforcement,WESTOVER RD,3779,30.131198,-81.697209,2900,South,US HIGHWAY 17,,Private Roadway,Unpaved,Not at Intersection,N,Dusk,Clear,Dry,N,,Fell/Jumped From Motor Vehicle,Off Roadway,N,Non-Junction,Other,None,,None,,,N,,,,,DEPUTY,Clay County Sheriff's Office,Sheriff's Office (SO),3/22/2023 14:31,Y,Single Vehicle,Other,Serious Injury,Incapacitating Injury,DAY,N,N,N,N,N,N,N,N,N,1,1,0,0,1,0,0,0,0,0,0,1,0,0,1,1,0,0,0,0,0,0,0,0,0,N,0,0,N,0,0,0,0,0,0,0,0,0,1,0,0,Preliminary,Editor Mapped,432842.8959,3333523.403,30.13115274,-81.69721605