REPORT_NUMBER,CRASH_YEAR,CRASH_DATE_AND_TIME,REPORT_DATE_AND_TIME,INVESTIGATING_AGENCY_REPORT_NUMBER,FORM_TYPE,TOTAL_NUMBER_OF_VEHICLES,TOTAL_NUMBER_OF_PERSONS,COUNTY_CODE,CITY_CODE,COUNTY_NAME,CITY_NAME,RURAL_OR_URBAN,NOTIFIED_TIME,DISPATCHED_TIME,ARRIVED_TIME,CLEARED_TIME,COMPLETED_FLAG,NOTIFIED_BY,ON_STREET_ROAD_HIGHWAY,STREET_ADDRESS_NUMBER,LATITUDE,LONGITUDE,FEET_FROM_INTERSECTION,DIRECTION_FROM_INTERSECTION,FROM_INTERSECTION_OF,MILEPOST_NUMBER,ROAD_SYSTEM_IDENTIFER,TYPE_OF_SHOULDER,TYPE_OF_INTERSECTION,PHOTOS_TAKEN,LIGHT_CONDITION,WEATHER_CONDITION,ROAD_SURFACE_CONDITION,SCHOOL_BUS_RELATED_CODE,TYPE_OF_IMPACT,FIRST_HARMFUL_EVENT,LOCATION,INTERCHANGE_FLAG,JUNCTION_FLAG,ROAD_CIRCUMSTANCES_1,ROAD_CIRCUMSTANCES_2,ROAD_CIRCUMSTANCES_3,ENVIRONMENT_CIRCUMSTANCES_1,ENVIRONMENT_CIRCUMSTANCES_2,ENVIRONMENT_CIRCUMSTANCES_3,WORK_ZONE_RELATED_FLAG,CRASH_IN_WORK_ZONE,TYPE_OF_WORK_ZONE,WORKERS_PRESENT,LAW_ENFORCEMENT_PRESENT,INVESTIGATOR_RANK,INVESTIGATING_AGENCY_NAME,INVESTIGATING_AGENCY_TYPE,LOAD_DATE,CODEABLE,S4_CRASH_TYPE,S4_CRASH_TYPE_SIMPLIFIED,S4_CRASH_SEVERITY,S4_CRASH_SEVERITY_DETAIL,S4_DAY_OR_NIGHT,S4_IS_AGGRESSIVE_DRIVING,S4_IS_ALCOHOL_RELATED,S4_IS_CMV_INVOLVED,S4_IS_DISTRACTED,S4_IS_DRUG_RELATED,S4_IS_HIT_AND_RUN,S4_IS_INTERSECTION_RELATED,S4_IS_LANE_DEPARTURE_RELATED,S4_IS_SPEEDING_RELATED,S4_NONE_INJURY_COUNT,S4_INJURY_COUNT,S4_POSSIBLE_INJURY_COUNT,S4_NON_INCAPACITATING_INJURY_COUNT,S4_INCAPACITATING_INJURY_COUNT,S4_FATALITY_COUNT,S4_FATALITY_WITHIN_30_DAYS_COUNT,S4_NON_TRAFFIC_FATALITY_COUNT,S4_TRAILER_COUNT,S4_MOTORCYCLE_COUNT,S4_MOPED_COUNT,S4_NON_MOTORIST_COUNT,S4_BICYCLIST_COUNT,S4_PEDESTRIAN_COUNT,S4_DRIVER_COUNT,S4_AGING_DRIVER_COUNT,S4_TEENAGER_DRIVER_COUNT,S4_PASSENGER_COUNT,S4_UNRESTRAINED_COUNT,S4_UNRESTRAINED_INJURY_COUNT,S4_UNRESTRAINED_INCAPACITATING_INJURY_COUNT,S4_UNRESTRAINED_FATALITY_COUNT,S4_MOTORCYCLIST_COUNT,S4_MOTORCYCLIST_INCAPACITATING_INJURY_COUNT,S4_MOTORCYCLIST_FATALITY_COUNT,S4_IS_PEDESTRIAN_INVOLVED,S4_PEDESTRIAN_INCAPACITATING_INJURY_COUNT,S4_PEDESTRIAN_FATALITY_COUNT,S4_IS_BICYCLIST_INVOLVED,S4_BICYCLIST_INCAPACITATING_INJURY_COUNT,S4_BICYCLIST_FATALITY_COUNT,S4_CITATION_COUNT,S4_CITATION_AMOUNT,S4_PROPERTY_DAMAGE_COUNT,S4_PROPERTY_DAMAGE_AMOUNT,S4_VEHICLE_DAMAGE_COUNT,S4_VEHICLE_DAMAGE_AMOUNT,S4_TOTAL_DAMAGE_AMOUNT,S4_TRANSPORT_BY_EMS_COUNT,S4_TRANSPORT_BY_LAW_ENFORCEMENT_COUNT,S4_TRANSPORT_BY_OTHER_COUNT,S4_GEOLOCATION_STATUS,S4_PRELIMINARY_GEOLOCATION_STATUS,S4_X,S4_Y,S4_LATITUDE,S4_LONGITUDE
89660429,2023,7/1/2023 16:37,7/1/2023 17:17,FHP23ON0343136,L,2,3,48,0,Clay,Unincorporated,Rural,7/1/2023 16:42,7/1/2023 16:42,7/1/2023 16:42,7/1/2023 18:13,Y,Law Enforcement,STATE ROAD 21,,30.14836,-81.75631,0,,FILMORE STREET,,State,Curb,Four-Way Intersection,Y,Daylight,Cloudy,Dry,N,Angle,Motor Vehicle in Transport,On Roadway,N,Intersection,None,,,None,,,N,,,,,TPR,Florida Highway Patrol,Florida Highway Patrol (FHP),7/12/2023 14:59,Y,Left Entering,Left Turn,Serious Injury,Incapacitating Injury,DAY,N,N,N,N,N,N,Y,N,N,0,3,0,0,3,0,0,0,0,0,0,0,0,0,2,1,1,1,0,0,0,0,0,0,0,N,0,0,N,0,0,1,0,0,0,2,60000,60000,3,0,0,Preliminary,Editor Mapped,427167.3844,3335467.106,30.14836592,-81.75626806
89683997,2023,11/5/2023 1:40,11/5/2023 2:24,FHP23ON0580964,L,2,4,48,0,Clay,Unincorporated,Rural,11/5/2023 1:45,11/5/2023 1:51,11/5/2023 2:14,11/5/2023 3:07,Y,Law Enforcement,STATE ROAD 21,,30.12379601,-81.79758595,45113517,,KNIGHT BOXX ROAD,,State,Paved,Four-Way Intersection,N,Dark - Lighted,Cloudy,Dry,N,Angle,Motor Vehicle in Transport,On Roadway,N,Intersection,None,,,None,,,N,,,,,TPR,Florida Highway Patrol,Florida Highway Patrol (FHP),11/7/2023 19:35,Y,Unknown,Unknown,Serious Injury,Incapacitating Injury,NIGHT,N,N,N,N,N,N,Y,N,N,3,1,0,0,1,0,0,0,0,1,0,0,0,0,2,0,1,2,0,0,0,0,1,1,0,N,0,0,N,0,0,3,0,0,0,2,10000,10000,1,0,0,Preliminary,Editor Mapped,423163.9842,3332748.993,30.12359282,-81.7976374
89600845,2023,7/30/2023 20:35,7/30/2023 21:55,FHP23ON0397668,L,1,1,22,0,Putnam,Unincorporated,Rural,7/30/2023 20:39,7/30/2023 21:10,7/30/2023 21:54,7/30/2023 22:37,Y,Law Enforcement,SUN GARDEN ROAD,,29.83876,-81.66178,5018,West,US HIGHWAY 17,,Local,Unpaved,Not at Intersection,N,Dark - Not Lighted,Rain,Wet,N,Other,Overturn/Rollover,On Roadway,N,Non-Junction,Other,,,Weather Conditions,Other,,N,,,,,TPR,Florida Highway Patrol,Florida Highway Patrol (FHP),8/3/2023 14:54,Y,Rollover,Rollover,Serious Injury,Incapacitating Injury,NIGHT,N,N,N,N,N,N,N,Y,N,0,1,0,0,1,0,0,0,0,0,0,0,0,0,1,0,1,0,0,0,0,0,0,0,0,N,0,0,N,0,0,0,0,0,0,1,8000,8000,1,0,0,Preliminary,Editor Mapped,433191.7984,3301055.43,29.8381819,-81.69156071
25667560,2023,7/6/2023 8:00,7/6/2023 0:00,2023017023,L,2,3,48,0,Clay,Unincorporated,Rural,7/6/2023 8:06,7/6/2023 8:08,7/6/2023 8:17,7/6/2023 10:20,Y,Law Enforcement,SR-16,,29.964612,-82.016445,52,South,SR-230,,State,Paved,Four-Way Intersection,N,Daylight,Clear,Dry,N,Angle,Motor Vehicle in Transport,On Roadway,Y,Intersection-Related,None,,,None,,,N,,,,,PSA,Clay County Sheriff's Office,Sheriff's Office (SO),7/7/2023 15:04,Y,Unknown,Unknown,Serious Injury,Incapacitating Injury,DAY,N,N,Y,N,N,N,Y,N,N,2,1,0,0,1,0,0,0,1,0,0,0,0,0,2,0,0,1,0,0,0,0,0,0,0,N,0,0,N,0,0,0,0,0,0,2,12500,12500,2,0,0,Preliminary,Editor Mapped,401936.9402,3315372.017,29.96527508,-82.01636812
89654611,2023,6/17/2023 2:40,8/8/2023 15:27,FHP23ON0315298,L,1,1,48,0,Clay,Unincorporated,Rural,6/17/2023 2:47,6/17/2023 2:50,6/17/2023 3:10,6/17/2023 4:22,Y,Law Enforcement,STATE ROAD 21,,30.16405654,-81.74766005,147,South,KINGSLEY AVENUE,,State,Curb,Not at Intersection,Y,Dark - Lighted,Cloudy,Dry,N,Other,Curb,Median,N,Non-Junction,None,,,None,,,N,,,,,CPL,Florida Highway Patrol,Florida Highway Patrol (FHP),6/27/2023 15:32,Y,Off Road,Off Road,Fatality,Fatal (within 30 days),NIGHT,N,N,N,N,N,N,N,Y,N,0,0,0,0,0,1,1,0,0,1,0,0,0,0,1,0,0,0,0,0,0,0,1,0,1,N,0,0,N,0,0,0,0,0,0,1,5000,5000,1,0,0,Verified,n/a,428017.4847,3337202.673,30.16407758,-81.74755967
25075107,2023,2/21/2023 5:45,6/3/2024 12:44,FHP23ON0092580,L,2,2,48,0,Clay,Unincorporated,Urban,2/21/2023 5:50,2/21/2023 6:06,2/21/2023 6:15,2/21/2023 9:30,Y,Law Enforcement,SR-21,,30.18861778,-81.73947144,569,North,WELLS RD,,State,Curb,Not at Intersection,Y,Dark - Lighted,Clear,Dry,N,Front to Rear,Motor Vehicle in Transport,On Roadway,N,Non-Junction,None,,,None,,,N,,,,,CPL,Florida Highway Patrol,Florida Highway Patrol (FHP),2/27/2023 14:14,Y,Rear End,Rear End,Fatality,Fatal (within 30 days),NIGHT,N,Y,N,N,N,N,N,N,N,1,0,0,0,0,1,1,0,0,1,0,0,0,0,2,0,0,0,0,0,0,0,1,0,1,N,0,0,N,0,0,7,0,0,0,2,5500,5500,1,0,0,Preliminary,Editor Mapped,428815.3295,3339912.158,30.18857387,-81.73945694
89663426,2023,8/24/2023 14:46,8/24/2023 15:30,FHP23ON0444753,L,2,2,48,40,Clay,Green Cove Springs,Rural,8/24/2023 14:51,8/24/2023 14:53,8/24/2023 15:10,8/24/2023 16:24,Y,Law Enforcement,STATE ROAD 16,,29.98365,-81.73118,0,,COUNTY ROAD 315,,State,Paved,T-Intersection,N,Daylight,Clear,Dry,N,Angle,Motor Vehicle in Transport,On Roadway,Y,Intersection,None,,,None,,,N,,,,,TPR,Florida Highway Patrol,Florida Highway Patrol (FHP),9/4/2023 16:28,Y,Left Entering,Left Turn,Serious Injury,Incapacitating Injury,DAY,N,N,N,N,N,N,Y,N,N,0,2,1,0,1,0,0,0,0,1,0,0,0,0,2,0,0,0,0,0,0,0,1,1,0,N,0,0,N,0,0,1,0,0,0,2,13000,13000,2,0,0,Preliminary,Editor Mapped,429467.1653,3317197.932,29.98364429,-81.73117678
89612013,2023,6/14/2023 12:17,7/17/2023 7:54,FHP23ON0309793,L,3,3,48,0,Clay,Unincorporated,Rural,6/14/2023 12:22,6/14/2023 12:33,6/14/2023 12:48,6/14/2023 15:59,Y,Law Enforcement,STATE ROAD 21,,30.07383,-81.86424,170,South,PALMETTO ST,,State,Paved,Not at Intersection,Y,Daylight,Clear,Dry,N,"Sideswipe, Same Direction",Motor Vehicle in Transport,On Roadway,N,Non-Junction,None,,,None,,,N,,,,,TPR,Florida Highway Patrol,Florida Highway Patrol (FHP),7/1/2023 15:43,Y,Same Direction Sideswipe,Sideswipe,Fatality,Fatal (within 30 days),DAY,N,N,Y,N,N,N,N,Y,N,2,0,0,0,0,1,1,0,2,0,0,0,0,0,3,1,0,0,0,0,0,0,0,0,0,N,0,0,N,0,0,0,0,0,0,3,15000,15000,0,0,1,Verified,n/a,416687.055,3327231.802,30.07338318,-81.86443514
89713088,2023,9/24/2023 22:30,9/24/2023 23:29,FHP23ON0503985,L,1,4,48,48,Clay,Middleburg,Rural,9/24/2023 22:58,9/24/2023 23:04,9/24/2023 23:15,9/25/2023 0:05,Y,Law Enforcement,1537 BLANDING BLVD,,30.11528,-81.81141,,,HENLEY RD,,Parking Lot,Curb,Not at Intersection,N,Dark - Lighted,Clear,Dry,N,Other,Overturn/Rollover,On Roadway,N,Non-Junction,None,,,None,,,N,,,,,TPR,Florida Highway Patrol,Florida Highway Patrol (FHP),10/4/2023 19:52,Y,Rollover,Rollover,Serious Injury,Incapacitating Injury,NIGHT,N,Y,N,N,N,N,N,Y,N,3,1,0,0,1,0,0,0,0,0,0,0,0,0,1,0,0,3,0,0,0,0,0,0,0,N,0,0,N,0,0,2,0,0,0,1,500,500,1,0,0,Preliminary,Editor Mapped,421892.9883,3331822.368,30.11515059,-81.81076225
89654645,2023,9/14/2023 16:05,6/5/2024 10:25,FHP23ON0484145,L,3,6,48,0,Clay,Unincorporated,Rural,9/14/2023 16:09,9/14/2023 16:17,9/14/2023 16:30,9/14/2023 16:59,Y,Law Enforcement,STATE ROAD 21,,30.05996609,-81.87790197,0,,HALPERNS WAY,,State,Curb,T-Intersection,N,Daylight,Cloudy,Dry,N,Angle,Motor Vehicle in Transport,On Roadway,Y,Intersection,None,,,None,,,N,,,,,TPR,Florida Highway Patrol,Florida Highway Patrol (FHP),9/24/2023 19:13,Y,Left Entering,Left Turn,Fatality,Fatal (within 30 days),DAY,N,N,N,N,N,N,Y,N,N,0,5,5,0,0,1,1,0,0,0,0,0,0,0,3,0,0,3,0,0,0,0,0,0,0,N,0,0,N,0,0,1,0,0,0,3,30000,30000,1,0,0,Preliminary,Computer plot approximate by lat/long,415377.9913,3325754.237,30.05996043,-81.87789866
25668198,2023,9/2/2023 11:47,9/2/2023 0:00,2023022896,L,2,2,48,40,Clay,Green Cove Springs,Urban,9/2/2023 11:47,9/2/2023 11:47,9/2/2023 11:52,9/2/2023 13:30,Y,Law Enforcement,HIGHWAY 17 S,,29.920881,-81.682803,0,,CR-226,,Local,Unpaved,Not at Intersection,Y,Daylight,Clear,Dry,N,"Sideswipe, Same Direction",Motor Vehicle in Transport,On Roadway,N,Non-Junction,None,,,Other,,,N,,,,,DEPUTY,Clay County Sheriff's Office,Sheriff's Office (SO),9/7/2023 16:43,Y,Same Direction Sideswipe,Sideswipe,Serious Injury,Incapacitating Injury,DAY,N,N,N,N,N,N,N,Y,N,0,2,0,1,1,0,0,0,0,2,0,0,0,0,2,0,0,0,0,0,0,0,2,1,0,N,0,0,N,0,0,0,0,0,0,2,20000,20000,2,0,0,Preliminary,Editor Mapped,434107.1593,3310180.277,29.92057501,-81.68264661
25668380,2023,9/21/2023 13:05,9/21/2023 0:00,2023024529,L,2,3,48,0,Clay,Unincorporated,Rural,9/21/2023 13:17,9/21/2023 13:26,9/21/2023 13:34,9/21/2023 16:00,Y,Law Enforcement,SR-21,,29.913271,-81.897288,0,,SHARRON RD,,State,Unpaved,Four-Way Intersection,N,Daylight,Rain,Wet,N,Angle,Motor Vehicle in Transport,On Roadway,Y,Intersection,None,,,None,,,N,,,,,DEPUTY,Clay County Sheriff's Office,Sheriff's Office (SO),9/26/2023 19:36,Y,Left Rear,Left Turn,Serious Injury,Incapacitating Injury,DAY,N,N,N,N,N,N,Y,N,N,0,3,0,1,2,0,0,0,0,0,0,0,0,0,2,0,0,1,0,0,0,0,0,0,0,N,0,0,N,0,0,2,0,0,0,2,30000,30000,3,0,0,Preliminary,Editor Mapped,413382.0119,3309512.763,29.91326535,-81.89728476
25075130,2023,5/2/2023 13:15,4/25/2024 11:19,FHP23ON0229310,L,3,5,48,0,Clay,Unincorporated,Rural,5/2/2023 13:20,5/2/2023 13:23,5/2/2023 13:30,5/2/2023 14:10,Y,Law Enforcement,SR-21,,30.17207,-81.74646,0,,BLAIRMORE BLVD,,State,Curb,Four-Way Intersection,N,Daylight,Clear,Dry,N,Angle,Motor Vehicle in Transport,On Roadway,N,Intersection,None,,,None,,,N,,,,,TPR,Florida Highway Patrol,Florida Highway Patrol (FHP),5/12/2023 15:27,Y,Left Entering,Left Turn,Fatality,Fatal (within 30 days),DAY,N,N,N,N,N,N,Y,N,N,0,4,2,2,0,1,1,0,0,0,0,0,0,0,3,0,1,2,0,0,0,0,0,0,0,N,0,0,N,0,0,3,0,0,0,3,19000,19000,3,0,0,Preliminary,Computer mapped approximate by address,428125.556,3338075.968,30.17196425,-81.74649678
89631996,2023,7/1/2023 23:07,9/18/2023 15:42,FHP23ON0343713,L,1,3,48,0,Clay,Unincorporated,Rural,7/1/2023 23:12,7/1/2023 23:15,7/2/2023 0:00,7/2/2023 3:30,Y,Law Enforcement,US-17,,29.86792,-81.66356,171,North,WARNER RD,,U.S.,Paved,Not at Intersection,Y,Dark - Not Lighted,Clear,Dry,N,Other,Pedestrian,On Roadway,N,Non-Junction,None,,,None,,,N,,,,,TPR,Florida Highway Patrol,Florida Highway Patrol (FHP),7/12/2023 14:59,Y,Pedestrian,Pedestrian,Fatality,Fatal (within 30 days),NIGHT,N,N,N,N,Y,N,N,N,N,2,0,0,0,0,1,1,0,0,0,0,1,0,1,1,0,0,1,0,0,0,0,0,0,0,Y,0,1,N,0,0,0,0,0,0,1,800,800,0,0,1,Verified,n/a,435898.3492,3304385.507,29.86837691,-81.66374441
89684480,2023,9/26/2023 13:37,12/15/2023 9:09,FHP23ON0506810,L,2,2,48,0,Clay,Unincorporated,Urban,9/26/2023 13:42,9/26/2023 14:04,9/26/2023 14:17,9/26/2023 17:30,Y,Law Enforcement,STATE ROAD 21,,30.15017,-81.75325,45117644,,BOLTON RD,,State,Curb,Four-Way Intersection,Y,Daylight,Cloudy,Dry,N,Angle,Motor Vehicle in Transport,On Roadway,N,Intersection,None,,,None,,,N,,,,,TPR,Florida Highway Patrol,Florida Highway Patrol (FHP),10/3/2023 19:36,Y,Left Entering,Left Turn,Fatality,Fatal (within 30 days),DAY,N,N,N,N,Y,N,Y,N,N,0,1,0,1,0,1,1,0,0,0,0,0,0,0,2,0,1,0,1,0,0,1,0,0,0,N,0,0,N,0,0,0,0,0,0,2,9000,9000,2,0,0,Verified,n/a,427455.4997,3335665.204,30.15017068,-81.75329017
89715242,2023,12/26/2023 18:40,7/9/2024 16:22,FHP23ON0678154,L,3,8,48,0,Clay,Unincorporated,Rural,12/26/2023 18:42,12/26/2023 18:46,12/26/2023 18:58,12/27/2023 0:25,Y,Law Enforcement,US-301,,30.11358781,-82.04840119,152,North,RICHARD MOSLEY RD,,U.S.,Unpaved,Not at Intersection,Y,Dark - Not Lighted,Clear,Dry,N,Other,Pedestrian,On Roadway,N,Non-Junction,None,,,None,,,N,,,,,TPR,Florida Highway Patrol,Florida Highway Patrol (FHP),1/9/2024 19:55,Y,Pedestrian,Pedestrian,Fatality,Fatal (within 30 days),DAY,N,N,Y,N,N,N,N,N,N,7,0,0,0,0,1,1,0,1,0,0,1,0,1,3,0,0,4,0,0,0,0,0,0,0,Y,0,1,N,0,0,0,0,0,0,3,1650,1650,0,0,1,Preliminary,Computer mapped confident by address,399004.2465,3331853.926,30.11375406,-82.04832424
89751431,2023,12/13/2023 19:13,7/9/2024 12:48,FHP23ON0653897,L,2,3,48,0,Clay,Unincorporated,Rural,12/13/2023 19:18,12/13/2023 19:29,12/13/2023 19:39,12/14/2023 0:16,Y,Law Enforcement,PEPPERGRASS STREET,,30.06098,-81.92264,208205672,,COSMOS AVENUE,,Local,Unpaved,Four-Way Intersection,Y,Dark - Not Lighted,Cloudy,Dry,N,Angle,Motor Vehicle in Transport,On Roadway,N,Intersection,None,,,None,,,N,,,,,TPR,Florida Highway Patrol,Florida Highway Patrol (FHP),12/22/2023 19:47,Y,Right Angle,Angle,Fatality,Fatal (within 30 days),NIGHT,N,N,N,N,N,N,Y,N,N,0,2,0,0,2,1,1,0,0,1,0,0,0,0,2,0,0,1,1,1,1,0,2,1,1,N,0,0,N,0,0,0,0,0,0,2,27000,27000,2,0,0,Preliminary,Editor Mapped,411067.5205,3325905.31,30.06101747,-81.92262492
25666521,2023,3/27/2023 17:50,3/27/2023 0:00,2023007880,L,1,1,48,0,Clay,Unincorporated,Urban,3/27/2023 17:51,3/27/2023 17:52,3/27/2023 18:04,3/27/2023 19:34,Y,Law Enforcement,SE LAKEVIEW DR,511,29.778472,-82.024759,,,,,Parking Lot,Unpaved,Not at Intersection,N,Daylight,Clear,Dry,N,,Other Non-Collision,Off Roadway,N,Non-Junction,"Rut, Holes, Bumps",None,,None,,,N,,,,,DEPUTY,Clay County Sheriff's Office,Sheriff's Office (SO),9/20/2023 19:54,Y,Single Vehicle,Other,Serious Injury,Incapacitating Injury,DAY,N,N,N,N,N,N,N,N,N,0,1,0,0,1,0,0,0,0,0,0,0,0,0,1,0,1,0,0,0,0,0,0,0,0,N,0,0,N,0,0,0,0,0,0,0,0,0,1,0,0,Preliminary,Editor Mapped,400943.2267,3294677.974,29.77846594,-82.02475547
89714082,2023,10/28/2023 5:44,10/28/2023 6:29,FHP23ON0566222,L,1,1,48,0,Clay,Unincorporated,Rural,10/28/2023 5:44,10/28/2023 5:59,10/28/2023 6:08,10/30/2023 7:11,Y,Law Enforcement,BLACK CREEK RD,,30.0479,-81.8696,731,East,LAZY H RANCH RD,,County,Unpaved,Not at Intersection,N,Dark - Not Lighted,"Fog, Smog, Smoke",Dry,N,Other,Fence,Off Roadway,N,Non-Junction,None,,,Weather Conditions,,,N,,,,,TPR,Florida Highway Patrol,Florida Highway Patrol (FHP),11/4/2023 19:17,Y,Off Road,Off Road,Serious Injury,Incapacitating Injury,NIGHT,N,N,N,N,N,N,N,Y,N,0,1,0,0,1,0,0,0,0,1,0,0,0,0,1,0,0,0,0,0,0,0,1,1,0,N,0,0,N,0,0,0,0,0,0,1,4500,4500,1,0,0,Preliminary,Editor Mapped,416199.1575,3323813.663,30.04250627,-81.86922747
89709441,2023,12/18/2023 18:00,5/3/2024 8:22,FHP23ON0663844,L,3,3,48,0,Clay,Unincorporated,Rural,12/18/2023 18:06,12/18/2023 18:21,12/18/2023 19:00,12/18/2023 22:35,Y,Law Enforcement,STATE ROAD 16,,29.97627948,-81.63401501,208232790,West,SUSAN DR,,State,Paved,Not at Intersection,Y,Dusk,Clear,Dry,N,Front to Front,Motor Vehicle in Transport,On Roadway,N,Non-Junction,None,,,None,,,N,,,,,TPR,Florida Highway Patrol,Florida Highway Patrol (FHP),1/12/2024 19:34,Y,Head On,Head On,Fatality,Fatal (within 30 days),DAY,N,Y,N,N,N,N,N,Y,N,1,1,0,1,0,1,1,0,0,0,0,0,0,0,3,1,0,0,0,0,0,0,0,0,0,N,0,0,N,0,0,0,0,0,0,3,14000,14000,1,0,1,Preliminary,Editor Mapped,438823.5755,3316329.96,29.97631443,-81.63413938
25668928,2023,11/9/2023 21:48,11/9/2023 0:00,2023028917,L,1,1,48,0,Clay,Unincorporated,Rural,11/9/2023 21:49,11/9/2023 21:50,11/9/2023 22:06,11/9/2023 22:50,Y,Law Enforcement,NEW STAR RD,6138,29.867934,-81.667891,208229504,West,,,Parking Lot,Paved,Not at Intersection,N,Dark - Not Lighted,Clear,Dry,N,,Tree (standing),Off Roadway,N,Non-Junction,None,,,None,,,N,,,,,DEPUTY,Clay County Sheriff's Office,Sheriff's Office (SO),11/11/2023 19:15,Y,Off Road,Off Road,Serious Injury,Incapacitating Injury,NIGHT,Y,N,N,N,N,N,N,Y,Y,0,1,0,0,1,0,0,0,0,1,0,0,0,0,1,0,0,0,0,0,0,0,1,1,0,N,0,0,N,0,0,1,0,0,0,1,500,500,1,0,0,Preliminary,Editor Mapped,435499.0733,3304337.915,29.86792659,-81.66787564
25668964,2023,11/9/2023 18:55,11/9/2023 0:00,2023028905,L,2,2,48,0,Clay,Unincorporated,Rural,11/9/2023 19:01,11/9/2023 19:02,11/9/2023 19:06,11/9/2023 20:15,Y,Law Enforcement,WELLS RD,,30.186166,-81.739227,334106932,East,,,Local,Curb,Not at Intersection,N,Dark - Not Lighted,Clear,Dry,N,Front to Rear,Motor Vehicle in Transport,On Roadway,N,Non-Junction,None,,,None,,,N,,,,,PATROL,Clay County Sheriff's Office,Sheriff's Office (SO),11/14/2023 19:54,Y,Same Direction Sideswipe,Sideswipe,Serious Injury,Incapacitating Injury,DAY,N,N,N,N,N,N,N,Y,N,1,1,0,0,1,0,0,0,0,1,0,0,0,0,2,0,0,0,0,0,0,0,1,1,0,N,0,0,N,0,0,0,0,0,0,2,5000,5000,1,0,0,Preliminary,Editor Mapped,429071.2753,3339735.57,30.18699537,-81.73678653
89622250,2023,10/20/2023 17:52,1/15/2024 4:43,FHP23ON0552447,L,2,2,48,44,Clay,Orange Park,Rural,10/20/2023 17:57,10/20/2023 17:59,10/20/2023 18:14,10/20/2023 21:27,Y,Law Enforcement,US HIGHWAY 17,,30.14484628,-81.70096516,45121539,,SCENIC POINT LANE,,U.S.,Paved,T-Intersection,Y,Daylight,Clear,Dry,N,Angle,Motor Vehicle in Transport,On Roadway,N,Intersection,None,,,None,,,N,,,,,TPR,Florida Highway Patrol,Florida Highway Patrol (FHP),10/31/2023 19:38,Y,Right Angle,Angle,Fatality,Fatal (within 30 days),DAY,N,N,N,N,N,N,Y,N,N,0,1,0,0,1,1,1,0,0,1,0,0,0,0,2,0,0,0,0,0,0,0,1,0,1,N,0,0,N,0,0,0,0,0,0,2,107000,107000,1,0,0,Verified,n/a,432490.6923,3335044.735,30.14486138,-81.70096937
26281170,2023,12/13/2023 21:03,3/14/2024 8:23,FHP23ON0654025,L,1,2,48,0,Clay,Unincorporated,Urban,12/13/2023 21:08,12/13/2023 21:29,12/13/2023 21:44,12/14/2023 0:05,Y,Law Enforcement,STATE ROAD 21,,30.18887671,-81.73922206,305119838,South,WELLS ROAD,,State,Paved,Not at Intersection,Y,Dark - Lighted,Clear,Dry,N,Other,Pedestrian,On Roadway,Y,Non-Junction,None,,,None,,,N,,,,,TPR,Florida Highway Patrol,Florida Highway Patrol (FHP),12/29/2023 19:23,Y,Pedestrian,Pedestrian,Fatality,Fatal (within 30 days),NIGHT,N,N,N,N,Y,N,N,N,N,1,0,0,0,0,1,1,0,0,0,0,1,0,1,1,0,0,0,0,0,0,0,0,0,0,Y,0,1,N,0,0,0,0,0,0,1,2000,2000,1,0,0,Preliminary,Editor Mapped,428838.3008,3340036.398,30.18969631,-81.73922671
89684559,2023,11/3/2023 7:24,11/3/2023 7:43,FHP23ON0577312,L,2,3,48,0,Clay,Unincorporated,Urban,11/3/2023 7:27,11/3/2023 7:31,11/3/2023 7:34,11/3/2023 8:35,Y,Law Enforcement,SR 21,,30.11436,-81.8133,208209385,West,OLD JENNINGS RD,,State,Curb,T-Intersection,N,Dawn,Cloudy,Dry,N,Angle,Motor Vehicle in Transport,On Roadway,N,Driveway/Alley Access Related,None,,,None,,,N,,,,,LT,Florida Highway Patrol,Florida Highway Patrol (FHP),11/14/2023 19:53,Y,Left Entering,Left Turn,Serious Injury,Incapacitating Injury,DAY,N,N,N,N,N,N,N,Y,N,0,3,1,1,1,0,0,0,0,1,0,0,0,0,2,0,0,1,0,0,0,0,1,1,0,N,0,0,N,0,0,1,0,0,0,2,20000,20000,1,0,0,Preliminary,Editor Mapped,421360.3645,3331533.988,30.11251413,-81.8162691
25668999,2023,11/16/2023 23:49,11/10/2023 0:00,2023029024,L,2,3,48,0,Clay,Unincorporated,Rural,11/16/2023 23:50,11/16/2023 23:51,11/16/2023 23:58,11/16/2023 1:11,Y,Law Enforcement,HIGHWAY 17,,30.013509,-81.700622,262732876,South,ORION RD,,U.S.,Paved,Not at Intersection,N,Dark - Not Lighted,Cloudy,Dry,N,Front to Front,Motor Vehicle in Transport,On Roadway,N,Non-Junction,None,,,None,,,N,,,,,DEPUTY,Clay County Sheriff's Office,Sheriff's Office (SO),11/17/2023 19:26,Y,Head On,Head On,Serious Injury,Incapacitating Injury,NIGHT,N,Y,N,N,N,N,N,Y,N,0,3,0,1,2,0,0,0,0,0,0,0,0,0,2,0,0,1,0,0,0,0,0,0,0,N,0,0,N,0,0,1,0,0,0,2,65000,65000,2,1,0,Preliminary,Editor Mapped,432435.263,3320488.284,30.01350345,-81.70061857