REPORT_NUMBER,CRASH_YEAR,CRASH_DATE_AND_TIME,REPORT_DATE_AND_TIME,INVESTIGATING_AGENCY_REPORT_NUMBER,FORM_TYPE,TOTAL_NUMBER_OF_VEHICLES,TOTAL_NUMBER_OF_PERSONS,COUNTY_CODE,CITY_CODE,COUNTY_NAME,CITY_NAME,RURAL_OR_URBAN,NOTIFIED_TIME,DISPATCHED_TIME,ARRIVED_TIME,CLEARED_TIME,COMPLETED_FLAG,NOTIFIED_BY,ON_STREET_ROAD_HIGHWAY,STREET_ADDRESS_NUMBER,LATITUDE,LONGITUDE,FEET_FROM_INTERSECTION,DIRECTION_FROM_INTERSECTION,FROM_INTERSECTION_OF,MILEPOST_NUMBER,ROAD_SYSTEM_IDENTIFER,TYPE_OF_SHOULDER,TYPE_OF_INTERSECTION,PHOTOS_TAKEN,LIGHT_CONDITION,WEATHER_CONDITION,ROAD_SURFACE_CONDITION,SCHOOL_BUS_RELATED_CODE,TYPE_OF_IMPACT,FIRST_HARMFUL_EVENT,LOCATION,INTERCHANGE_FLAG,JUNCTION_FLAG,ROAD_CIRCUMSTANCES_1,ROAD_CIRCUMSTANCES_2,ROAD_CIRCUMSTANCES_3,ENVIRONMENT_CIRCUMSTANCES_1,ENVIRONMENT_CIRCUMSTANCES_2,ENVIRONMENT_CIRCUMSTANCES_3,WORK_ZONE_RELATED_FLAG,CRASH_IN_WORK_ZONE,TYPE_OF_WORK_ZONE,WORKERS_PRESENT,LAW_ENFORCEMENT_PRESENT,INVESTIGATOR_RANK,INVESTIGATING_AGENCY_NAME,INVESTIGATING_AGENCY_TYPE,LOAD_DATE,CODEABLE,S4_CRASH_TYPE,S4_CRASH_TYPE_SIMPLIFIED,S4_CRASH_SEVERITY,S4_CRASH_SEVERITY_DETAIL,S4_DAY_OR_NIGHT,S4_IS_AGGRESSIVE_DRIVING,S4_IS_ALCOHOL_RELATED,S4_IS_CMV_INVOLVED,S4_IS_DISTRACTED,S4_IS_DRUG_RELATED,S4_IS_HIT_AND_RUN,S4_IS_INTERSECTION_RELATED,S4_IS_LANE_DEPARTURE_RELATED,S4_IS_SPEEDING_RELATED,S4_NONE_INJURY_COUNT,S4_INJURY_COUNT,S4_POSSIBLE_INJURY_COUNT,S4_NON_INCAPACITATING_INJURY_COUNT,S4_INCAPACITATING_INJURY_COUNT,S4_FATALITY_COUNT,S4_FATALITY_WITHIN_30_DAYS_COUNT,S4_NON_TRAFFIC_FATALITY_COUNT,S4_TRAILER_COUNT,S4_MOTORCYCLE_COUNT,S4_MOPED_COUNT,S4_NON_MOTORIST_COUNT,S4_BICYCLIST_COUNT,S4_PEDESTRIAN_COUNT,S4_DRIVER_COUNT,S4_AGING_DRIVER_COUNT,S4_TEENAGER_DRIVER_COUNT,S4_PASSENGER_COUNT,S4_UNRESTRAINED_COUNT,S4_UNRESTRAINED_INJURY_COUNT,S4_UNRESTRAINED_INCAPACITATING_INJURY_COUNT,S4_UNRESTRAINED_FATALITY_COUNT,S4_MOTORCYCLIST_COUNT,S4_MOTORCYCLIST_INCAPACITATING_INJURY_COUNT,S4_MOTORCYCLIST_FATALITY_COUNT,S4_IS_PEDESTRIAN_INVOLVED,S4_PEDESTRIAN_INCAPACITATING_INJURY_COUNT,S4_PEDESTRIAN_FATALITY_COUNT,S4_IS_BICYCLIST_INVOLVED,S4_BICYCLIST_INCAPACITATING_INJURY_COUNT,S4_BICYCLIST_FATALITY_COUNT,S4_CITATION_COUNT,S4_CITATION_AMOUNT,S4_PROPERTY_DAMAGE_COUNT,S4_PROPERTY_DAMAGE_AMOUNT,S4_VEHICLE_DAMAGE_COUNT,S4_VEHICLE_DAMAGE_AMOUNT,S4_TOTAL_DAMAGE_AMOUNT,S4_TRANSPORT_BY_EMS_COUNT,S4_TRANSPORT_BY_LAW_ENFORCEMENT_COUNT,S4_TRANSPORT_BY_OTHER_COUNT,S4_GEOLOCATION_STATUS,S4_PRELIMINARY_GEOLOCATION_STATUS,S4_X,S4_Y,S4_LATITUDE,S4_LONGITUDE
88565117,2023,4/2/2023 6:12,4/2/2023 6:55,FHP23ON0170826,L,2,3,20,0,St. Johns,Unincorporated,Rural,4/2/2023 6:17,4/2/2023 6:20,4/2/2023 6:35,4/2/2023 8:12,Y,Law Enforcement,U.S. HIGHWAY ONE (STATE ROAD 5),,29.99945,-81.38044,119223514,North,WHITE CASTLE ROAD,,U.S.,Unpaved,Not at Intersection,N,Dawn,Clear,Dry,N,Other,Parked Motor Vehicle,On Roadway,N,Non-Junction,None,,,None,,,N,,,,,TPR,Florida Highway Patrol,Florida Highway Patrol (FHP),4/5/2023 14:26,Y,Parked Vehicle,Other,Serious Injury,Incapacitating Injury,NIGHT,N,N,N,Y,N,N,N,Y,N,1,2,0,1,1,0,0,0,0,0,0,0,0,0,2,1,0,1,0,0,0,0,0,0,0,N,0,0,N,0,0,1,0,1,500,2,7000,7500,2,0,0,Verified,n/a,463143.5865,3319021.035,30.00157231,-81.38214351
25458957,2023,1/22/2023 10:35,1/22/2023 11:51,SJSO23CAD017758,L,1,1,20,50,St. Johns,St. Augustine,Rural,1/22/2023 10:38,1/22/2023 10:39,1/22/2023 10:45,1/22/2023 15:00,Y,Law Enforcement,CR13 / KEMPERLAND,,29.93523,-81.56877,1510,West,,,County,Unpaved,Not at Intersection,N,Daylight,Clear,Dry,N,Other,Culvert,On Roadway,N,Non-Junction,None,,,None,,,N,,,,,LE DEPUTY,St. Johns County Sheriff's Office,Sheriff's Office (SO),3/6/2023 14:29,Y,Off Road,Off Road,Fatality,Fatal (within 30 days),DAY,Y,N,N,N,N,N,N,Y,Y,0,0,0,0,0,1,1,0,0,0,0,0,0,0,1,0,1,0,0,0,0,0,0,0,0,N,0,0,N,0,0,0,0,0,0,1,30000,30000,0,0,0,Verified,n/a,445108.734,3311742.555,29.9352142,-81.56875615
25008166,2023,3/17/2023 9:45,3/17/2023 10:07,FHP23ON0139732,L,3,3,20,0,St. Johns,Unincorporated,Rural,3/17/2023 9:49,3/17/2023 9:50,3/17/2023 9:57,3/17/2023 11:09,Y,Law Enforcement,STATE ROAD 206,,29.72601753,-81.42747523,2645,West,COUNTY ROAD 305,,State,Paved,Not at Intersection,N,Daylight,Clear,Dry,N,Front to Front,Motor Vehicle in Transport,On Roadway,N,Non-Junction,None,,,None,,,N,,,,,TPR,Florida Highway Patrol,Florida Highway Patrol (FHP),4/3/2023 14:16,Y,Head On,Head On,Serious Injury,Incapacitating Injury,DAY,N,N,N,N,N,N,N,Y,N,1,2,1,0,1,0,0,0,1,0,0,0,0,0,3,0,0,0,0,0,0,0,0,0,0,N,0,0,N,0,0,1,0,0,0,3,75200,75200,2,0,0,Preliminary,Editor Mapped,458110.2426,3288500.903,29.72598039,-81.43313907
25756205,2023,4/24/2023 12:10,4/24/2023 13:58,SJSO23CAD100043,L,2,2,20,50,St. Johns,St. Augustine,Rural,4/24/2023 12:10,4/24/2023 12:10,4/24/2023 12:15,4/24/2023 13:01,Y,Law Enforcement,SR 207 AND WILDWOOD DR,,29.84613,-81.36176,0,,,,State,Paved,Four-Way Intersection,N,Daylight,Clear,Dry,N,Other,Motor Vehicle in Transport,On Roadway,Y,Intersection-Related,None,,,None,,,N,,,,,LE DEPUTY,St. Johns County Sheriff's Office,Sheriff's Office (SO),4/26/2023 15:38,Y,Other,Other,Serious Injury,Incapacitating Injury,DAY,N,N,N,N,N,N,Y,N,N,0,2,1,0,1,0,0,0,0,0,0,0,0,0,2,1,0,0,0,0,0,0,0,0,0,N,0,0,N,0,0,1,0,0,0,2,10000,10000,2,0,0,Preliminary,Editor Mapped,465047.9636,3301792.816,29.84615148,-81.36183568
88426607,2023,4/7/2023 20:50,4/7/2023 21:24,FHP23ON0182439,L,2,4,20,0,St. Johns,Unincorporated,Rural,4/7/2023 20:56,4/7/2023 20:57,4/7/2023 21:07,4/12/2023 22:50,Y,Law Enforcement,INTERSTATE 95,,29.86046502,-81.39455355,11932,North,STATE ROAD 207,,Interstate,Paved,Not at Intersection,N,Dark - Not Lighted,Clear,Dry,N,"Sideswipe, Same Direction",Motor Vehicle in Transport,On Roadway,N,Non-Junction,None,,,None,,,N,,,,,TPR,Florida Highway Patrol,Florida Highway Patrol (FHP),4/22/2023 15:29,Y,Same Direction Sideswipe,Sideswipe,Serious Injury,Incapacitating Injury,NIGHT,N,N,N,Y,N,N,N,Y,N,3,1,0,0,1,0,0,0,1,0,0,0,0,0,2,1,0,2,0,0,0,0,0,0,0,N,0,0,N,0,0,2,0,0,0,2,15500,15500,1,0,0,Preliminary,Editor Mapped,461892.3868,3303382.223,29.8604017,-81.3945591
25458958,2023,1/31/2023 0:13,1/31/2023 2:14,SJSO23OFF001102,L,1,2,20,0,St. Johns,Unincorporated,Rural,1/31/2023 0:13,1/31/2023 0:13,1/31/2023 0:13,1/31/2023 2:14,Y,Law Enforcement,INTERNATIONAL GOLF PARKWAY,,29.99685,-81.42334,119223574,West,INTERNATIONAL GOLF PARKWAY,,County,Unpaved,Not at Intersection,N,Dark - Not Lighted,Clear,Dry,N,Other,Traffic Sign Support,Off Roadway,,Through Roadway,Unknown,,,Unknown,,,N,,,,,LE DEPUTY,St. Johns County Sheriff's Office,Sheriff's Office (SO),6/25/2023 15:16,Y,Off Road,Off Road,Serious Injury,Incapacitating Injury,NIGHT,N,N,N,N,N,N,N,Y,N,0,2,0,0,2,0,0,0,0,1,0,0,0,0,1,0,0,1,0,0,0,0,2,2,0,N,0,0,N,0,0,0,0,1,200,1,5000,5200,2,0,0,Verified,n/a,459158.5208,3318516.812,29.99689559,-81.42344221
25458967,2023,3/28/2023 20:30,4/13/2023 18:55,SJSO23CAD076952,L,1,2,20,50,St. Johns,St. Augustine,Rural,3/28/2023 20:30,3/28/2023 20:31,3/28/2023 20:32,3/28/2023 22:32,Y,Law Enforcement,INMAN RD / 16,,29.91879,-81.4032,119223242,South,SR 16,,Local,Unpaved,Not at Intersection,N,Dark - Lighted,Rain,Wet,N,Other,Pedestrian,On Roadway,N,Non-Junction,None,,,Weather Conditions,,,N,,,,,LE DEPUTY,St. Johns County Sheriff's Office,Sheriff's Office (SO),5/24/2023 14:54,Y,Pedestrian,Pedestrian,Serious Injury,Incapacitating Injury,NIGHT,N,N,N,N,N,N,N,N,N,1,1,0,0,1,0,0,0,0,0,0,1,0,1,1,0,0,0,0,0,0,0,0,0,0,Y,1,0,N,0,0,1,0,0,0,1,1000,1000,1,0,0,Verified,n/a,461072.0315,3310032.462,29.92039137,-81.40329426
25459112,2023,12/4/2023 18:13,12/4/2023 19:06,SJSO23OFF02603,L,1,1,20,50,St. Johns,St. Augustine,Rural,12/4/2023 18:15,12/4/2023 18:17,12/4/2023 18:20,12/4/2023 22:03,N,Law Enforcement,W KING STREET,800,29.88981571,-81.34378563,119239890,West,,,Local,Unpaved,Not at Intersection,N,Dark - Lighted,Clear,Dry,N,Other,Pedestrian,On Roadway,N,Non-Junction,None,,,None,,,N,,,,,LE DEPUTY,St. Johns County Sheriff's Office,Sheriff's Office (SO),12/6/2023 20:01,Y,Pedestrian,Pedestrian,Serious Injury,Incapacitating Injury,DAY,N,N,N,N,N,Y,N,N,N,0,1,0,0,1,0,0,0,0,0,0,1,0,1,0,0,0,0,0,0,0,0,0,0,0,Y,1,0,N,0,0,0,0,0,0,1,500,500,1,0,0,Verified,n/a,466804.9612,3306624.231,29.8898018,-81.34379637
89576381,2023,11/3/2023 18:22,2/23/2024 10:42,FHP23ON0578676,L,2,3,20,0,St. Johns,Unincorporated,Rural,11/3/2023 18:27,11/3/2023 18:29,11/3/2023 18:31,11/3/2023 23:29,Y,Law Enforcement,INTERSTATE 95 NORTH MILE MARKER 316,,29.89787,-81.40593,119222772,South,STATE ROAD 16,,Interstate,Paved,Not at Intersection,Y,Dusk,Clear,Dry,N,Other,Other Non-Collision,Off Roadway,N,Non-Junction,Unknown,,,Unknown,,,N,,,,,TPR,Florida Highway Patrol,Florida Highway Patrol (FHP),11/14/2023 19:53,Y,Other,Other,Fatality,Fatal (within 30 days),DAY,N,N,Y,N,N,N,N,N,N,2,0,0,0,0,1,1,0,1,0,0,0,0,0,2,0,0,1,0,0,0,0,0,0,0,N,0,0,N,0,0,0,0,0,0,2,21000,21000,1,0,0,Preliminary,Editor Mapped,460788.5208,3307538.817,29.89787844,-81.40614006
25058413,2023,7/30/2023 19:55,7/30/2023 21:12,FHP23ON0397620,L,2,3,20,0,St. Johns,Unincorporated,Rural,7/30/2023 20:05,7/30/2023 20:08,7/30/2023 20:49,7/30/2023 23:03,Y,Law Enforcement,7700 CR-13,,29.96938977,-81.5381598,0,,COUNTY ROAD 13,,State,Unpaved,T-Intersection,N,Dark - Not Lighted,Rain,Wet,N,Angle,Motor Vehicle in Transport,On Roadway,N,Non-Junction,None,,,None,,,N,,,,,TPR,Florida Highway Patrol,Florida Highway Patrol (FHP),8/30/2023 14:51,Y,Left Entering,Left Turn,Serious Injury,Incapacitating Injury,NIGHT,N,N,N,N,N,N,N,N,N,1,2,1,0,1,0,0,0,0,1,0,0,0,0,2,1,1,1,0,0,0,0,1,1,0,N,0,0,N,0,0,1,0,0,0,2,8000,8000,1,0,0,Preliminary,Editor Mapped,448080.7512,3315512.501,29.96936451,-81.53814592
88546987,2023,3/17/2023 12:27,3/17/2023 13:38,FHP23ON0140061,L,1,3,20,50,St. Johns,St. Augustine,Urban,3/17/2023 12:32,3/17/2023 12:35,3/17/2023 12:52,3/17/2023 14:27,Y,Law Enforcement,A1A BEACH BOULEVARD (COUNTY ROAD A1A),,30.239,-81.38654,119243732,West,321 A1A BEACH BOULEVARD,,County,Curb,Not at Intersection,N,Daylight,Clear,Dry,N,"Sideswipe, Same Direction",Pedalcycle,Roadside,N,Driveway/Alley Access Related,None,,,None,,,N,,,,,TPR,Florida Highway Patrol,Florida Highway Patrol (FHP),3/27/2023 14:19,Y,Bicycle,Bicycle,Serious Injury,Incapacitating Injury,DAY,N,N,N,Y,N,N,N,Y,N,2,1,0,0,1,0,0,0,0,0,0,1,1,0,1,0,0,1,0,0,0,0,0,0,0,N,0,0,Y,1,0,1,0,1,250,1,25,275,1,0,0,Verified,n/a,471223.7624,3306759.308,29.89113212,-81.29803565
25042425,2023,3/12/2023 2:00,5/25/2023 20:01,FHP23ON0131234,L,1,1,20,0,St. Johns,Unincorporated,Rural,3/12/2023 18:56,3/12/2023 19:09,3/12/2023 19:24,3/12/2023 22:00,Y,Law Enforcement,US HIGHWAY 1,,30.01632501,-81.39539359,116,North,REGALO ROAD,,U.S.,Unpaved,Not at Intersection,Y,Unknown,Other,Unknown,N,Other,Pedestrian,On Roadway,N,Non-Junction,Unknown,,,Unknown,,,N,,,,,CPL,Florida Highway Patrol,Florida Highway Patrol (FHP),3/22/2023 14:31,Y,Pedestrian,Pedestrian,Fatality,Fatal (within 30 days),NIGHT,N,N,N,N,N,Y,N,N,N,0,0,0,0,0,1,1,0,0,0,0,1,0,1,0,0,0,0,0,0,0,0,0,0,0,Y,0,1,N,0,0,0,0,0,0,0,0,0,0,0,1,Verified,n/a,461855.519,3320681.517,30.01651768,-81.39555794
25064426,2023,4/28/2023 12:10,4/28/2023 12:43,FHP23ON0221711,L,2,2,20,50,St. Johns,St. Augustine,Rural,4/28/2023 12:13,4/28/2023 12:16,4/28/2023 12:34,4/28/2023 14:30,Y,Law Enforcement,US-1,,29.86915997,-81.32304537,590,South,SR-312,,U.S.,Paved,Four-Way Intersection,N,Daylight,Clear,Dry,N,Angle,Motor Vehicle in Transport,On Roadway,Y,Intersection,None,,,None,,,N,,,,,TPR,Florida Highway Patrol,Florida Highway Patrol (FHP),5/5/2023 15:29,Y,Left Entering,Left Turn,Serious Injury,Incapacitating Injury,DAY,N,N,N,N,N,N,Y,N,N,1,1,0,0,1,0,0,0,0,1,0,0,0,0,2,1,0,0,0,0,0,0,1,1,0,N,0,0,N,0,0,1,0,0,0,2,5000,5000,1,0,0,Preliminary,Editor Mapped,468803.135,3304320.799,29.86906647,-81.32303484
89633882,2023,11/16/2023 16:21,11/16/2023 17:15,FHP23ON0603518,L,3,4,20,0,St. Johns,Unincorporated,Rural,11/16/2023 16:26,11/16/2023 16:28,11/16/2023 17:04,11/16/2023 18:27,Y,Law Enforcement,STATE ROAD 312,,29.86742,-81.33086,119231567,,TINGLE COURT,,State,Unpaved,Four-Way Intersection,N,Daylight,Rain,Wet,N,Front to Front,Motor Vehicle in Transport,On Roadway,N,Intersection,None,,,None,,,N,,,,,TPR,Florida Highway Patrol,Florida Highway Patrol (FHP),11/30/2023 19:19,Y,Left Entering,Left Turn,Serious Injury,Incapacitating Injury,DAY,N,N,N,Y,N,N,Y,N,N,1,3,0,0,3,0,0,0,0,0,0,0,0,0,3,2,0,1,1,1,1,0,0,0,0,N,0,0,N,0,0,2,0,0,0,3,13000,13000,3,0,0,Preliminary,Editor Mapped,468044.9929,3304140.16,29.86741682,-81.3308797
25756640,2023,7/5/2023 23:00,8/31/2023 15:47,SJSO23CAD167467,L,1,1,20,46,St. Johns,Ponte Vedra,Rural,7/6/2023 7:11,7/6/2023 7:15,7/6/2023 7:23,7/6/2023 8:45,Y,Law Enforcement,PALM VALLEY ROAD,,30.18446,-81.38839,45236546,South,WOODLAND CREEK DRIVE,,County,Unpaved,Not at Intersection,N,Dark - Not Lighted,Cloudy,Wet,N,Other,Ditch,Off Roadway,N,Non-Junction,None,,,None,,,N,,,,,LE DEPUTY,St. Johns County Sheriff's Office,Sheriff's Office (SO),7/20/2023 14:53,Y,Off Road,Off Road,Serious Injury,Incapacitating Injury,NIGHT,N,N,N,N,N,N,N,Y,N,0,1,0,0,1,0,0,0,0,1,0,0,0,0,1,0,0,0,0,0,0,0,1,1,0,N,0,0,N,0,0,2,0,2,1000,1,7000,8000,1,0,0,Verified,n/a,462642.7506,3339400.672,30.18546857,-81.38805388
25756463,2023,5/9/2023 20:14,5/9/2023 20:53,SJSO23CAD113878,L,3,3,20,0,St. Johns,Unincorporated,Rural,5/9/2023 20:14,5/9/2023 20:20,5/9/2023 20:27,5/9/2023 22:04,Y,Law Enforcement,INTERSTATE 95 NB MM 315,,29.86848,-81.39705,119220772,North,,,Interstate,Paved,Not at Intersection,N,Dark - Not Lighted,Clear,Dry,N,Front to Rear,Motor Vehicle in Transport,On Roadway,N,Non-Junction,Work Zone,,,None,,,Y,Transition Area,Lane Closure,Y,Y,LE DEPUTY,St. Johns County Sheriff's Office,Sheriff's Office (SO),5/10/2023 15:27,Y,Rear End,Rear End,Serious Injury,Incapacitating Injury,NIGHT,N,Y,N,N,N,N,N,N,N,1,2,0,1,1,0,0,0,0,0,0,0,0,0,3,0,0,0,0,0,0,0,0,0,0,N,0,0,N,0,0,1,0,0,0,3,51000,51000,2,0,0,Verified,n/a,461661.8092,3304271.258,29.86841771,-81.39697817
89630161,2023,5/2/2023 9:15,5/11/2023 10:53,FHP23ON0228934,L,1,2,20,0,St. Johns,Unincorporated,Rural,5/2/2023 9:20,5/2/2023 9:22,5/2/2023 9:24,5/2/2023 9:56,Y,Law Enforcement,SR207,,29.81953376,-81.38431819,119220717,North,DEERPARK BLVD,,State,Curb,Not at Intersection,N,Daylight,Clear,Dry,N,Angle,Pedalcycle,On Roadway,N,Non-Junction,None,,,None,,,N,,,,,TPR,Florida Highway Patrol,Florida Highway Patrol (FHP),5/6/2023 15:22,Y,Bicycle,Bicycle,Serious Injury,Incapacitating Injury,DAY,N,N,N,N,N,N,N,N,N,1,1,0,0,1,0,0,0,0,0,0,1,1,0,1,0,0,0,0,0,0,0,0,0,0,N,0,0,Y,1,0,1,0,1,500,1,500,1000,1,0,0,Verified,n/a,462863.7851,3298849.521,29.81952543,-81.38434497
89068697,2023,5/18/2023 19:28,5/18/2023 19:46,SJSO23CAD122375,L,1,2,20,50,St. Johns,St. Augustine,Rural,5/18/2023 19:29,5/18/2023 19:30,5/18/2023 19:33,5/18/2023 19:55,Y,Law Enforcement,STATE ROAD 16,,29.91568,-81.37352,108,West,FOUR MILE ROAD,,State,Unpaved,T-Intersection,N,Daylight,Rain,Wet,N,Other,Ditch,On Roadway,N,Intersection,Road Surface Condition,None,Other,Weather Conditions,None,Other,N,,,,,LE DEPUTY,St. Johns County Sheriff's Office,Sheriff's Office (SO),5/20/2023 14:48,Y,Off Road,Off Road,Serious Injury,Incapacitating Injury,NIGHT,N,N,N,N,N,N,Y,N,N,0,2,0,1,1,0,0,0,0,1,0,0,0,0,1,0,0,1,0,0,0,0,2,1,0,N,0,0,N,0,0,0,0,0,0,1,3000,3000,1,0,0,Preliminary,Editor Mapped,463918.8712,3309483.782,29.91552669,-81.37378301
24762558,2023,8/2/2023 22:40,8/2/2023 22:53,SJSO23CAD191011,L,2,4,20,46,St. Johns,Ponte Vedra,Rural,8/2/2023 22:47,8/2/2023 22:48,8/2/2023 22:49,8/2/2023 23:14,Y,Law Enforcement,S ROSCOE BLVD,209,30.15059965,-81.39346438,990,North,,,County,Unpaved,Not at Intersection,N,Dark - Not Lighted,Clear,Dry,N,Front to Rear,Motor Vehicle in Transport,On Roadway,N,Non-Junction,None,,,None,,,N,,,,,LE DEPUTY,St. Johns County Sheriff's Office,Sheriff's Office (SO),8/8/2023 14:56,Y,Rear End,Rear End,Serious Injury,Incapacitating Injury,NIGHT,N,N,N,Y,N,N,N,N,N,3,1,0,0,1,0,0,0,0,1,0,0,0,0,2,0,1,2,0,0,0,0,1,1,0,N,0,0,N,0,0,1,0,0,0,2,4000,4000,1,0,0,Preliminary,Editor Mapped,462108.4392,3335531.001,30.15053148,-81.39346529
24763362,2023,4/21/2023 22:05,4/21/2023 23:28,SJSO23OFF004246,L,2,2,20,50,St. Johns,St. Augustine,Rural,4/21/2023 22:07,4/21/2023 22:10,4/21/2023 22:13,4/22/2023 4:00,N,Law Enforcement,INTERNATIONAL GOLF PKWY,,29.99594335,-81.42508047,7718,West,,,Local,Unpaved,Not at Intersection,N,Dark - Not Lighted,Clear,Dry,N,Front to Front,Motor Vehicle in Transport,On Roadway,N,Non-Junction,None,,,None,,,N,,,,,LE CPL,St. Johns County Sheriff's Office,Sheriff's Office (SO),5/12/2023 15:27,Y,Head On,Head On,Fatality,Fatal (within 30 days),NIGHT,N,N,N,N,N,N,N,Y,N,0,1,0,1,0,1,1,0,0,0,0,0,0,0,2,0,1,0,0,0,0,0,0,0,0,N,0,0,N,0,0,0,0,0,0,2,35000,35000,2,0,0,Verified,n/a,459005.1236,3318406.531,29.99589525,-81.42502834
89611701,2023,9/7/2023 15:54,9/7/2023 16:42,FHP23ON0471370,L,1,3,20,0,St. Johns,Unincorporated,Rural,9/7/2023 15:59,9/7/2023 16:02,9/7/2023 16:18,9/7/2023 17:19,Y,Law Enforcement,U.S. HIGHWAY ONE (STATE ROAD 5),,29.86688,-81.323,119234011,South,STATE ROAD 312,,U.S.,Curb,Four-Way Intersection,N,Daylight,Clear,Dry,N,Angle,Motor Vehicle in Transport,On Roadway,N,Intersection,None,,,None,,,N,,,,,TPR,Florida Highway Patrol,Florida Highway Patrol (FHP),9/18/2023 19:20,Y,Single Vehicle,Other,Serious Injury,Incapacitating Injury,DAY,N,N,N,N,N,N,Y,N,N,2,1,0,0,1,0,0,0,0,0,0,2,2,0,1,1,0,0,0,0,0,0,0,0,0,N,0,0,Y,1,0,1,0,2,300,1,1500,1800,1,0,0,Verified,n/a,468786.8563,3304045.315,29.86657991,-81.32319539
25755624,2023,6/21/2023 19:30,6/21/2023 20:28,SJSO23CAD153246,L,1,1,20,46,St. Johns,Ponte Vedra,Rural,6/21/2023 19:34,6/21/2023 19:36,6/21/2023 19:39,6/21/2023 20:50,Y,Law Enforcement,VALLEY RIDGE RD,,30.12015,-81.41818,111,South,N FORT WADE RD,,Local,Curb,Not at Intersection,N,Dusk,Clear,Dry,N,Other,Curb,Off Roadway,N,Other,None,,,None,,,N,,,,,LE DEPUTY,St. Johns County Sheriff's Office,Sheriff's Office (SO),6/28/2023 15:31,Y,Off Road,Off Road,Serious Injury,Incapacitating Injury,NIGHT,N,N,N,N,N,N,N,Y,N,0,1,0,0,1,0,0,0,0,0,0,0,0,0,1,0,0,0,1,1,1,0,0,0,0,N,0,0,N,0,0,0,0,0,0,1,16000,16000,0,0,1,Preliminary,Editor Mapped,459717.4984,3332136.815,30.11982495,-81.4181631
89633880,2023,10/24/2023 7:42,10/24/2023 8:39,FHP23ON0558383,L,4,6,20,0,St. Johns,Unincorporated,Rural,10/24/2023 7:47,10/24/2023 7:49,10/24/2023 7:55,10/24/2023 10:16,Y,Law Enforcement,INTERSTATE 95 (STATE ROAD 9),,29.92541,-81.41594,119222956,North,MM 318,,Interstate,Paved,Not at Intersection,Y,Daylight,Clear,Dry,N,Front to Rear,Motor Vehicle in Transport,On Roadway,N,Non-Junction,None,,,None,,,N,,,,,TPR,Florida Highway Patrol,Florida Highway Patrol (FHP),11/6/2023 19:18,Y,Rear End,Rear End,Serious Injury,Incapacitating Injury,DAY,N,N,N,Y,N,N,N,Y,N,3,3,0,1,2,0,0,0,0,0,0,0,0,0,4,0,1,2,0,0,0,0,0,0,0,N,0,0,N,0,0,3,0,0,0,4,22000,22000,3,0,0,Preliminary,Editor Mapped,459830.7606,3310581.962,29.92531036,-81.41617419
89630166,2023,5/29/2023 8:26,5/29/2023 9:11,FHP23ON0280208,L,2,2,20,0,St. Johns,Unincorporated,Rural,5/29/2023 8:31,5/29/2023 8:34,5/29/2023 9:01,5/29/2023 9:56,Y,Law Enforcement,SR16,,29.99516666,-81.59463616,0,,SR13,,State,Paved,Not at Intersection,N,Daylight,Clear,Dry,N,"Sideswipe, Same Direction",Motor Vehicle in Transport,On Roadway,Y,Entrance/Exit Ramp,None,,,None,,,N,,,,,TPR,Florida Highway Patrol,Florida Highway Patrol (FHP),6/7/2023 14:55,Y,Same Direction Sideswipe,Sideswipe,Serious Injury,Incapacitating Injury,DAY,N,N,N,Y,N,N,N,Y,N,1,1,0,0,1,0,0,0,0,1,0,0,0,0,2,1,0,0,0,0,0,0,1,1,0,N,0,0,N,0,0,1,0,0,0,2,4000,4000,1,0,0,Preliminary,Editor Mapped,442566.9261,3318437.167,29.99551126,-81.59545201
25459703,2023,7/14/2023 7:00,7/14/2023 8:14,SJSO23OFF007390,L,2,2,20,40,St. Johns,Hastings,Rural,7/14/2023 7:03,7/14/2023 7:03,7/14/2023 7:13,7/14/2023 11:28,Y,Law Enforcement,CEDAR FORD BLVD / EBERT AVE,,29.63824,-81.43205,0,,CEDAR FORD BLVD / EBERT AVE,,County,Unpaved,Four-Way Intersection,N,Daylight,Clear,Dry,N,"Sideswipe, Opposite Direction",Motor Vehicle in Transport,On Roadway,Y,Intersection,None,,,None,,,N,,,,,LE CPL,St. Johns County Sheriff's Office,Sheriff's Office (SO),7/15/2023 14:48,Y,Right Angle,Angle,Fatality,Fatal (within 30 days),DAY,N,Y,N,N,N,N,Y,N,N,1,0,0,0,0,1,1,0,0,1,0,0,0,0,2,0,0,0,0,0,0,0,1,0,1,N,0,0,N,0,0,0,0,0,0,2,30000,30000,0,0,0,Verified,n/a,458182.533,3278771.233,29.63817462,-81.43201598