REPORT_NUMBER,CRASH_YEAR,CRASH_DATE_AND_TIME,REPORT_DATE_AND_TIME,INVESTIGATING_AGENCY_REPORT_NUMBER,FORM_TYPE,TOTAL_NUMBER_OF_VEHICLES,TOTAL_NUMBER_OF_PERSONS,COUNTY_CODE,CITY_CODE,COUNTY_NAME,CITY_NAME,RURAL_OR_URBAN,NOTIFIED_TIME,DISPATCHED_TIME,ARRIVED_TIME,CLEARED_TIME,COMPLETED_FLAG,NOTIFIED_BY,ON_STREET_ROAD_HIGHWAY,STREET_ADDRESS_NUMBER,LATITUDE,LONGITUDE,FEET_FROM_INTERSECTION,DIRECTION_FROM_INTERSECTION,FROM_INTERSECTION_OF,MILEPOST_NUMBER,ROAD_SYSTEM_IDENTIFER,TYPE_OF_SHOULDER,TYPE_OF_INTERSECTION,PHOTOS_TAKEN,LIGHT_CONDITION,WEATHER_CONDITION,ROAD_SURFACE_CONDITION,SCHOOL_BUS_RELATED_CODE,TYPE_OF_IMPACT,FIRST_HARMFUL_EVENT,LOCATION,INTERCHANGE_FLAG,JUNCTION_FLAG,ROAD_CIRCUMSTANCES_1,ROAD_CIRCUMSTANCES_2,ROAD_CIRCUMSTANCES_3,ENVIRONMENT_CIRCUMSTANCES_1,ENVIRONMENT_CIRCUMSTANCES_2,ENVIRONMENT_CIRCUMSTANCES_3,WORK_ZONE_RELATED_FLAG,CRASH_IN_WORK_ZONE,TYPE_OF_WORK_ZONE,WORKERS_PRESENT,LAW_ENFORCEMENT_PRESENT,INVESTIGATOR_RANK,INVESTIGATING_AGENCY_NAME,INVESTIGATING_AGENCY_TYPE,LOAD_DATE,CODEABLE,S4_CRASH_TYPE,S4_CRASH_TYPE_SIMPLIFIED,S4_CRASH_SEVERITY,S4_CRASH_SEVERITY_DETAIL,S4_DAY_OR_NIGHT,S4_IS_AGGRESSIVE_DRIVING,S4_IS_ALCOHOL_RELATED,S4_IS_CMV_INVOLVED,S4_IS_DISTRACTED,S4_IS_DRUG_RELATED,S4_IS_HIT_AND_RUN,S4_IS_INTERSECTION_RELATED,S4_IS_LANE_DEPARTURE_RELATED,S4_IS_SPEEDING_RELATED,S4_NONE_INJURY_COUNT,S4_INJURY_COUNT,S4_POSSIBLE_INJURY_COUNT,S4_NON_INCAPACITATING_INJURY_COUNT,S4_INCAPACITATING_INJURY_COUNT,S4_FATALITY_COUNT,S4_FATALITY_WITHIN_30_DAYS_COUNT,S4_NON_TRAFFIC_FATALITY_COUNT,S4_TRAILER_COUNT,S4_MOTORCYCLE_COUNT,S4_MOPED_COUNT,S4_NON_MOTORIST_COUNT,S4_BICYCLIST_COUNT,S4_PEDESTRIAN_COUNT,S4_DRIVER_COUNT,S4_AGING_DRIVER_COUNT,S4_TEENAGER_DRIVER_COUNT,S4_PASSENGER_COUNT,S4_UNRESTRAINED_COUNT,S4_UNRESTRAINED_INJURY_COUNT,S4_UNRESTRAINED_INCAPACITATING_INJURY_COUNT,S4_UNRESTRAINED_FATALITY_COUNT,S4_MOTORCYCLIST_COUNT,S4_MOTORCYCLIST_INCAPACITATING_INJURY_COUNT,S4_MOTORCYCLIST_FATALITY_COUNT,S4_IS_PEDESTRIAN_INVOLVED,S4_PEDESTRIAN_INCAPACITATING_INJURY_COUNT,S4_PEDESTRIAN_FATALITY_COUNT,S4_IS_BICYCLIST_INVOLVED,S4_BICYCLIST_INCAPACITATING_INJURY_COUNT,S4_BICYCLIST_FATALITY_COUNT,S4_CITATION_COUNT,S4_CITATION_AMOUNT,S4_PROPERTY_DAMAGE_COUNT,S4_PROPERTY_DAMAGE_AMOUNT,S4_VEHICLE_DAMAGE_COUNT,S4_VEHICLE_DAMAGE_AMOUNT,S4_TOTAL_DAMAGE_AMOUNT,S4_TRANSPORT_BY_EMS_COUNT,S4_TRANSPORT_BY_LAW_ENFORCEMENT_COUNT,S4_TRANSPORT_BY_OTHER_COUNT,S4_GEOLOCATION_STATUS,S4_PRELIMINARY_GEOLOCATION_STATUS,S4_X,S4_Y,S4_LATITUDE,S4_LONGITUDE
89644500,2023,7/24/2023 12:02,7/24/2023 13:14,FHP23ON0385557,L,4,4,20,0,St. Johns,Unincorporated,Rural,7/24/2023 12:07,7/24/2023 12:14,7/24/2023 12:25,7/24/2023 14:51,Y,Law Enforcement,SR-16 EB,,29.9517487,-81.45454387,119222846,West,KOHLER ROAD,,State,Paved,Not at Intersection,N,Daylight,Clear,Dry,N,Front to Front,Motor Vehicle in Transport,On Roadway,N,Non-Junction,None,,,None,,,N,,,,,TPR,Florida Highway Patrol,Florida Highway Patrol (FHP),7/30/2023 14:42,Y,Head On,Head On,Serious Injury,Incapacitating Injury,DAY,N,N,N,N,N,N,N,Y,N,3,1,0,0,1,0,0,0,0,1,0,0,0,0,4,1,0,0,0,0,0,0,1,1,0,N,0,0,N,0,0,2,0,1,500,4,31500,32000,1,0,0,Verified,n/a,456462.2814,3313271.176,29.94946417,-81.451182
89644528,2023,9/28/2023 14:13,11/16/2023 11:51,FHP23ON0510848,L,1,1,20,40,St. Johns,Hastings,Urban,9/28/2023 14:18,9/28/2023 14:30,9/28/2023 14:46,9/28/2023 15:43,Y,Law Enforcement,SR-207 SB,,29.71446,-81.50482,119210236,East,NORTH ORANGE STREET,,State,Curb,Not at Intersection,Y,Daylight,Rain,Wet,N,Other,Curb,Off Roadway,N,Non-Junction,None,,,None,,,N,,,,,CPL,Florida Highway Patrol,Florida Highway Patrol (FHP),10/18/2023 19:56,Y,Off Road,Off Road,Serious Injury,Incapacitating Injury,DAY,N,N,N,N,N,N,N,Y,N,0,1,0,0,1,0,0,0,0,0,0,0,0,0,1,0,0,0,0,0,0,0,0,0,0,N,0,0,N,0,0,2,0,1,2000,1,10000,12000,1,0,0,Verified,n/a,451301.2609,3287253.734,29.71447606,-81.50348549
89641062,2023,8/18/2023 9:10,8/18/2023 9:51,FHP23ON0432811,L,2,4,20,0,St. Johns,Unincorporated,Rural,8/18/2023 9:15,8/18/2023 9:18,8/18/2023 9:30,8/18/2023 10:53,Y,Law Enforcement,US-1,,29.81487,-81.32287,0,,WILDWOOD DR,,U.S.,Curb,Four-Way Intersection,N,Daylight,Clear,Dry,N,Front to Front,Motor Vehicle in Transport,On Roadway,N,Intersection,None,,,None,,,N,,,,,TPR,Florida Highway Patrol,Florida Highway Patrol (FHP),8/25/2023 15:00,Y,Left Rear,Left Turn,Serious Injury,Incapacitating Injury,DAY,N,N,N,N,N,N,Y,N,N,0,4,0,3,1,0,0,0,0,0,0,0,0,0,2,1,1,2,0,0,0,0,0,0,0,N,0,0,N,0,0,0,0,0,0,2,20000,20000,3,0,0,Preliminary,Editor Mapped,468817.3404,3298316.967,29.81488414,-81.32271351
89583474,2023,12/21/2023 6:56,12/21/2023 8:19,FHP23ON0668187,L,3,3,20,0,St. Johns,Unincorporated,Rural,12/21/2023 7:01,12/21/2023 7:06,12/21/2023 7:50,12/21/2023 14:34,Y,Law Enforcement,INTERSTATE 95 SOUTH MILE MARKER 331,,30.0967204,-81.49886421,119228109,North,COUNTY ROAD 210,,Interstate,Paved,Not at Intersection,N,Dawn,Clear,Dry,N,Front to Rear,Motor Vehicle in Transport,On Roadway,N,Non-Junction,None,,,None,,,N,,,,,TPR,Florida Highway Patrol,Florida Highway Patrol (FHP),12/31/2023 19:09,Y,Rear End,Rear End,Serious Injury,Incapacitating Injury,NIGHT,N,N,Y,Y,N,N,N,Y,N,0,3,1,1,1,0,0,0,2,0,0,0,0,0,3,0,0,0,0,0,0,0,0,0,0,N,0,0,N,0,0,2,0,1,5000,3,120000,125000,2,0,0,Verified,n/a,451888.9786,3329689.615,30.09745725,-81.49931568
25050537,2023,3/6/2023 2:25,6/14/2023 7:35,FHP23ON0118044,L,1,1,20,0,St. Johns,Unincorporated,Rural,3/6/2023 2:25,3/6/2023 2:32,3/6/2023 3:29,3/6/2023 6:30,Y,Law Enforcement,INTERSTATE 95,,29.98882048,-81.46432641,1023,South,INTERNATIONAL GOLF PARKWAY,,Interstate,Paved,Not at Intersection,Y,Dark - Lighted,Clear,Dry,N,Other,Tree (standing),Off Roadway,Y,Entrance/Exit Ramp,None,,,None,,,N,,,,,TPR,Florida Highway Patrol,Florida Highway Patrol (FHP),3/18/2023 14:22,Y,Off Road,Off Road,Fatality,Fatal (within 30 days),NIGHT,N,Y,N,N,Y,N,N,Y,N,0,0,0,0,0,1,1,0,0,0,0,0,0,0,1,0,0,0,1,0,0,1,0,0,0,N,0,0,N,0,0,0,0,0,0,1,10000,10000,0,0,1,Verified,n/a,455222.7148,3317620.002,29.98866493,-81.4642097
25756202,2023,6/8/2023 14:52,6/8/2023 15:20,SJSO23CAD140592,L,3,4,20,46,St. Johns,Ponte Vedra,Rural,6/8/2023 14:55,6/8/2023 14:56,6/8/2023 15:04,6/8/2023 16:19,Y,Law Enforcement,STATE ROAD A1A,,30.20584,-81.38016,127,North,LATRIUM DRIVE,,State,Unpaved,Not at Intersection,N,Daylight,Clear,Dry,N,Front to Rear,Motor Vehicle in Transport,On Roadway,N,Intersection-Related,None,,,None,,,N,,,,,LE DEPUTY,St. Johns County Sheriff's Office,Sheriff's Office (SO),6/16/2023 14:52,Y,Rear End,Rear End,Serious Injury,Incapacitating Injury,DAY,N,N,N,Y,N,N,Y,N,N,3,1,0,0,1,0,0,0,1,0,0,0,0,0,3,1,0,1,0,0,0,0,0,0,0,N,0,0,N,0,0,1,0,0,0,3,25000,25000,1,0,0,Preliminary,Editor Mapped,463390.7855,3341699.474,30.20623605,-81.38036343
89644497,2023,7/19/2023 12:05,7/19/2023 13:25,FHP23ON0375977,L,2,2,20,0,St. Johns,Unincorporated,Rural,7/19/2023 12:10,7/19/2023 12:20,7/19/2023 12:46,7/19/2023 14:41,Y,Law Enforcement,US-1 NB,,30.03284,-81.41026,0,,LAS CALINAS BLVD,,U.S.,Paved,Four-Way Intersection,N,Daylight,Clear,Dry,N,Other,Motor Vehicle in Transport,On Roadway,N,Intersection,None,,,None,,,N,,,,,TPR,Florida Highway Patrol,Florida Highway Patrol (FHP),7/26/2023 14:53,Y,Left Entering,Left Turn,Serious Injury,Incapacitating Injury,DAY,N,N,N,N,N,N,Y,N,N,0,2,0,1,1,0,0,0,0,1,0,0,0,0,2,0,0,0,0,0,0,0,1,1,0,N,0,0,N,0,0,0,0,0,0,2,8000,8000,2,0,0,Preliminary,Editor Mapped,460444.5338,3322494.538,30.03283422,-81.4102569
89564999,2023,9/8/2023 23:41,9/9/2023 0:44,FHP23ON0473993,L,2,2,20,0,St. Johns,Unincorporated,Rural,9/8/2023 23:46,9/8/2023 23:49,9/9/2023 0:14,9/9/2023 4:49,Y,Law Enforcement,I-95 NB MM329,,30.06552,-81.49807,119228110,South,COUNTY ROAD 210,,Interstate,Paved,Not at Intersection,N,Dark - Not Lighted,Clear,Dry,N,Front to Rear,Motor Vehicle in Transport,On Roadway,N,Non-Junction,None,,,None,,,N,,,,,TPR,Florida Highway Patrol,Florida Highway Patrol (FHP),9/17/2023 19:12,Y,Rear End,Rear End,Serious Injury,Incapacitating Injury,NIGHT,N,N,N,N,N,Y,N,Y,N,0,2,0,1,1,0,0,0,0,0,0,0,0,0,1,0,0,1,0,0,0,0,0,0,0,N,0,0,N,0,0,0,0,2,35000,2,45000,80000,1,0,0,Verified,n/a,451991.4288,3326149.082,30.06551097,-81.49809233
89565001,2023,9/10/2023 21:48,9/10/2023 22:54,FHP23ON0477074,L,1,3,20,0,St. Johns,Unincorporated,Rural,9/10/2023 21:53,9/10/2023 21:54,9/10/2023 22:19,9/13/2023 23:45,Y,Law Enforcement,STATE ROAD 207,,29.8462,-81.36181,119231034,North,WILDWOOD DR,,State,Curb,Not at Intersection,N,Dark - Lighted,Clear,Dry,N,Other,Pedestrian,On Roadway,N,Non-Junction,None,,,None,,,N,,,,,TPR,Florida Highway Patrol,Florida Highway Patrol (FHP),10/3/2023 19:36,Y,Pedestrian,Pedestrian,Serious Injury,Incapacitating Injury,NIGHT,N,N,N,N,N,N,N,N,N,1,2,0,1,1,0,0,0,0,0,0,1,0,1,1,0,0,1,0,0,0,0,0,0,0,Y,1,0,N,0,0,0,0,0,0,1,5000,5000,1,0,0,Verified,n/a,465055.9429,3301836.913,29.84654967,-81.36175451
89567349,2023,7/7/2023 7:20,7/7/2023 7:56,FHP23ON0352905,L,2,4,20,0,St. Johns,Unincorporated,Rural,7/7/2023 7:25,7/7/2023 7:28,7/7/2023 7:44,7/7/2023 8:31,Y,Law Enforcement,INTERSTATE 95 (STATE ROAD 9),,29.82885,-81.38067,119220772,South,MM 311,,Interstate,Paved,Not at Intersection,N,Daylight,Clear,Dry,N,"Sideswipe, Same Direction",Motor Vehicle in Transport,On Roadway,N,Non-Junction,None,,,None,,,N,,,,,TPR,Florida Highway Patrol,Florida Highway Patrol (FHP),7/17/2023 14:45,Y,Same Direction Sideswipe,Sideswipe,Serious Injury,Incapacitating Injury,DAY,N,N,N,Y,N,N,N,Y,N,1,3,0,0,3,0,0,0,0,0,0,0,0,0,2,0,1,2,0,0,0,0,0,0,0,N,0,0,N,0,0,1,0,1,2600,2,11000,13600,3,0,0,Verified,n/a,463224.5075,3299881.355,29.82884818,-81.38064699
89567354,2023,7/17/2023 14:19,7/17/2023 14:57,FHP23ON0372434,L,2,3,20,0,St. Johns,Unincorporated,Rural,7/17/2023 14:24,7/17/2023 14:27,7/17/2023 14:43,7/17/2023 16:02,Y,Law Enforcement,STATE ROAD 16,,29.99544525,-81.60082245,119217370,,STATE ROAD 13,,State,Unpaved,T-Intersection,N,Daylight,Clear,Dry,N,Front to Front,Motor Vehicle in Transport,On Roadway,N,Non-Junction,None,,,None,,,N,,,,,TPR,Florida Highway Patrol,Florida Highway Patrol (FHP),7/27/2023 21:22,Y,Left Leaving,Left Turn,Serious Injury,Incapacitating Injury,DAY,N,N,N,Y,N,N,N,Y,N,1,2,0,1,1,0,0,0,0,0,0,0,0,0,2,0,0,1,0,0,0,0,0,0,0,N,0,0,N,0,0,1,0,1,500,2,20000,20500,2,0,0,Verified,n/a,442082.2747,3318453.609,29.99563681,-81.60047742
89641021,2023,4/24/2023 9:18,8/25/2023 12:26,FHP23ON0213812,L,2,2,20,0,St. Johns,Unincorporated,Rural,4/24/2023 9:21,4/24/2023 9:24,4/24/2023 9:43,4/24/2023 13:14,Y,Law Enforcement,STATE ROAD 207,,29.7694,-81.45567,0,,DON MANUEL ROAD,,State,Paved,Four-Way Intersection,Y,Daylight,Clear,Dry,N,Angle,Motor Vehicle in Transport,On Roadway,Y,Intersection,None,,,None,,,N,,,,,TPR,Florida Highway Patrol,Florida Highway Patrol (FHP),5/9/2023 15:29,Y,Right Angle,Angle,Fatality,Fatal (within 30 days),DAY,N,N,Y,N,N,N,Y,N,N,0,1,1,0,0,1,1,0,1,0,0,0,0,0,2,0,0,0,0,0,0,0,0,0,0,N,0,0,N,0,0,0,0,1,79000,2,15000,94000,2,0,0,Verified,n/a,455948.9642,3293316.823,29.76936747,-81.45568257
25757673,2023,7/15/2023 10:44,7/15/2023 11:17,SJSO23CAD175638,L,2,2,20,50,St. Johns,St. Augustine,Rural,7/15/2023 10:45,7/15/2023 10:46,7/15/2023 10:47,7/15/2023 12:05,Y,Law Enforcement,INTERNATIONAL GOLF PKWY,,29.97579,-81.47522,0,,ROYAL PINES,,County,Curb,T-Intersection,N,Daylight,Clear,Dry,N,Angle,Motor Vehicle in Transport,On Roadway,N,Intersection-Related,None,,,None,,,N,,,,,LE DEPUTY,St. Johns County Sheriff's Office,Sheriff's Office (SO),7/17/2023 14:45,Y,Left Leaving,Left Turn,Serious Injury,Incapacitating Injury,DAY,N,N,N,Y,N,N,Y,N,N,0,2,1,0,1,0,0,0,0,1,0,0,0,0,2,1,0,0,0,0,0,0,1,1,0,N,0,0,N,0,0,1,0,0,0,2,8000,8000,2,0,0,Preliminary,Editor Mapped,454145.3986,3316198.196,29.97579424,-81.4753169
24964934,2023,1/28/2023 18:59,6/27/2023 15:00,FHP23ON0049170,L,1,5,20,0,St. Johns,Unincorporated,Rural,1/28/2023 19:09,1/28/2023 19:15,1/28/2023 19:45,1/28/2023 23:40,Y,Law Enforcement,STATE ROAD A1A,,29.95369807,-81.3050326,564,South,EUCLID AVENUE,,State,Unpaved,Not at Intersection,Y,Dark - Not Lighted,Cloudy,Dry,N,Other,Pedestrian,On Roadway,N,Non-Junction,None,,,None,,,N,,,,,CPL,Florida Highway Patrol,Florida Highway Patrol (FHP),2/9/2023 14:21,Y,Pedestrian,Pedestrian,Fatality,Fatal (within 30 days),DAY,N,N,N,N,N,N,N,N,N,4,0,0,0,0,1,1,0,0,0,0,1,0,1,1,1,0,3,0,0,0,0,0,0,0,Y,0,1,N,0,0,0,0,0,0,1,1000,1000,1,0,0,Verified,n/a,470563.8952,3313692.037,29.95368154,-81.30506052
89611694,2023,8/1/2023 11:02,8/1/2023 11:56,FHP23ON0400502,L,2,3,20,0,St. Johns,Unincorporated,Urban,8/1/2023 11:07,8/1/2023 11:11,8/1/2023 11:38,8/1/2023 13:33,Y,Law Enforcement,STATE ROAD 207,,29.71431,-81.50824,0,,MAIN STREET (COUNTY ROAD 13),,State,Curb,Four-Way Intersection,N,Daylight,Clear,Dry,N,Front to Front,Motor Vehicle in Transport,On Roadway,N,Intersection,None,,,None,,,N,,,,,TPR,Florida Highway Patrol,Florida Highway Patrol (FHP),8/11/2023 15:00,Y,Left Entering,Left Turn,Serious Injury,Incapacitating Injury,DAY,N,N,N,Y,N,N,Y,N,N,0,3,0,0,3,0,0,0,0,0,0,0,0,0,2,2,0,1,0,0,0,0,0,0,0,N,0,0,N,0,0,1,0,0,0,2,15000,15000,3,0,0,Preliminary,Editor Mapped,450845.2373,3287251.159,29.71443481,-81.50819995
89683577,2023,9/6/2023 14:55,9/6/2023 15:39,FHP23ON0469404,L,2,2,20,0,St. Johns,Unincorporated,Rural,9/6/2023 15:00,9/6/2023 15:02,9/6/2023 15:14,9/6/2023 16:49,Y,Law Enforcement,INTERSTATE 95,,29.73343,-81.34059,119229591,North,STATE ROAD 206,,Interstate,Paved,Not at Intersection,N,Daylight,Clear,Dry,N,Front to Rear,Motor Vehicle in Transport,On Roadway,N,Non-Junction,Obstruction in Roadway,,,None,,,N,,,,,TPR,Florida Highway Patrol,Florida Highway Patrol (FHP),9/10/2023 17:13,Y,Rear End,Rear End,Serious Injury,Incapacitating Injury,DAY,N,N,N,N,N,N,N,Y,N,0,2,1,0,1,0,0,0,0,0,0,0,0,0,2,0,0,0,0,0,0,0,0,0,0,N,0,0,N,0,0,2,0,2,16650,2,20000,36650,1,0,0,Verified,n/a,466647.2979,3290418.569,29.74354634,-81.34492684
24761843,2023,6/27/2023 20:00,8/22/2023 15:05,SJSO23OFF006793,L,1,1,20,50,St. Johns,St. Augustine,Rural,6/27/2023 20:00,6/27/2023 20:00,6/27/2023 20:00,6/27/2023 22:37,Y,Law Enforcement,CR 16A,,29.91741,-81.41184,5280,West,HARDWOOD LANDING,,County,Unpaved,Not at Intersection,N,Dawn,Rain,Wet,N,Other,Culvert,Off Roadway,N,Non-Junction,Road Surface Condition,,,Weather Conditions,,,N,,,,,LE DEPUTY,St. Johns County Sheriff's Office,Sheriff's Office (SO),7/11/2023 15:02,Y,Off Road,Off Road,Serious Injury,Incapacitating Injury,NIGHT,N,Y,N,Y,Y,N,N,Y,N,0,1,0,0,1,0,0,0,0,0,0,0,0,0,1,0,0,0,1,1,1,0,0,0,0,N,0,0,N,0,0,7,0,0,0,1,25000,25000,1,0,0,Preliminary,Editor Mapped,445410.7747,3320586.117,30.01503377,-81.566079
89644477,2023,5/1/2023 21:12,7/24/2023 5:39,FHP23ON0228375,L,2,2,20,0,St. Johns,Unincorporated,Rural,5/1/2023 21:17,5/1/2023 21:24,5/1/2023 21:40,5/2/2023 1:25,Y,Law Enforcement,US-1 NB,,29.99013,-81.37183,0,,VENETIAN BLVD,,U.S.,Paved,T-Intersection,Y,Dark - Not Lighted,Clear,Dry,N,Other,Motor Vehicle in Transport,On Roadway,N,Intersection,None,,,None,,,N,,,,,TPR,Florida Highway Patrol,Florida Highway Patrol (FHP),5/11/2023 15:27,Y,Left Leaving,Left Turn,Fatality,Fatal (within 30 days),NIGHT,N,N,N,N,N,N,Y,N,N,1,0,0,0,0,1,1,0,0,1,0,0,0,0,2,0,1,0,0,0,0,0,1,0,1,N,0,0,N,0,0,0,0,0,0,2,9000,9000,1,0,0,Verified,n/a,464136.1866,3317746.106,29.99009628,-81.37180909
25064418,2023,4/6/2023 20:35,7/26/2023 9:18,FHP23ON0180243,L,1,2,20,0,St. Johns,Unincorporated,Rural,4/6/2023 20:41,4/6/2023 21:12,4/6/2023 21:32,4/7/2023 1:39,Y,Law Enforcement,SR-13,,30.11625793,-81.62592331,293,North,OTOES PL,,State,Curb,Not at Intersection,Y,Dark - Lighted,Clear,Dry,N,Other,Pedalcycle,On Roadway,N,Non-Junction,None,,,None,,,N,,,,,TPR,Florida Highway Patrol,Florida Highway Patrol (FHP),4/13/2023 15:35,Y,Bicycle,Bicycle,Fatality,Fatal (within 30 days),NIGHT,N,N,N,N,N,N,N,N,N,1,0,0,0,0,1,1,0,0,0,0,1,1,0,1,0,0,0,0,0,0,0,0,0,0,N,0,0,Y,0,1,0,0,1,200,1,2500,2700,0,0,1,Verified,n/a,439702.709,3331833.41,30.11626124,-81.62590596
25035940,2023,2/21/2023 6:17,8/2/2023 5:52,FHP23ON0092601,L,2,2,20,0,St. Johns,Unincorporated,Rural,2/21/2023 6:22,2/21/2023 6:24,2/21/2023 6:35,2/21/2023 10:57,Y,Law Enforcement,US-1,,30.04313886,-81.41978352,0,,NORTH STRATTON ROAD,,U.S.,Paved,Four-Way Intersection,Y,Dark - Not Lighted,Clear,Dry,N,Other,Motor Vehicle in Transport,On Roadway,N,Intersection,None,,,None,,,N,,,,,TPR,Florida Highway Patrol,Florida Highway Patrol (FHP),3/1/2023 16:07,Y,Left Leaving,Left Turn,Fatality,Fatal (within 30 days),NIGHT,N,N,Y,N,N,N,Y,N,N,1,0,0,0,0,1,1,0,1,0,0,0,0,0,2,1,0,0,0,0,0,0,0,0,0,N,0,0,N,0,0,0,0,0,0,2,11500,11500,0,0,1,Verified,n/a,459537.7073,3323632.47,30.04307362,-81.41970529
25755155,2023,6/29/2023 12:15,6/29/2023 14:19,SJSO23CAD160422,L,1,1,20,50,St. Johns,St. Augustine,Rural,6/29/2023 12:37,6/29/2023 12:37,6/29/2023 12:37,6/29/2023 14:45,Y,Law Enforcement,BARREL FACTORY RD,,29.98040055,-81.47011647,4739,South,LEONARD RD,,Local,Unpaved,Not at Intersection,N,Daylight,Clear,Dry,N,Other,Ditch,Off Roadway,N,Non-Junction,None,,,None,,,N,,,,,LE DEPUTY,St. Johns County Sheriff's Office,Sheriff's Office (SO),7/12/2023 14:59,Y,Off Road,Off Road,Serious Injury,Incapacitating Injury,DAY,N,N,N,N,N,N,N,Y,N,0,1,0,0,1,0,0,0,0,0,0,0,0,0,1,0,1,0,0,0,0,0,0,0,0,N,0,0,N,0,0,0,0,0,0,1,15000,15000,1,0,0,Preliminary,Editor Mapped,450458.7499,3283614.781,29.68160233,-81.51202917
89682645,2023,12/10/2023 17:02,12/10/2023 17:53,FHP23ON0648129,L,2,3,20,0,St. Johns,Unincorporated,Rural,12/10/2023 17:07,12/10/2023 17:09,12/10/2023 17:34,12/10/2023 19:26,Y,Law Enforcement,I-95,,29.85574,-81.39317,119220771,North,SR-207,,Interstate,Paved,Not at Intersection,N,Dusk,Rain,Wet,N,Other,Guardrail Face,Off Roadway,N,Non-Junction,Road Surface Condition,,,Weather Conditions,,,N,,,,,TPR,Florida Highway Patrol,Florida Highway Patrol (FHP),12/13/2023 21:48,Y,Off Road,Off Road,Serious Injury,Incapacitating Injury,DAY,N,N,Y,Y,N,N,N,Y,N,1,2,0,1,1,0,0,0,1,0,0,0,0,0,2,0,0,1,0,0,0,0,0,0,0,N,0,0,N,0,0,1,0,1,5000,2,15000,20000,2,0,0,Verified,n/a,462727.1356,3300989.827,29.83883679,-81.38583341
89682580,2023,7/18/2023 20:57,7/18/2023 22:03,FHP23ON0375087,L,2,2,20,0,St. Johns,Unincorporated,Rural,7/18/2023 21:02,7/18/2023 21:05,7/18/2023 21:28,7/18/2023 23:48,Y,Law Enforcement,I-95,,29.70601,-81.32959,119229592,South,SR-206,,Interstate,Paved,Not at Intersection,N,Dark - Lighted,Clear,Dry,N,Front to Rear,Motor Vehicle in Transport,On Roadway,N,Non-Junction,None,,,None,,,N,,,,,TPR,Florida Highway Patrol,Florida Highway Patrol (FHP),7/25/2023 14:51,Y,Rear End,Rear End,Serious Injury,Incapacitating Injury,NIGHT,N,N,Y,Y,N,N,N,Y,N,1,1,0,0,1,0,0,0,2,0,0,0,0,0,2,0,0,0,0,0,0,0,0,0,0,N,0,0,N,0,0,1,0,1,8000,2,14000,22000,1,0,0,Verified,n/a,468116.7627,3286251.627,29.7059791,-81.32960723
89611703,2023,9/15/2023 20:11,9/15/2023 21:02,FHP23ON0486840,L,2,3,20,0,St. Johns,Unincorporated,Rural,9/15/2023 20:16,9/15/2023 20:22,9/15/2023 20:37,9/15/2023 21:50,Y,Law Enforcement,STATE ROAD 207,,29.82552,-81.37907,0,,INTERSTATE 95,,State,Unpaved,Four-Way Intersection,N,Dark - Lighted,Clear,Dry,N,Angle,Motor Vehicle in Transport,On Roadway,N,Intersection,None,,,None,,,N,,,,,TPR,Florida Highway Patrol,Florida Highway Patrol (FHP),9/26/2023 19:35,Y,Left Entering,Left Turn,Serious Injury,Incapacitating Injury,NIGHT,N,N,N,Y,N,N,Y,N,N,1,2,0,1,1,0,0,0,0,0,0,0,0,0,2,0,0,1,0,0,0,0,0,0,0,N,0,0,N,0,0,5,0,0,0,2,8000,8000,2,0,0,Preliminary,Editor Mapped,463316.8131,3299433.535,29.82480951,-81.37967632
25070195,2023,7/6/2023 20:40,7/6/2023 21:05,FHP23ON0352485,L,1,2,20,0,St. Johns,Unincorporated,Rural,7/6/2023 20:45,7/6/2023 20:49,7/6/2023 20:49,7/6/2023 22:20,Y,Law Enforcement,MILE 327 I-95 S,,30.03728,-81.49257,8926,South,COUNTY ROAD 210,,Interstate,Paved,Not at Intersection,N,Dusk,Cloudy,Wet,N,Other,Overturn/Rollover,On Roadway,N,Non-Junction,None,,,None,,,N,,,,,TPR,Florida Highway Patrol,Florida Highway Patrol (FHP),7/21/2023 14:50,Y,Rollover,Rollover,Serious Injury,Incapacitating Injury,NIGHT,N,N,N,N,N,N,N,Y,N,0,2,0,0,2,0,0,0,0,1,0,0,0,0,1,1,0,1,0,0,0,0,2,2,0,N,0,0,N,0,0,0,0,0,0,1,10000,10000,2,0,0,Preliminary,Editor Mapped,452512.5764,3323011.291,30.03721527,-81.49254541
25837727,2023,7/17/2023 23:08,7/17/2023 23:32,SJSO23CAD177681,L,2,2,20,50,St. Johns,St. Augustine,Urban,7/17/2023 23:10,7/17/2023 23:12,7/17/2023 23:12,7/18/2023 0:16,Y,Law Enforcement,US1/SR5/PONCE DE LEON,,29.91979,-81.32489,0,,FAIRBANKS STREET,,State,Paved,Four-Way Intersection,N,Dark - Lighted,Clear,Wet,N,Angle,Motor Vehicle in Transport,On Roadway,Y,Intersection,None,,,None,,,N,,,,,PATROLMAN,St. Augustine Police Department,Police Department (PD),7/20/2023 14:53,Y,Left Rear,Left Turn,Serious Injury,Incapacitating Injury,NIGHT,N,N,N,N,N,N,Y,N,N,0,2,1,0,1,0,0,0,0,0,0,0,0,0,2,0,0,0,0,0,0,0,0,0,0,N,0,0,N,0,0,1,0,0,0,2,24000,24000,2,0,0,Preliminary,Editor Mapped,468640.6651,3309984.503,29.92017506,-81.32488289