REPORT_NUMBER,CRASH_YEAR,CRASH_DATE_AND_TIME,REPORT_DATE_AND_TIME,INVESTIGATING_AGENCY_REPORT_NUMBER,FORM_TYPE,TOTAL_NUMBER_OF_VEHICLES,TOTAL_NUMBER_OF_PERSONS,COUNTY_CODE,CITY_CODE,COUNTY_NAME,CITY_NAME,RURAL_OR_URBAN,NOTIFIED_TIME,DISPATCHED_TIME,ARRIVED_TIME,CLEARED_TIME,COMPLETED_FLAG,NOTIFIED_BY,ON_STREET_ROAD_HIGHWAY,STREET_ADDRESS_NUMBER,LATITUDE,LONGITUDE,FEET_FROM_INTERSECTION,DIRECTION_FROM_INTERSECTION,FROM_INTERSECTION_OF,MILEPOST_NUMBER,ROAD_SYSTEM_IDENTIFER,TYPE_OF_SHOULDER,TYPE_OF_INTERSECTION,PHOTOS_TAKEN,LIGHT_CONDITION,WEATHER_CONDITION,ROAD_SURFACE_CONDITION,SCHOOL_BUS_RELATED_CODE,TYPE_OF_IMPACT,FIRST_HARMFUL_EVENT,LOCATION,INTERCHANGE_FLAG,JUNCTION_FLAG,ROAD_CIRCUMSTANCES_1,ROAD_CIRCUMSTANCES_2,ROAD_CIRCUMSTANCES_3,ENVIRONMENT_CIRCUMSTANCES_1,ENVIRONMENT_CIRCUMSTANCES_2,ENVIRONMENT_CIRCUMSTANCES_3,WORK_ZONE_RELATED_FLAG,CRASH_IN_WORK_ZONE,TYPE_OF_WORK_ZONE,WORKERS_PRESENT,LAW_ENFORCEMENT_PRESENT,INVESTIGATOR_RANK,INVESTIGATING_AGENCY_NAME,INVESTIGATING_AGENCY_TYPE,LOAD_DATE,CODEABLE,S4_CRASH_TYPE,S4_CRASH_TYPE_SIMPLIFIED,S4_CRASH_SEVERITY,S4_CRASH_SEVERITY_DETAIL,S4_DAY_OR_NIGHT,S4_IS_AGGRESSIVE_DRIVING,S4_IS_ALCOHOL_RELATED,S4_IS_CMV_INVOLVED,S4_IS_DISTRACTED,S4_IS_DRUG_RELATED,S4_IS_HIT_AND_RUN,S4_IS_INTERSECTION_RELATED,S4_IS_LANE_DEPARTURE_RELATED,S4_IS_SPEEDING_RELATED,S4_NONE_INJURY_COUNT,S4_INJURY_COUNT,S4_POSSIBLE_INJURY_COUNT,S4_NON_INCAPACITATING_INJURY_COUNT,S4_INCAPACITATING_INJURY_COUNT,S4_FATALITY_COUNT,S4_FATALITY_WITHIN_30_DAYS_COUNT,S4_NON_TRAFFIC_FATALITY_COUNT,S4_TRAILER_COUNT,S4_MOTORCYCLE_COUNT,S4_MOPED_COUNT,S4_NON_MOTORIST_COUNT,S4_BICYCLIST_COUNT,S4_PEDESTRIAN_COUNT,S4_DRIVER_COUNT,S4_AGING_DRIVER_COUNT,S4_TEENAGER_DRIVER_COUNT,S4_PASSENGER_COUNT,S4_UNRESTRAINED_COUNT,S4_UNRESTRAINED_INJURY_COUNT,S4_UNRESTRAINED_INCAPACITATING_INJURY_COUNT,S4_UNRESTRAINED_FATALITY_COUNT,S4_MOTORCYCLIST_COUNT,S4_MOTORCYCLIST_INCAPACITATING_INJURY_COUNT,S4_MOTORCYCLIST_FATALITY_COUNT,S4_IS_PEDESTRIAN_INVOLVED,S4_PEDESTRIAN_INCAPACITATING_INJURY_COUNT,S4_PEDESTRIAN_FATALITY_COUNT,S4_IS_BICYCLIST_INVOLVED,S4_BICYCLIST_INCAPACITATING_INJURY_COUNT,S4_BICYCLIST_FATALITY_COUNT,S4_CITATION_COUNT,S4_CITATION_AMOUNT,S4_PROPERTY_DAMAGE_COUNT,S4_PROPERTY_DAMAGE_AMOUNT,S4_VEHICLE_DAMAGE_COUNT,S4_VEHICLE_DAMAGE_AMOUNT,S4_TOTAL_DAMAGE_AMOUNT,S4_TRANSPORT_BY_EMS_COUNT,S4_TRANSPORT_BY_LAW_ENFORCEMENT_COUNT,S4_TRANSPORT_BY_OTHER_COUNT,S4_GEOLOCATION_STATUS,S4_PRELIMINARY_GEOLOCATION_STATUS,S4_X,S4_Y,S4_LATITUDE,S4_LONGITUDE
89714871,2023,11/22/2023 7:06,11/22/2023 8:22,FHP23ON0614542,L,2,5,20,0,St. Johns,Unincorporated,Rural,11/22/2023 7:16,11/22/2023 7:17,11/22/2023 7:32,11/22/2023 11:48,Y,Law Enforcement,INTERSTATE 95 SB,,30.02431825,-81.4851362,119222421,North,MM 326,,State,Paved,Not at Intersection,Y,Daylight,Cloudy,Dry,N,Front to Rear,Motor Vehicle in Transport,On Roadway,N,Non-Junction,None,,,None,,,N,,,,,TPR,Florida Highway Patrol,Florida Highway Patrol (FHP),12/7/2023 19:23,Y,Rear End,Rear End,Serious Injury,Incapacitating Injury,DAY,Y,N,N,N,N,N,N,Y,N,0,5,2,1,2,0,0,0,1,0,0,0,0,0,2,0,0,3,3,3,2,0,0,0,0,N,0,0,N,0,0,2,0,2,49350,2,55000,104350,3,0,0,Verified,n/a,453231.6561,3321582.441,30.02434869,-81.48502446
89611693,2023,7/31/2023 14:31,7/31/2023 15:02,FHP23ON0398941,L,3,4,20,0,St. Johns,Unincorporated,Rural,7/31/2023 14:36,7/31/2023 14:38,7/31/2023 14:47,7/31/2023 15:45,Y,Law Enforcement,STATE ROAD 312,,29.86745,-81.32836,0,,CBL DRIVE,,State,Unpaved,T-Intersection,N,Daylight,Clear,Dry,N,Angle,Motor Vehicle in Transport,On Roadway,N,Intersection,None,,,None,,,N,,,,,TPR,Florida Highway Patrol,Florida Highway Patrol (FHP),8/10/2023 14:53,Y,Left Entering,Left Turn,Serious Injury,Incapacitating Injury,DAY,N,N,N,Y,N,N,Y,N,N,2,2,0,1,1,0,0,0,0,0,0,0,0,0,3,1,0,1,0,0,0,0,0,0,0,N,0,0,N,0,0,0,0,0,0,3,17000,17000,2,0,0,Preliminary,Editor Mapped,468264.1347,3304132.199,29.86735064,-81.32861039
89644499,2023,7/20/2023 6:15,7/20/2023 7:00,FHP23ON0377383,L,2,2,20,0,St. Johns,Unincorporated,Rural,7/20/2023 6:20,7/20/2023 6:26,7/20/2023 6:27,7/20/2023 7:39,Y,Law Enforcement,SR-207 SB,,29.82496198,-81.37973966,0,,I-95 SB 311 OFF RAMP,,State,Paved,Four-Way Intersection,Y,Dawn,Clear,Dry,N,Other,Motor Vehicle in Transport,On Roadway,Y,Intersection,None,,,None,,,N,,,,,TPR,Florida Highway Patrol,Florida Highway Patrol (FHP),7/26/2023 14:53,Y,Other,Other,Serious Injury,Incapacitating Injury,NIGHT,N,N,N,N,N,N,Y,N,N,1,1,0,0,1,0,0,0,0,1,0,0,0,0,2,0,0,0,0,0,0,0,1,1,0,N,0,0,N,0,0,3,0,0,0,2,6000,6000,1,0,0,Preliminary,Editor Mapped,463311.1788,3299450.742,29.82496463,-81.37973522
89600836,2023,7/1/2023 7:19,7/1/2023 8:17,FHP23ON0342148,L,1,1,20,0,St. Johns,Unincorporated,Rural,7/1/2023 7:23,7/1/2023 7:27,7/1/2023 7:39,7/1/2023 9:08,Y,Law Enforcement,INTERSTATE 95,,30.02441,-81.48481,13535,North,COUNTY ROAD 210,,Interstate,Paved,Not at Intersection,N,Daylight,Clear,Dry,N,Other,Tree (standing),On Roadway,N,Non-Junction,None,,,None,,,N,,,,,TPR,Florida Highway Patrol,Florida Highway Patrol (FHP),7/5/2023 15:28,Y,Off Road,Off Road,Serious Injury,Incapacitating Injury,DAY,N,N,N,N,N,N,N,Y,N,0,1,0,0,1,0,0,0,1,0,0,0,0,0,1,0,0,0,0,0,0,0,0,0,0,N,0,0,N,0,0,0,0,0,0,1,7000,7000,1,0,0,Preliminary,Editor Mapped,453227.4605,3321581.731,30.02434212,-81.48506794
89719813,2023,11/18/2023 11:33,11/18/2023 11:52,FHP23ON0607516,L,2,2,20,0,St. Johns,Unincorporated,Rural,11/18/2023 11:43,11/18/2023 11:47,11/18/2023 11:52,11/18/2023 13:12,Y,Law Enforcement,STATE ROAD 16,,29.91808455,-81.41409802,119222782,East,COUNTY ROAD 208,,State,Paved,T-Intersection,N,Daylight,Clear,Dry,N,Other,Motor Vehicle in Transport,On Roadway,N,Driveway/Alley Access Related,None,,,None,,,N,,,,,TPR,Florida Highway Patrol,Florida Highway Patrol (FHP),12/7/2023 19:23,Y,Other,Other,Serious Injury,Incapacitating Injury,DAY,N,N,N,Y,N,N,N,N,N,1,1,0,0,1,0,0,0,0,1,0,0,0,0,2,1,0,0,0,0,0,0,1,1,0,N,0,0,N,0,0,1,0,0,0,2,7000,7000,1,0,0,Preliminary,Editor Mapped,460054.6967,3309765.797,29.9179522,-81.41382368
89645195,2023,9/18/2023 16:36,9/18/2023 17:14,FHP23ON0492008,L,2,2,20,0,St. Johns,Unincorporated,Rural,9/18/2023 16:46,9/18/2023 17:07,9/18/2023 17:35,9/18/2023 19:25,Y,Law Enforcement,U.S. HIGHWAY 1,,29.65807941,-81.28851362,0,,COUNTY ROAD 204,,U.S.,Paved,T-Intersection,N,Daylight,Clear,Dry,N,Angle,Motor Vehicle in Transport,On Roadway,N,Intersection,None,,,None,,,N,,,,,TPR,Florida Highway Patrol,Florida Highway Patrol (FHP),10/4/2023 19:52,Y,Left Rear,Left Turn,Serious Injury,Incapacitating Injury,DAY,N,N,N,Y,N,N,Y,N,N,0,2,1,0,1,0,0,0,0,0,0,0,0,0,2,1,0,0,0,0,0,0,0,0,0,N,0,0,N,0,0,1,0,0,0,2,30000,30000,1,0,0,Preliminary,Editor Mapped,472189.2044,3281024.709,29.6589046,-81.28737281
89565002,2023,9/13/2023 21:17,9/13/2023 21:55,FHP23ON0482794,L,2,3,20,50,St. Johns,St. Augustine,Urban,9/13/2023 21:22,9/13/2023 21:25,9/13/2023 21:46,9/13/2023 22:55,Y,Law Enforcement,STATE ROAD A1A,,29.87361,-81.28477,176,North,SAN RAFAEL ST,,State,Curb,Not at Intersection,N,Dark - Not Lighted,Clear,Dry,N,Angle,Motor Vehicle in Transport,On Roadway,N,Non-Junction,None,,,None,,,N,,,,,TPR,Florida Highway Patrol,Florida Highway Patrol (FHP),10/4/2023 19:52,Y,Left Leaving,Left Turn,Serious Injury,Incapacitating Injury,NIGHT,N,N,N,N,N,N,N,N,N,0,3,0,2,1,0,0,0,0,0,0,0,0,0,2,1,0,1,1,1,1,0,0,0,0,N,0,0,N,0,0,1,0,0,0,2,25000,25000,3,0,0,Preliminary,Editor Mapped,472535.2365,3304709.204,29.87266061,-81.28440034
25058395,2023,5/5/2023 10:54,10/27/2023 20:53,FHP23ON0234830,L,1,2,20,0,St. Johns,Unincorporated,Rural,5/5/2023 11:04,5/5/2023 11:08,5/5/2023 11:25,5/5/2023 13:48,Y,Law Enforcement,DELTONA BOULEVARD,,29.81639274,-81.317387,214,East,ARAGON AVENUE,,Local,Unpaved,Not at Intersection,Y,Daylight,Cloudy,Dry,N,Other,Pedestrian,On Roadway,N,Non-Junction,None,,,None,,,N,,,,,TPR,Florida Highway Patrol,Florida Highway Patrol (FHP),5/19/2023 14:51,Y,Pedestrian,Pedestrian,Fatality,Fatal (within 30 days),DAY,N,N,N,N,N,N,N,N,N,1,0,0,0,0,1,1,0,1,0,0,1,0,1,1,0,0,0,0,0,0,0,0,0,0,Y,0,1,N,0,0,0,0,0,0,1,800,800,1,0,0,Preliminary,Editor Mapped,469299.3295,3298504.858,29.81659189,-81.31773077
89641038,2023,6/10/2023 22:40,9/21/2023 8:20,FHP23ON0303675,L,1,1,20,0,St. Johns,Unincorporated,Rural,6/10/2023 22:44,6/10/2023 22:44,6/10/2023 22:51,6/11/2023 1:00,Y,Law Enforcement,I-95,,29.93674,-81.42637,6749,North,STATE ROAD 16,,Interstate,Paved,Not at Intersection,N,Dark - Lighted,Clear,Dry,N,Other,Motor Vehicle in Transport,Off Roadway,N,Non-Junction,None,,,None,,,N,,,,,CPL,Florida Highway Patrol,Florida Highway Patrol (FHP),7/5/2023 15:28,Y,Single Vehicle,Other,Fatality,Fatal (within 30 days),NIGHT,N,Y,N,N,Y,N,N,Y,N,0,0,0,0,0,1,1,0,0,0,0,0,0,0,1,0,0,0,1,0,0,1,0,0,0,N,0,0,N,0,0,0,0,0,0,1,10000,10000,1,0,0,Verified,n/a,458831.004,3311831.394,29.93655271,-81.42658003
88535487,2023,6/4/2023 17:51,1/26/2024 13:23,FHP23ON0292012,L,1,3,20,0,St. Johns,Unincorporated,Rural,6/4/2023 17:56,6/4/2023 17:58,6/4/2023 18:08,6/5/2023 0:42,Y,Law Enforcement,INTERSTATE 95 NORTH OFF RAMP MILE MARKER 323,,29.98462853,-81.46009702,967,North,INTERNATIONAL GOLF PARKWAY,,Interstate,Paved,Not at Intersection,Y,Daylight,Cloudy,Dry,N,Other,Other Non-Collision,On Roadway,Y,Entrance/Exit Ramp,None,,,None,,,N,,,,,TPR,Florida Highway Patrol,Florida Highway Patrol (FHP),6/8/2023 15:24,N,Single Vehicle,Other,Fatality,Fatal (within 30 days),DAY,Y,N,N,N,N,Y,N,Y,Y,0,2,2,0,0,1,1,0,0,0,0,0,0,0,1,0,0,2,0,0,0,0,0,0,0,N,0,0,N,0,0,2,0,0,0,1,25000,25000,1,0,1,Verified,n/a,455624.4561,3317174.19,29.98465639,-81.46002638
89735566,2023,10/24/2023 0:15,2/13/2024 3:10,FHP23ON0558099,L,1,2,20,0,St. Johns,Unincorporated,Rural,10/24/2023 0:20,10/24/2023 0:22,10/24/2023 0:26,10/24/2023 1:16,Y,Law Enforcement,I-95,,29.92541,-81.41594,119222956,North,STATE ROAD 16,,Interstate,Paved,Not at Intersection,N,Dark - Lighted,Clear,Dry,N,Other,Guardrail Face,Off Roadway,N,Non-Junction,None,,,None,,,N,,,,,TPR,Florida Highway Patrol,Florida Highway Patrol (FHP),10/28/2023 19:18,Y,Off Road,Off Road,Fatality,Fatal (within 30 days),NIGHT,N,N,N,N,N,N,N,Y,N,1,0,0,0,0,1,1,0,0,0,0,0,0,0,1,1,0,1,1,0,0,1,0,0,0,N,0,0,N,0,0,1,0,1,3000,1,10000,13000,1,0,0,Preliminary,Editor Mapped,459844.3565,3310584.763,29.92533608,-81.41603343
25461393,2023,5/21/2023 4:35,9/6/2023 18:07,SJSO23CAD124424,L,1,1,20,0,St. Johns,Unincorporated,Rural,5/21/2023 4:40,5/21/2023 4:41,5/21/2023 4:44,5/21/2023 6:08,Y,Law Enforcement,RACETRACK RD,,30.12027,-81.61882,104,West,HUMMINGBIRD CT,,Local,Curb,Not at Intersection,N,Dark - Not Lighted,Clear,Dry,N,Other,Tree (standing),On Roadway,N,Non-Junction,None,,,None,,,N,,,,,LE DEPUTY,St. Johns County Sheriff's Office,Sheriff's Office (SO),5/22/2023 14:44,Y,Off Road,Off Road,Fatality,Fatal (within 30 days),NIGHT,N,N,N,N,N,N,N,Y,N,0,0,0,0,0,1,1,0,0,0,0,0,0,0,1,0,0,0,0,0,0,0,0,0,0,N,0,0,N,0,0,0,0,0,0,1,10000,10000,1,0,0,Preliminary,Editor Mapped,440362.9142,3332285.115,30.12036987,-81.61907857
25042430,2023,4/7/2023 15:07,10/11/2023 7:40,FHP23ON0181673,L,1,2,20,0,St. Johns,Unincorporated,Rural,4/7/2023 15:11,4/7/2023 15:14,4/7/2023 15:24,4/7/2023 18:25,Y,Law Enforcement,US HIGHWAY 1,,29.65169088,-81.28670484,1070,South,COUNTY ROAD 204,,U.S.,Unpaved,Not at Intersection,Y,Daylight,Cloudy,Dry,N,Other,Pedalcycle,On Roadway,N,Non-Junction,None,,,None,,,N,,,,,CPL,Florida Highway Patrol,Florida Highway Patrol (FHP),4/18/2023 15:36,Y,Bicycle,Bicycle,Fatality,Fatal (within 30 days),DAY,N,N,N,N,N,N,N,N,N,1,0,0,0,0,1,1,0,0,0,0,1,1,0,1,0,0,0,0,0,0,0,0,0,0,N,0,0,Y,0,1,0,0,0,0,1,5000,5000,0,0,1,Verified,n/a,472251.7497,3280265.347,29.65205279,-81.2867071
82384643,2023,3/1/2023 18:30,9/6/2023 12:15,SJSO23OFF002257,L,3,4,20,50,St. Johns,St. Augustine,Rural,3/1/2023 18:31,3/1/2023 18:34,3/1/2023 18:36,3/2/2023 3:08,N,Law Enforcement,ST JOHNS PKWY,,30.03436,-81.52744,0,,AVERY GARDEN PL,,County,Curb,Not at Intersection,N,Dusk,Clear,Dry,N,Front to Front,Curb,Median,N,Non-Junction,None,,,None,,,N,,,,,LE DEPUTY,St. Johns County Sheriff's Office,Sheriff's Office (SO),3/3/2023 14:46,Y,Off Road,Off Road,Fatality,Fatal (within 30 days),DAY,N,Y,N,Y,Y,N,N,Y,N,2,1,0,1,0,1,1,0,0,0,0,0,0,0,3,0,0,1,0,0,0,0,0,0,0,N,0,0,N,0,0,5,0,0,0,3,35000,35000,2,0,0,Preliminary,Computer plot approximate by lat/long,466821.8106,3307754.704,29.90000431,-81.34365687
25460166,2023,9/16/2023 16:11,9/16/2023 16:58,SJSO23CAD226916,L,1,3,20,50,St. Johns,St. Augustine,Rural,9/16/2023 16:15,9/16/2023 16:17,9/16/2023 16:20,9/16/2023 17:11,Y,Law Enforcement,KINGS ESTATE ROAD,,29.84588,-81.3553,699,East,ST. AUGUSTINE BLVD,,County,Unpaved,Not at Intersection,N,Daylight,Clear,Dry,N,Other,Ditch,Off Roadway,N,Non-Junction,None,,,None,,,N,,,,,LE DEPUTY,St. Johns County Sheriff's Office,Sheriff's Office (SO),9/30/2023 19:20,Y,Off Road,Off Road,Serious Injury,Incapacitating Injury,DAY,N,N,N,Y,N,N,N,Y,N,1,2,0,0,2,0,0,0,0,0,0,0,0,0,1,0,1,2,2,2,2,0,0,0,0,N,0,0,N,0,0,1,0,0,0,1,7000,7000,2,0,0,Preliminary,Editor Mapped,465974.8334,3301756.278,29.84584768,-81.3522394
88426604,2023,3/24/2023 22:45,10/2/2023 16:11,FHP23ON0154499,L,1,5,20,50,St. Johns,St. Augustine,Urban,3/24/2023 22:48,3/24/2023 22:57,3/24/2023 23:00,3/25/2023 3:08,Y,Law Enforcement,STATE ROAD A1A,,29.87206623,-81.28433833,121,South,CONTERA DRIVE,,State,Curb,Not at Intersection,Y,Dark - Not Lighted,Clear,Dry,N,Other,Pedestrian,On Roadway,N,Non-Junction,None,,,None,,,N,,,,,SGT,Florida Highway Patrol,Florida Highway Patrol (FHP),3/29/2023 14:49,Y,Pedestrian,Pedestrian,Fatality,Fatal (within 30 days),NIGHT,N,Y,N,N,N,N,N,N,N,3,0,0,0,0,2,2,0,0,0,0,2,0,2,1,0,0,2,0,0,0,0,0,0,0,Y,0,2,N,0,0,0,0,0,0,1,5000,5000,2,1,0,Verified,n/a,472558.166,3304554.235,29.87126258,-81.28415894
89719804,2023,10/21/2023 11:20,10/21/2023 12:33,FHP23ON0553634,L,2,4,20,50,St. Johns,St. Augustine,Rural,10/21/2023 11:30,10/21/2023 11:44,10/21/2023 11:52,10/21/2023 13:25,Y,Law Enforcement,INTERSTATE 95 (SR-9) NB,,29.82945153,-81.38111176,119220772,South,MM 312,,Interstate,Paved,Not at Intersection,N,Daylight,Clear,Dry,N,Front to Rear,Motor Vehicle in Transport,On Roadway,N,Non-Junction,None,,,None,,,N,,,,,TPR,Florida Highway Patrol,Florida Highway Patrol (FHP),11/6/2023 19:18,Y,Rear End,Rear End,Serious Injury,Incapacitating Injury,DAY,Y,N,N,N,N,N,N,N,Y,2,2,0,0,2,0,0,0,1,1,0,0,0,0,2,0,0,2,0,0,0,0,2,2,0,N,0,0,N,0,0,1,0,0,0,2,4000,4000,2,0,0,Preliminary,Editor Mapped,463195.8047,3299950.274,29.82946929,-81.38094643
89654844,2023,12/8/2023 18:25,5/15/2024 10:37,FHP23ON0644681,L,1,3,20,0,St. Johns,Unincorporated,Rural,12/8/2023 18:31,12/8/2023 18:38,12/8/2023 19:22,12/9/2023 3:11,Y,Law Enforcement,STATE ROAD A1A,,29.95146885,-81.30435957,119246375,,EUCLID AVE,,State,Paved,T-Intersection,Y,Dark - Not Lighted,Rain,Wet,N,Unknown,Pedestrian,Shoulder,N,Non-Junction,None,,,None,,,N,,,,,TPR,Florida Highway Patrol,Florida Highway Patrol (FHP),12/19/2023 20:29,Y,Pedestrian,Pedestrian,Fatality,Fatal (within 30 days),DAY,N,Y,N,N,Y,Y,N,Y,N,2,0,0,0,0,1,1,0,0,0,0,1,0,1,1,0,0,1,0,0,0,0,0,0,0,Y,0,1,N,0,0,0,0,0,0,1,1000,1000,0,0,1,Preliminary,Editor Mapped,470634.8887,3313447.271,29.95147433,-81.30431806
89719795,2023,10/3/2023 14:33,10/3/2023 15:11,FHP23ON0520561,L,2,2,20,0,St. Johns,Unincorporated,Rural,10/3/2023 14:43,10/3/2023 14:45,10/3/2023 15:11,10/3/2023 17:03,Y,Law Enforcement,STATE ROAD A1A  (7800 BLOCK),,29.73566989,-81.24158933,4778,South,MILLIKEN LANE,,State,Paved,Not at Intersection,Y,Daylight,Clear,Dry,N,Angle,Motor Vehicle in Transport,On Roadway,N,Non-Junction,None,,,None,,,N,,,,,TPR,Florida Highway Patrol,Florida Highway Patrol (FHP),10/9/2023 19:20,Y,Other,Other,Serious Injury,Incapacitating Injury,DAY,N,N,N,N,N,N,N,N,N,1,1,0,0,1,0,0,0,0,1,0,0,0,0,2,1,0,0,0,0,0,0,1,1,0,N,0,0,N,0,0,2,0,0,0,2,12000,12000,1,0,0,Preliminary,Editor Mapped,476625.6069,3289607.708,29.73645714,-81.24171658
25058417,2023,8/3/2023 15:26,1/31/2024 16:16,FHP23ON0404670,L,2,3,20,0,St. Johns,Unincorporated,Rural,8/3/2023 15:36,8/3/2023 15:40,8/3/2023 15:51,8/3/2023 20:23,Y,Law Enforcement,2984 S PONTE VEDRA BLVD,,29.99088067,-81.31539035,877,South,YELLOW BILL LANE,,State,Unpaved,Not at Intersection,Y,Daylight,Clear,Dry,N,Front to Front,Motor Vehicle in Transport,On Roadway,N,Non-Junction,None,,,None,,,N,,,,,CPL,Florida Highway Patrol,Florida Highway Patrol (FHP),10/17/2023 19:33,Y,Head On,Head On,Fatality,Fatal (within 30 days),DAY,N,N,N,N,N,N,N,Y,N,0,2,0,0,2,1,1,0,0,0,0,0,0,0,2,0,1,1,0,0,0,0,0,0,0,N,0,0,N,0,0,0,0,0,0,2,130000,130000,2,0,0,Verified,n/a,469578.1266,3317816.91,29.99088246,-81.31539394
89735569,2023,10/27/2023 7:35,10/27/2023 9:09,FHP23ON0564167,L,2,2,20,0,St. Johns,Unincorporated,Rural,10/27/2023 7:38,10/27/2023 7:50,10/27/2023 7:58,10/27/2023 10:29,Y,Law Enforcement,US-1,,30.01295,-81.39261,0,,INTERNATIONAL GOLF PARKWAY,,U.S.,Paved,Four-Way Intersection,Y,Daylight,Clear,Dry,N,Angle,Motor Vehicle in Transport,On Roadway,N,Intersection,None,,,None,,,N,,,,,TPR,Florida Highway Patrol,Florida Highway Patrol (FHP),10/30/2023 19:22,Y,Left Entering,Left Turn,Serious Injury,Incapacitating Injury,DAY,N,N,Y,N,N,N,Y,N,N,1,1,0,0,1,0,0,0,1,1,0,0,0,0,2,0,0,0,0,0,0,0,1,1,0,N,0,0,N,0,0,1,0,0,0,2,11000,11000,1,0,0,Preliminary,Editor Mapped,462138.7374,3320284.57,30.01294428,-81.39260692
25442751,2023,3/31/2023 16:55,3/31/2023 17:29,SJSO23CAD079441,L,1,2,20,50,St. Johns,St. Augustine,Urban,3/31/2023 16:58,3/31/2023 16:59,3/31/2023 16:59,3/31/2023 17:32,N,Law Enforcement,SRA1A (ANASTASIA BLVD),,29.89173,-81.3003,119243703,East,ZORAYDA ST,,State,Curb,Four-Way Intersection,N,Daylight,Clear,Dry,N,Other,Pedestrian,On Roadway,Y,Intersection,None,,,Physical Obstruction(s),,,N,,,,,PATROLMAN,St. Augustine Police Department,Police Department (PD),4/6/2023 14:25,Y,Pedestrian,Pedestrian,Serious Injury,Incapacitating Injury,DAY,N,N,N,N,N,N,Y,N,N,0,2,1,0,1,0,0,0,0,1,0,1,0,1,1,0,0,0,0,0,0,0,1,1,0,Y,0,0,N,0,0,1,0,0,0,1,100,100,1,0,0,Verified,n/a,470938.1066,3306853.549,29.8919759,-81.30099671
25442748,2023,3/24/2023 23:31,4/26/2023 14:40,SJSO23CAD073305,L,1,2,20,50,St. Johns,St. Augustine,Urban,3/24/2023 23:32,3/24/2023 23:33,3/24/2023 23:34,3/25/2023 1:25,N,Law Enforcement,SR A1A (ANASTASIA BLVD),107,29.89231,-81.30255,119243636,West,,,State,Paved,Not at Intersection,N,Dark - Lighted,Clear,Dry,N,Other,Pedestrian,On Roadway,N,Non-Junction,None,,,None,,,N,,,,,PATROLMAN,St. Augustine Police Department,Police Department (PD),3/27/2023 14:20,Y,Pedestrian,Pedestrian,Serious Injury,Incapacitating Injury,NIGHT,N,N,N,N,N,N,N,N,N,1,1,0,0,1,0,0,0,0,0,0,1,0,1,1,1,0,0,0,0,0,0,0,0,0,Y,1,0,N,0,0,0,0,0,0,1,5000,5000,1,0,0,Verified,n/a,470781.6016,3306889.291,29.89229475,-81.3026186
26280509,2023,12/31/2023 4:02,12/31/2023 5:33,FHP23ON0685118,L,1,1,20,0,St. Johns,Unincorporated,Rural,12/31/2023 4:07,12/31/2023 5:36,12/31/2023 5:36,12/31/2023 6:33,Y,Law Enforcement,I-95 SB MM321,,29.96015,-81.44596,119222491,South,INTERNATIONAL GOLF PKWY,,Interstate,Paved,Not at Intersection,N,Dark - Not Lighted,Clear,Dry,N,Other,Overturn/Rollover,On Roadway,N,Non-Junction,Other,,,None,,,N,,,,,TPR,Florida Highway Patrol,Florida Highway Patrol (FHP),1/9/2024 19:55,Y,Rollover,Rollover,Serious Injury,Incapacitating Injury,NIGHT,N,N,N,N,N,N,N,Y,N,0,1,0,0,1,0,0,0,0,0,0,0,0,0,1,0,0,0,0,0,0,0,0,0,0,N,0,0,N,0,0,0,0,0,0,1,20000,20000,1,0,0,Preliminary,Editor Mapped,456952.0621,3314445.365,29.9600778,-81.44615384
89719805,2023,11/3/2023 5:07,11/3/2023 6:08,FHP23ON0577128,L,2,2,20,0,St. Johns,Unincorporated,Rural,11/3/2023 5:17,11/3/2023 5:21,11/3/2023 6:08,11/3/2023 8:12,Y,Law Enforcement,INTERSTATE 95 (SR-9) SB,,30.01305728,-81.47749599,119222421,North,MM 326,,Interstate,Paved,Not at Intersection,N,Dark - Lighted,Clear,Dry,N,Front to Rear,Motor Vehicle in Transport,On Roadway,N,Non-Junction,None,,,None,,,N,,,,,TPR,Florida Highway Patrol,Florida Highway Patrol (FHP),11/14/2023 19:54,Y,Rear End,Rear End,Serious Injury,Incapacitating Injury,NIGHT,N,N,N,N,N,N,N,Y,N,1,1,0,0,1,0,0,0,0,0,0,0,0,0,2,1,0,0,0,0,0,0,0,0,0,N,0,0,N,0,0,1,0,0,0,2,17000,17000,1,0,0,Preliminary,Editor Mapped,453896.9975,3320307.605,30.01286948,-81.47806936