REPORT_NUMBER,CRASH_YEAR,CRASH_DATE_AND_TIME,REPORT_DATE_AND_TIME,INVESTIGATING_AGENCY_REPORT_NUMBER,FORM_TYPE,TOTAL_NUMBER_OF_VEHICLES,TOTAL_NUMBER_OF_PERSONS,COUNTY_CODE,CITY_CODE,COUNTY_NAME,CITY_NAME,RURAL_OR_URBAN,NOTIFIED_TIME,DISPATCHED_TIME,ARRIVED_TIME,CLEARED_TIME,COMPLETED_FLAG,NOTIFIED_BY,ON_STREET_ROAD_HIGHWAY,STREET_ADDRESS_NUMBER,LATITUDE,LONGITUDE,FEET_FROM_INTERSECTION,DIRECTION_FROM_INTERSECTION,FROM_INTERSECTION_OF,MILEPOST_NUMBER,ROAD_SYSTEM_IDENTIFER,TYPE_OF_SHOULDER,TYPE_OF_INTERSECTION,PHOTOS_TAKEN,LIGHT_CONDITION,WEATHER_CONDITION,ROAD_SURFACE_CONDITION,SCHOOL_BUS_RELATED_CODE,TYPE_OF_IMPACT,FIRST_HARMFUL_EVENT,LOCATION,INTERCHANGE_FLAG,JUNCTION_FLAG,ROAD_CIRCUMSTANCES_1,ROAD_CIRCUMSTANCES_2,ROAD_CIRCUMSTANCES_3,ENVIRONMENT_CIRCUMSTANCES_1,ENVIRONMENT_CIRCUMSTANCES_2,ENVIRONMENT_CIRCUMSTANCES_3,WORK_ZONE_RELATED_FLAG,CRASH_IN_WORK_ZONE,TYPE_OF_WORK_ZONE,WORKERS_PRESENT,LAW_ENFORCEMENT_PRESENT,INVESTIGATOR_RANK,INVESTIGATING_AGENCY_NAME,INVESTIGATING_AGENCY_TYPE,LOAD_DATE,CODEABLE,S4_CRASH_TYPE,S4_CRASH_TYPE_SIMPLIFIED,S4_CRASH_SEVERITY,S4_CRASH_SEVERITY_DETAIL,S4_DAY_OR_NIGHT,S4_IS_AGGRESSIVE_DRIVING,S4_IS_ALCOHOL_RELATED,S4_IS_CMV_INVOLVED,S4_IS_DISTRACTED,S4_IS_DRUG_RELATED,S4_IS_HIT_AND_RUN,S4_IS_INTERSECTION_RELATED,S4_IS_LANE_DEPARTURE_RELATED,S4_IS_SPEEDING_RELATED,S4_NONE_INJURY_COUNT,S4_INJURY_COUNT,S4_POSSIBLE_INJURY_COUNT,S4_NON_INCAPACITATING_INJURY_COUNT,S4_INCAPACITATING_INJURY_COUNT,S4_FATALITY_COUNT,S4_FATALITY_WITHIN_30_DAYS_COUNT,S4_NON_TRAFFIC_FATALITY_COUNT,S4_TRAILER_COUNT,S4_MOTORCYCLE_COUNT,S4_MOPED_COUNT,S4_NON_MOTORIST_COUNT,S4_BICYCLIST_COUNT,S4_PEDESTRIAN_COUNT,S4_DRIVER_COUNT,S4_AGING_DRIVER_COUNT,S4_TEENAGER_DRIVER_COUNT,S4_PASSENGER_COUNT,S4_UNRESTRAINED_COUNT,S4_UNRESTRAINED_INJURY_COUNT,S4_UNRESTRAINED_INCAPACITATING_INJURY_COUNT,S4_UNRESTRAINED_FATALITY_COUNT,S4_MOTORCYCLIST_COUNT,S4_MOTORCYCLIST_INCAPACITATING_INJURY_COUNT,S4_MOTORCYCLIST_FATALITY_COUNT,S4_IS_PEDESTRIAN_INVOLVED,S4_PEDESTRIAN_INCAPACITATING_INJURY_COUNT,S4_PEDESTRIAN_FATALITY_COUNT,S4_IS_BICYCLIST_INVOLVED,S4_BICYCLIST_INCAPACITATING_INJURY_COUNT,S4_BICYCLIST_FATALITY_COUNT,S4_CITATION_COUNT,S4_CITATION_AMOUNT,S4_PROPERTY_DAMAGE_COUNT,S4_PROPERTY_DAMAGE_AMOUNT,S4_VEHICLE_DAMAGE_COUNT,S4_VEHICLE_DAMAGE_AMOUNT,S4_TOTAL_DAMAGE_AMOUNT,S4_TRANSPORT_BY_EMS_COUNT,S4_TRANSPORT_BY_LAW_ENFORCEMENT_COUNT,S4_TRANSPORT_BY_OTHER_COUNT,S4_GEOLOCATION_STATUS,S4_PRELIMINARY_GEOLOCATION_STATUS,S4_X,S4_Y,S4_LATITUDE,S4_LONGITUDE
25442761,2023,10/30/2023 18:38,10/30/2023 19:47,SJSO23CAD261146,L,1,2,20,50,St. Johns,St. Augustine,Urban,10/30/2023 18:38,10/30/2023 18:39,10/30/2023 18:43,10/30/2023 19:48,N,Law Enforcement,US 1 N (N PONCE DE LEON BV) (SR 5),,29.92251,-81.32443,119244418,,RAMBLA ST,,U.S.,Unpaved,Other,Y,Daylight,Clear,Dry,N,Other,Pedalcycle,On Roadway,N,Crossover-Related,None,,,None,,,N,,,,,PATROLMAN,St. Augustine Police Department,Police Department (PD),10/31/2023 19:39,Y,Bicycle,Bicycle,Serious Injury,Incapacitating Injury,DAY,N,N,N,N,N,N,N,N,N,1,1,0,0,1,0,0,0,0,0,0,1,1,0,1,0,1,0,0,0,0,0,0,0,0,N,0,0,Y,1,0,0,0,1,300,1,2000,2300,1,0,0,Verified,n/a,468636.3002,3310250.036,29.92257127,-81.32493589
25442882,2023,10/2/2023 10:30,10/2/2023 10:58,SJSO23CAD238384,L,1,2,20,50,St. Johns,St. Augustine,Urban,10/2/2023 10:49,10/2/2023 10:50,10/2/2023 10:50,10/2/2023 11:26,Y,Law Enforcement,US 1,,29.87996,-81.32493,119234118,North,JUST NORTH OF ARAPAHOE,,Local,Curb,Four-Way Intersection,N,Daylight,Clear,Dry,N,Other,Pedestrian,On Roadway,N,Intersection,None,,,None,,,N,,,,,PATROLMAN,St. Augustine Police Department,Police Department (PD),10/11/2023 19:50,Y,Pedestrian,Pedestrian,Serious Injury,Incapacitating Injury,DAY,N,N,N,N,N,N,Y,N,N,1,1,0,0,1,0,0,0,0,0,0,1,0,1,1,0,0,0,0,0,0,0,0,0,0,Y,1,0,N,0,0,0,0,0,0,1,1000,1000,1,0,0,Verified,n/a,468629.3776,3305525.705,29.87993589,-81.32486926
89565011,2023,11/4/2023 21:35,5/14/2024 11:08,FHP23ON0580729,L,1,2,20,0,St. Johns,Unincorporated,Rural,11/4/2023 21:40,11/4/2023 21:43,11/4/2023 22:40,11/5/2023 1:55,Y,Law Enforcement,PONTE VEDRA BLVD,,30.14997,-81.35415,45280274,North,MICKLER RD,,Local,Paved,Not at Intersection,Y,Dark - Not Lighted,Clear,Dry,N,Other,Pedestrian,On Roadway,N,Non-Junction,None,,,None,,,N,,,,,TPR,Florida Highway Patrol,Florida Highway Patrol (FHP),11/16/2023 3:25,Y,Pedestrian,Pedestrian,Fatality,Fatal (within 30 days),NIGHT,N,N,N,N,N,N,N,N,N,1,0,0,0,0,1,1,0,0,0,0,1,1,0,1,0,0,0,0,0,0,0,0,0,0,N,0,0,Y,0,1,0,0,0,0,1,5000,5000,1,0,0,Preliminary,Editor Mapped,465891.3053,3335452.235,30.14993255,-81.3541822
25755876,2023,10/13/2023 23:00,10/13/2023 23:28,SJSO23CAD247577,L,2,3,20,50,St. Johns,St. Augustine,Rural,10/13/2023 23:03,10/13/2023 23:05,10/13/2023 23:05,10/13/2023 23:49,Y,Law Enforcement,KIA OF ST AUGUSTINE  (904) 808-0542,,29.84867,-81.32264,901,South,US 1 S,,U.S.,Unpaved,Not at Intersection,N,Dark - Lighted,Clear,Dry,N,Other,Other Fixed Object,On Roadway,N,Non-Junction,None,,,None,,,N,,,,,LE CPL,St. Johns County Sheriff's Office,Sheriff's Office (SO),10/29/2023 19:11,Y,Off Road,Off Road,Serious Injury,Incapacitating Injury,NIGHT,N,N,N,Y,N,N,N,Y,N,2,1,0,0,1,0,0,0,0,1,0,0,0,0,2,0,0,1,0,0,0,0,1,1,0,N,0,0,N,0,0,1,0,0,0,1,2500,2500,1,0,0,Preliminary,Editor Mapped,468827.5879,3302060.684,29.84867031,-81.32271602
89682619,2023,10/24/2023 17:05,10/24/2023 18:04,FHP23ON0559455,L,2,4,20,0,St. Johns,Unincorporated,Rural,10/24/2023 17:10,10/24/2023 17:23,10/24/2023 17:35,10/24/2023 19:38,Y,Law Enforcement,SR-207,,29.87724,-81.32946,0,,HENRY STREET,,State,Paved,T-Intersection,N,Daylight,Clear,Dry,N,Angle,Motor Vehicle in Transport,On Roadway,N,Intersection,None,,,None,,,N,,,,,TPR,Florida Highway Patrol,Florida Highway Patrol (FHP),10/29/2023 19:11,Y,Right Angle,Angle,Serious Injury,Incapacitating Injury,DAY,N,N,N,Y,N,N,Y,N,N,3,1,0,0,1,0,0,0,0,1,0,0,0,0,2,0,0,2,0,0,0,0,1,1,0,N,0,0,N,0,0,1,0,0,0,2,11000,11000,1,0,0,Preliminary,Editor Mapped,468185.5195,3305227.613,29.87723433,-81.32945688
26046006,2023,12/30/2023 0:15,12/30/2023 1:39,SJSO23305196,L,1,4,20,46,St. Johns,Ponte Vedra,Rural,12/30/2023 0:19,12/30/2023 0:24,12/30/2023 0:24,12/30/2023 2:20,N,Law Enforcement,CROSSWATER PKWY,999,30.1041,-81.41477,,,ADVENTURE TRL,,Local,Curb,Four-Way Intersection,N,Dark - Lighted,Clear,Dry,N,Other,Overturn/Rollover,On Roadway,N,Intersection,None,,,None,,,N,,,,,LE DEPUTY,St. Johns County Sheriff's Office,Sheriff's Office (SO),1/2/2024 19:40,Y,Rollover,Rollover,Serious Injury,Incapacitating Injury,NIGHT,N,N,N,N,N,N,Y,N,N,1,3,1,0,2,0,0,0,0,0,0,0,0,0,1,0,0,3,2,2,1,0,0,0,0,N,0,0,N,0,0,0,0,0,0,1,1000,1000,1,0,0,Preliminary,Editor Mapped,460050.087,3330396.977,30.10413522,-81.41464508
89757777,2023,12/31/2023 2:47,3/19/2024 9:41,FHP23ON0685073,L,2,2,20,0,St. Johns,Unincorporated,Rural,12/31/2023 2:52,12/31/2023 2:58,12/31/2023 3:16,12/31/2023 8:51,Y,Law Enforcement,INTERSTATE 95 (SOUTHBOUND),,29.96015,-81.44596,4034,South,INTERNATIONAL GOLF PKWY,,Interstate,Paved,Not at Intersection,Y,Dark - Not Lighted,Clear,Dry,N,Front to Rear,Parked Motor Vehicle,Shoulder,N,Non-Junction,None,,,None,,,N,,,,,TPR,Florida Highway Patrol,Florida Highway Patrol (FHP),1/3/2024 20:36,Y,Parked Vehicle,Other,Fatality,Fatal (within 30 days),NIGHT,N,Y,N,N,N,N,N,Y,N,0,1,0,1,0,1,1,0,0,0,0,0,0,0,2,0,0,0,1,0,0,1,0,0,0,N,0,0,N,0,0,0,0,0,0,2,23500,23500,1,0,1,Preliminary,Computer mapped approximate by address,456247.0506,3315785.354,29.97214542,-81.45351538
25058430,2023,9/4/2023 19:29,11/13/2023 8:57,FHP23ON0466078,L,3,4,20,0,St. Johns,Unincorporated,Rural,9/4/2023 19:39,9/4/2023 19:42,9/4/2023 19:46,9/4/2023 21:38,Y,Law Enforcement,INTERSTATE 95 NB,,30.01156,-81.47705,8008,North,MM 325,,Interstate,Paved,Not at Intersection,N,Dusk,Clear,Dry,N,Front to Rear,Motor Vehicle in Transport,On Roadway,N,Non-Junction,None,,,None,,,N,,,,,TPR,Florida Highway Patrol,Florida Highway Patrol (FHP),9/14/2023 14:49,Y,Rear End,Rear End,Serious Injury,Incapacitating Injury,NIGHT,Y,N,N,N,N,N,N,N,N,2,2,0,1,1,0,0,0,0,2,0,0,0,0,3,0,0,1,0,0,0,0,2,1,0,N,0,0,N,0,0,1,0,0,0,3,17000,17000,2,0,0,Preliminary,Editor Mapped,453992.3096,3320161.391,30.01155359,-81.47707473
25460508,2023,11/14/2023 19:39,11/18/2023 1:13,SJSO23OFF011920,L,1,2,20,40,St. Johns,Hastings,Rural,11/14/2023 19:44,11/14/2023 19:46,11/14/2023 19:50,11/14/2023 21:10,Y,Law Enforcement,CRACKER SWAMP RD,,29.66359,-81.47807,119210293,West,J FLAKE RD,,Local,Unpaved,Four-Way Intersection,N,Dark - Not Lighted,Rain,Wet,N,Other,Culvert,Off Roadway,N,Intersection,Road Surface Condition,,,Weather Conditions,,,N,,,,,LE DEPUTY,St. Johns County Sheriff's Office,Sheriff's Office (SO),11/16/2023 3:25,Y,Off Road,Off Road,Fatality,Fatal (within 30 days),NIGHT,N,N,N,N,N,N,Y,N,N,0,0,0,0,0,2,2,0,0,0,0,0,0,0,1,0,0,1,0,0,0,0,0,0,0,N,0,0,N,0,0,0,0,0,0,1,30000,30000,0,0,0,Verified,n/a,453723.5266,3282047.451,29.66758368,-81.47822044
25756229,2023,9/22/2023 18:04,9/22/2023 21:15,SJSO23OFF010040,L,1,1,20,50,St. Johns,St. Augustine,Rural,9/22/2023 18:04,9/22/2023 18:06,9/22/2023 18:11,9/22/2023 22:45,N,Law Enforcement,CR 13 N,,29.88342,-81.55999,942801692,East,SOLANO COVE ROAD,,County,Unpaved,Not at Intersection,N,Dusk,Clear,Dry,N,Other,Tree (standing),Off Roadway,N,Non-Junction,None,,,None,,,N,,,,,LE CPL,St. Johns County Sheriff's Office,Sheriff's Office (SO),3/13/2024 22:34,Y,Off Road,Off Road,Fatality,Fatal (within 30 days),DAY,N,N,N,N,N,N,N,Y,N,0,0,0,0,0,1,1,0,0,0,0,0,0,0,1,0,0,0,1,0,0,1,0,0,0,N,0,0,N,0,0,0,0,0,0,1,20000,20000,0,0,0,Preliminary,Editor Mapped,446249.6565,3305634.868,29.88014702,-81.5566284
89645200,2023,9/24/2023 19:52,1/18/2024 10:48,FHP23ON0503791,L,2,2,20,0,St. Johns,Unincorporated,Rural,9/24/2023 20:02,9/24/2023 20:05,9/24/2023 20:26,9/25/2023 2:15,Y,Law Enforcement,STATE ROAD A1A (VILANO CSWY),,29.91465643,-81.30785789,0,,HARBOR DRIVE,,State,Paved,T-Intersection,Y,Dark - Lighted,Clear,Dry,N,Angle,Motor Vehicle in Transport,On Roadway,N,Intersection,None,,,None,,,N,,,,,TPR,Florida Highway Patrol,Florida Highway Patrol (FHP),10/3/2023 19:36,N,Other,Other,Fatality,Fatal (within 30 days),NIGHT,Y,N,N,Y,N,N,Y,N,Y,1,0,0,0,0,1,1,0,0,1,0,0,0,0,2,0,0,0,0,0,0,0,1,0,1,N,0,0,N,0,0,0,0,1,500,2,20000,20500,0,0,1,Verified,n/a,470298.2978,3309367.696,29.91464982,-81.3076929
89654777,2023,5/17/2023 15:35,12/6/2023 16:14,FHP23ON0257894,L,2,5,20,0,St. Johns,Unincorporated,Rural,5/17/2023 15:38,5/17/2023 15:40,5/17/2023 15:55,5/17/2023 20:45,Y,Law Enforcement,INTERSTATE 95,,29.82010622,-81.3766316,317,South,MM 311,,Interstate,Paved,Not at Intersection,Y,Daylight,Rain,Wet,N,Other,Guardrail Face,Off Roadway,N,Non-Junction,Road Surface Condition,,,Weather Conditions,,,N,,,,,CPL,Florida Highway Patrol,Florida Highway Patrol (FHP),6/1/2023 14:54,Y,Off Road,Off Road,Fatality,Fatal (within 30 days),DAY,N,N,Y,N,N,N,N,Y,N,1,3,0,3,0,1,1,0,1,0,0,0,0,0,2,0,0,3,0,0,0,0,0,0,0,N,0,0,N,0,0,2,0,1,5000,2,10000,15000,4,0,0,Verified,n/a,463610.7418,3298909.479,29.82008879,-81.37661643
26045490,2023,12/15/2023 23:20,12/15/2023 23:45,SJSO23CAD295500,L,2,3,20,0,St. Johns,Unincorporated,Rural,12/15/2023 23:20,12/15/2023 23:21,12/15/2023 23:21,12/16/2023 0:35,Y,Law Enforcement,RACE TRACK RD,,30.10797,-81.55912,983892203,,VETERANS PKWY,,County,Curb,Four-Way Intersection,N,Dark - Lighted,Clear,Dry,N,Angle,Motor Vehicle in Transport,On Roadway,Y,Intersection,None,,,None,,,N,,,,,LE DEPUTY,St. Johns County Sheriff's Office,Sheriff's Office (SO),12/17/2023 19:11,Y,Left Entering,Left Turn,Serious Injury,Incapacitating Injury,NIGHT,N,N,N,N,N,N,Y,N,N,1,2,0,1,1,0,0,0,0,0,0,0,0,0,2,0,0,1,0,0,0,0,0,0,0,N,0,0,N,0,0,1,0,0,0,2,20000,20000,2,0,0,Preliminary,Editor Mapped,446118.5393,3330879.756,30.10795591,-81.55926184
24402611,2023,9/5/2023 10:04,9/5/2023 11:02,SJSO23CAD218452,L,1,2,20,50,St. Johns,St. Augustine,Urban,9/5/2023 10:44,9/5/2023 10:45,9/5/2023 10:45,9/5/2023 11:06,Y,Law Enforcement,LEWIS BLVD,,29.887,-81.32375,119241616,,US HWY 1,,Local,Curb,T-Intersection,N,Daylight,Clear,Dry,N,Other,Pedalcycle,On Roadway,Y,Intersection,Work Zone,,,None,,,Y,,,,,PATROLMAN,St. Augustine Police Department,Police Department (PD),9/6/2023 16:36,Y,Bicycle,Bicycle,Serious Injury,Incapacitating Injury,DAY,N,N,N,N,N,N,Y,N,N,1,1,0,0,1,0,0,0,0,0,0,1,1,0,1,0,0,0,0,0,0,0,0,0,0,N,0,0,Y,1,0,1,0,0,0,0,0,0,1,0,0,Verified,n/a,468730.0674,3306304.879,29.8869702,-81.32384927
25058404,2023,5/30/2023 22:27,4/3/2024 13:22,FHP23ON0283360,L,2,2,20,0,St. Johns,Unincorporated,Rural,5/30/2023 22:37,5/30/2023 22:41,5/30/2023 23:00,5/31/2023 2:16,Y,Law Enforcement,STATE ROAD 206,,29.75668955,-81.29885879,260,West,SOUTH WALK PLACE,,State,Unpaved,Not at Intersection,Y,Dark - Not Lighted,Cloudy,Dry,N,Front to Rear,Motor Vehicle in Transport,On Roadway,N,Non-Junction,None,,,None,,,N,,,,,TPR,Florida Highway Patrol,Florida Highway Patrol (FHP),6/6/2023 14:55,Y,Rear End,Rear End,Fatality,Fatal (within 30 days),NIGHT,N,Y,N,N,N,N,N,Y,N,1,0,0,0,0,1,1,0,0,0,0,0,0,0,2,1,0,0,1,0,0,1,0,0,0,N,0,0,N,0,0,0,0,0,0,2,11000,11000,0,0,0,Verified,n/a,471105.217,3291862.052,29.75668565,-81.29886315
85969283,2023,10/22/2023 19:59,10/22/2023 20:43,SJSO23CAD254686,L,2,3,20,50,St. Johns,St. Augustine,Urban,10/22/2023 20:00,10/22/2023 20:01,10/22/2023 20:04,10/22/2023 21:58,Y,Law Enforcement,A1A SOUTH,,29.83975,-81.276,0,,BOWERS LN,,State,Curb,Other,Y,Dusk,Clear,Dry,N,Angle,Motor Vehicle in Transport,On Roadway,Y,Intersection,None,,,None,,,N,,,,,PATROLMAN,St. Augustine Beach Police Department,Police Department (PD),10/24/2023 19:30,Y,Left Leaving,Left Turn,Serious Injury,Incapacitating Injury,NIGHT,N,N,N,N,N,N,Y,N,N,2,1,0,0,1,0,0,0,0,1,0,1,0,0,2,0,0,0,0,0,0,0,1,1,0,N,0,0,N,0,0,1,0,0,0,2,42000,42000,1,0,0,Preliminary,Editor Mapped,473342.9395,3301060.288,29.83974799,-81.27594598
89633887,2023,12/14/2023 6:49,12/14/2023 7:35,FHP23ON0654423,L,2,3,20,0,St. Johns,Unincorporated,Rural,12/14/2023 6:54,12/14/2023 6:56,12/14/2023 7:13,12/14/2023 8:38,Y,Law Enforcement,STATE ROAD 207,,29.7694,-81.45567,119219668,South,BOURKE FLOYD ROAD,,State,Unpaved,Not at Intersection,N,Daylight,Clear,Dry,N,Front to Rear,Motor Vehicle in Transport,On Roadway,N,Non-Junction,None,,,None,,,N,,,,,TPR,Florida Highway Patrol,Florida Highway Patrol (FHP),12/28/2023 19:19,Y,Rear End,Rear End,Serious Injury,Incapacitating Injury,NIGHT,N,N,Y,Y,N,N,N,Y,N,1,2,0,1,1,0,0,0,0,0,0,0,0,0,2,0,0,1,0,0,0,0,0,0,0,N,0,0,N,0,0,1,0,0,0,2,25000,25000,2,0,0,Preliminary,Editor Mapped,455353.5548,3292443.303,29.76146291,-81.46180542
25757246,2023,11/4/2023 16:40,11/4/2023 17:18,SJSO23CAD264732,L,1,1,20,40,St. Johns,Hastings,Rural,11/4/2023 16:46,11/4/2023 16:49,11/4/2023 16:52,11/4/2023 17:35,Y,Law Enforcement,TURPIN AVE,,29.6524,-81.46575,119210311,South,MELANIE ST,,Local,Unpaved,Four-Way Intersection,N,Daylight,Clear,Dry,N,Other,Other Non-Collision,On Roadway,Y,Intersection-Related,"Traffic Control Device Inoperative, Missing or Obscured",,,None,,,N,,,,,LE DEPUTY,St. Johns County Sheriff's Office,Sheriff's Office (SO),11/6/2023 19:18,Y,Single Vehicle,Other,Serious Injury,Incapacitating Injury,DAY,Y,N,N,N,N,N,Y,N,Y,0,1,0,0,1,0,0,0,0,1,0,0,0,0,1,0,0,0,0,0,0,0,1,1,0,N,0,0,N,0,0,1,0,0,0,1,10000,10000,1,0,0,Preliminary,Editor Mapped,454921.3007,3280328.385,29.65211357,-81.46577154
25757806,2023,11/5/2023 17:45,11/5/2023 18:17,SJSO23CAD265446,L,2,2,20,50,St. Johns,St. Augustine,Rural,11/5/2023 17:50,11/5/2023 17:55,11/5/2023 17:59,11/5/2023 19:38,Y,Law Enforcement,SR 16,,29.99585,-81.59628,119217436,,SR 13N,,State,Unpaved,T-Intersection,N,Dark - Not Lighted,Clear,Dry,N,Other,Motor Vehicle in Transport,On Roadway,Y,Intersection,None,,,None,,,N,,,,,LE DEPUTY,St. Johns County Sheriff's Office,Sheriff's Office (SO),11/6/2023 19:18,Y,Left Rear,Left Turn,Serious Injury,Incapacitating Injury,DAY,N,N,N,N,N,N,Y,N,N,1,1,0,0,1,0,0,0,0,1,0,0,0,0,2,0,0,0,0,0,0,0,1,1,0,N,0,0,N,0,0,1,0,0,0,2,6000,6000,1,0,0,Preliminary,Editor Mapped,442379.5976,3318472.061,29.99581735,-81.59739599
26043628,2023,9/16/2023 17:30,9/16/2023 19:02,SJSO23OFF009852,L,1,1,20,0,St. Johns,Unincorporated,Rural,9/16/2023 17:57,9/16/2023 17:59,9/16/2023 18:03,9/16/2023 19:04,Y,Law Enforcement,SHETLAND DRIVE,1046,30.08016,-81.58755,624,West,GLASGOW DRIVE,,County,Paved,Not at Intersection,N,Daylight,Clear,Dry,N,Other,Fence,On Roadway,N,Non-Junction,None,,,None,,,N,,,,,LE DEPUTY,St. Johns County Sheriff's Office,Sheriff's Office (SO),9/19/2023 19:36,Y,Off Road,Off Road,Fatality,Fatal (within 30 days),DAY,N,N,N,N,N,N,N,Y,N,0,0,0,0,0,1,1,0,0,1,0,0,0,0,1,0,0,0,0,0,0,0,1,0,1,N,0,0,N,0,0,0,0,0,0,1,10000,10000,1,0,0,Verified,n/a,443386.2646,3327817.475,30.08019808,-81.58745682
89682650,2023,12/27/2023 7:07,12/27/2023 7:48,FHP23ON0678673,L,3,5,20,0,St. Johns,Unincorporated,Rural,12/27/2023 7:12,12/27/2023 7:14,12/27/2023 7:21,12/27/2023 8:51,Y,Law Enforcement,I-95,,29.93674,-81.42637,119222956,North,SR-16,,Interstate,Paved,Not at Intersection,N,Daylight,Cloudy,Dry,N,Other,Guardrail Face,Shoulder,N,Non-Junction,None,,,None,,,N,,,,,TPR,Florida Highway Patrol,Florida Highway Patrol (FHP),1/2/2024 19:40,Y,Off Road,Off Road,Serious Injury,Incapacitating Injury,DAY,N,N,N,N,N,N,N,Y,N,2,3,0,2,1,0,0,0,0,0,0,0,0,0,3,0,2,2,1,1,1,0,0,0,0,N,0,0,N,0,0,1,0,0,0,3,10000,10000,3,0,0,Preliminary,Editor Mapped,458837.8798,3311841.876,29.93664753,-81.4265092
25442719,2023,10/30/2023 19:42,11/15/2023 14:58,SAPD23OFF002581,L,2,2,20,50,St. Johns,St. Augustine,Urban,10/30/2023 19:43,10/30/2023 19:43,10/30/2023 19:43,10/30/2023 19:45,N,Law Enforcement,US-1,,29.90963,-81.32167,0,,W SAN CARLOS,,U.S.,Curb,T-Intersection,Y,Dark - Lighted,Clear,Dry,N,Angle,Motor Vehicle in Transport,On Roadway,Y,Intersection,None,,,None,,,N,,,,,CORPORAL,St. Augustine Police Department,Police Department (PD),10/31/2023 19:39,Y,Left Entering,Left Turn,Serious Injury,Incapacitating Injury,NIGHT,N,Y,N,N,Y,N,Y,N,N,1,1,0,0,1,0,0,0,0,0,0,0,0,0,2,1,1,0,0,0,0,0,0,0,0,N,0,0,N,0,0,2,0,0,0,2,40000,40000,1,0,0,Preliminary,Editor Mapped,468949.4602,3308743.075,29.90897953,-81.32164781
25461019,2023,1/25/2023 15:15,1/25/2023 17:02,SJSO23CAD020519,L,1,2,20,46,St. Johns,Ponte Vedra,Rural,1/25/2023 16:17,1/25/2023 16:19,1/25/2023 16:22,1/25/2023 17:50,Y,Law Enforcement,NOCATEE CENTER WAY,620,30.09812,-81.41433,844586546,South,NOCATEE CENTER WAY,,Private Roadway,Unpaved,Not at Intersection,N,Daylight,Cloudy,Dry,N,Other,Overturn/Rollover,Unknown,N,Shared-Use Path or Trail,None,,,None,,,N,,,,,LE DEPUTY,St. Johns County Sheriff's Office,Sheriff's Office (SO),4/12/2024 19:31,Y,Rollover,Rollover,Serious Injury,Incapacitating Injury,DAY,N,N,N,N,N,N,N,Y,N,0,2,1,0,1,0,0,0,0,0,0,0,0,0,1,0,0,1,2,2,1,0,0,0,0,N,0,0,N,0,0,0,0,0,0,1,5000,5000,1,0,0,Preliminary,Editor Mapped,460059.4449,3329737.205,30.09818159,-81.4145231
25755363,2023,10/6/2023 12:35,10/6/2023 13:33,SJSO23OFF010541,L,1,1,20,40,St. Johns,Hastings,Rural,10/6/2023 12:38,10/6/2023 12:40,10/6/2023 12:47,10/6/2023 18:49,Y,Law Enforcement,PALATKA BLVD,,29.63063,-81.48643,248,East,ERICKSON AVE,,Local,Paved,Not at Intersection,Y,Daylight,Clear,Dry,N,Other,Ran into Water/Canal,Shoulder,N,Non-Junction,None,,,None,,,N,,,,,LE DEPUTY,St. Johns County Sheriff's Office,Sheriff's Office (SO),10/9/2023 19:20,Y,Single Vehicle,Other,Fatality,Fatal (within 30 days),DAY,N,N,N,N,N,N,N,Y,N,0,0,0,0,0,1,1,0,0,0,0,0,0,0,1,0,0,0,1,0,0,1,0,0,0,N,0,0,N,0,0,0,0,0,0,1,10000,10000,1,0,0,Verified,n/a,452988.0927,3277965.064,29.63071345,-81.48564329
25064424,2023,4/20/2023 6:25,4/23/2024 14:49,FHP23ON0206089,L,3,4,20,0,St. Johns,Unincorporated,Rural,4/20/2023 6:30,4/20/2023 6:33,4/20/2023 6:59,4/20/2023 11:33,Y,Law Enforcement,STATE ROAD A1A,,30.07363166,-81.33507777,1380,,GUANA RIVER RD,,State,Paved,Not at Intersection,Y,Dark - Not Lighted,Clear,Dry,N,Other,Motor Vehicle in Transport,On Roadway,N,Non-Junction,None,,,None,,,N,,,,,CPL,Florida Highway Patrol,Florida Highway Patrol (FHP),4/28/2023 14:50,Y,Head On,Head On,Fatality,Fatal (within 30 days),NIGHT,N,Y,N,N,Y,N,N,Y,N,1,1,0,1,0,2,2,0,0,0,0,0,0,0,3,0,0,1,1,1,0,0,0,0,0,N,0,0,N,0,0,1,0,0,0,3,27500,27500,1,0,2,Verified,n/a,467706.0031,3326991.212,30.07362722,-81.33508101