REPORT_NUMBER,CRASH_YEAR,CRASH_DATE_AND_TIME,REPORT_DATE_AND_TIME,INVESTIGATING_AGENCY_REPORT_NUMBER,FORM_TYPE,TOTAL_NUMBER_OF_VEHICLES,TOTAL_NUMBER_OF_PERSONS,COUNTY_CODE,CITY_CODE,COUNTY_NAME,CITY_NAME,RURAL_OR_URBAN,NOTIFIED_TIME,DISPATCHED_TIME,ARRIVED_TIME,CLEARED_TIME,COMPLETED_FLAG,NOTIFIED_BY,ON_STREET_ROAD_HIGHWAY,STREET_ADDRESS_NUMBER,LATITUDE,LONGITUDE,FEET_FROM_INTERSECTION,DIRECTION_FROM_INTERSECTION,FROM_INTERSECTION_OF,MILEPOST_NUMBER,ROAD_SYSTEM_IDENTIFER,TYPE_OF_SHOULDER,TYPE_OF_INTERSECTION,PHOTOS_TAKEN,LIGHT_CONDITION,WEATHER_CONDITION,ROAD_SURFACE_CONDITION,SCHOOL_BUS_RELATED_CODE,TYPE_OF_IMPACT,FIRST_HARMFUL_EVENT,LOCATION,INTERCHANGE_FLAG,JUNCTION_FLAG,ROAD_CIRCUMSTANCES_1,ROAD_CIRCUMSTANCES_2,ROAD_CIRCUMSTANCES_3,ENVIRONMENT_CIRCUMSTANCES_1,ENVIRONMENT_CIRCUMSTANCES_2,ENVIRONMENT_CIRCUMSTANCES_3,WORK_ZONE_RELATED_FLAG,CRASH_IN_WORK_ZONE,TYPE_OF_WORK_ZONE,WORKERS_PRESENT,LAW_ENFORCEMENT_PRESENT,INVESTIGATOR_RANK,INVESTIGATING_AGENCY_NAME,INVESTIGATING_AGENCY_TYPE,LOAD_DATE,CODEABLE,S4_CRASH_TYPE,S4_CRASH_TYPE_SIMPLIFIED,S4_CRASH_SEVERITY,S4_CRASH_SEVERITY_DETAIL,S4_DAY_OR_NIGHT,S4_IS_AGGRESSIVE_DRIVING,S4_IS_ALCOHOL_RELATED,S4_IS_CMV_INVOLVED,S4_IS_DISTRACTED,S4_IS_DRUG_RELATED,S4_IS_HIT_AND_RUN,S4_IS_INTERSECTION_RELATED,S4_IS_LANE_DEPARTURE_RELATED,S4_IS_SPEEDING_RELATED,S4_NONE_INJURY_COUNT,S4_INJURY_COUNT,S4_POSSIBLE_INJURY_COUNT,S4_NON_INCAPACITATING_INJURY_COUNT,S4_INCAPACITATING_INJURY_COUNT,S4_FATALITY_COUNT,S4_FATALITY_WITHIN_30_DAYS_COUNT,S4_NON_TRAFFIC_FATALITY_COUNT,S4_TRAILER_COUNT,S4_MOTORCYCLE_COUNT,S4_MOPED_COUNT,S4_NON_MOTORIST_COUNT,S4_BICYCLIST_COUNT,S4_PEDESTRIAN_COUNT,S4_DRIVER_COUNT,S4_AGING_DRIVER_COUNT,S4_TEENAGER_DRIVER_COUNT,S4_PASSENGER_COUNT,S4_UNRESTRAINED_COUNT,S4_UNRESTRAINED_INJURY_COUNT,S4_UNRESTRAINED_INCAPACITATING_INJURY_COUNT,S4_UNRESTRAINED_FATALITY_COUNT,S4_MOTORCYCLIST_COUNT,S4_MOTORCYCLIST_INCAPACITATING_INJURY_COUNT,S4_MOTORCYCLIST_FATALITY_COUNT,S4_IS_PEDESTRIAN_INVOLVED,S4_PEDESTRIAN_INCAPACITATING_INJURY_COUNT,S4_PEDESTRIAN_FATALITY_COUNT,S4_IS_BICYCLIST_INVOLVED,S4_BICYCLIST_INCAPACITATING_INJURY_COUNT,S4_BICYCLIST_FATALITY_COUNT,S4_CITATION_COUNT,S4_CITATION_AMOUNT,S4_PROPERTY_DAMAGE_COUNT,S4_PROPERTY_DAMAGE_AMOUNT,S4_VEHICLE_DAMAGE_COUNT,S4_VEHICLE_DAMAGE_AMOUNT,S4_TOTAL_DAMAGE_AMOUNT,S4_TRANSPORT_BY_EMS_COUNT,S4_TRANSPORT_BY_LAW_ENFORCEMENT_COUNT,S4_TRANSPORT_BY_OTHER_COUNT,S4_GEOLOCATION_STATUS,S4_PRELIMINARY_GEOLOCATION_STATUS,S4_X,S4_Y,S4_LATITUDE,S4_LONGITUDE
89742810,2023,12/24/2023 17:50,6/22/2024 12:09,FHP23ON0675069,L,3,9,20,0,St. Johns,Unincorporated,Rural,12/24/2023 17:55,12/24/2023 18:00,12/24/2023 18:13,12/24/2023 20:33,Y,Law Enforcement,SR-312,,29.86685,-81.31855,119234048,,SGT TUTTEN DRIVE,,Interstate,Paved,Four-Way Intersection,Y,Dark - Lighted,Cloudy,Dry,N,Angle,Motor Vehicle in Transport,On Roadway,N,Intersection,None,,,None,,,N,,,,,TPR,Florida Highway Patrol,Florida Highway Patrol (FHP),1/12/2024 19:34,Y,Left Entering,Left Turn,Fatality,Fatal (within 30 days),DAY,N,N,N,N,N,N,Y,N,N,5,3,0,3,0,1,1,0,0,0,0,0,0,0,3,0,0,6,0,0,0,0,0,0,0,N,0,0,N,0,0,0,0,0,0,3,14800,14800,4,0,0,Preliminary,Editor Mapped,469232.864,3304075.301,29.86686175,-81.31857814
26043874,2023,10/25/2023 9:34,10/25/2023 9:56,SJSO23CAD256616,L,1,1,20,50,St. Johns,St. Augustine,Rural,10/25/2023 9:34,10/25/2023 9:36,10/25/2023 9:45,10/25/2023 11:00,Y,Law Enforcement,KINGS RD S,3270,29.83248,-81.33788,,,,,Local,Unpaved,Not at Intersection,N,Daylight,Clear,Dry,N,Other,Other Fixed Object,Separator,N,Non-Junction,None,,,Unknown,,,N,,,,,LE DEPUTY,St. Johns County Sheriff's Office,Sheriff's Office (SO),10/26/2023 19:31,Y,Off Road,Off Road,Serious Injury,Incapacitating Injury,DAY,N,N,N,Y,N,N,N,Y,N,0,1,0,0,1,0,0,0,0,0,0,0,0,0,1,1,0,0,0,0,0,0,0,0,0,N,0,0,N,0,0,0,0,1,10000,1,35000,45000,1,0,0,Verified,n/a,467357.3436,3300269.901,29.83247101,-81.33788227
89644479,2023,5/5/2023 23:50,12/1/2023 14:39,FHP23ON0236353,L,2,7,20,50,St. Johns,St. Augustine,Rural,5/5/2023 23:55,5/5/2023 23:56,5/6/2023 0:25,5/6/2023 2:32,Y,Law Enforcement,US-1,,29.81486951,-81.32270285,0,,WILDWOOD DRIVE,,U.S.,Paved,Four-Way Intersection,Y,Dark - Lighted,Clear,Dry,N,Front to Front,Motor Vehicle in Transport,On Roadway,N,Intersection,None,,,None,,,N,,,,,CPL,Florida Highway Patrol,Florida Highway Patrol (FHP),7/12/2023 14:59,Y,Left Entering,Left Turn,Fatality,Fatal (within 30 days),NIGHT,N,N,N,N,N,N,Y,N,N,4,2,0,0,2,1,1,0,0,0,0,0,0,0,2,0,1,5,2,1,1,1,0,0,0,N,0,0,N,0,0,0,0,2,1250,2,10000,11250,3,0,0,Verified,n/a,468818.4854,3298311.608,29.81483581,-81.3227015
89654833,2023,10/18/2023 12:05,4/8/2024 8:51,FHP23ON0547806,L,2,2,20,0,St. Johns,Unincorporated,Rural,10/18/2023 12:08,10/18/2023 12:12,10/18/2023 12:32,10/18/2023 17:08,Y,Law Enforcement,US HWY 1,,29.69318876,-81.29537897,824990093,South,SMITH GRADE RD,,U.S.,Paved,Not at Intersection,Y,Daylight,Clear,Dry,N,Angle,Motor Vehicle in Transport,On Roadway,N,Other,None,,,None,,,N,,,,,TPR,Florida Highway Patrol,Florida Highway Patrol (FHP),11/2/2023 19:20,Y,Other,Other,Fatality,Fatal (within 30 days),DAY,N,N,N,N,N,N,N,N,N,1,0,0,0,0,1,1,0,1,1,0,0,0,0,2,1,0,0,0,0,0,0,1,0,1,N,0,0,N,0,0,1,0,0,0,2,4500,4500,0,0,1,Verified,n/a,471409.2187,3284896.642,29.69383082,-81.29553459
88426602,2023,3/16/2023 20:40,12/29/2023 9:37,FHP23ON0139036,L,1,3,20,0,St. Johns,Unincorporated,Rural,3/16/2023 20:50,3/16/2023 20:53,3/16/2023 21:29,3/16/2023 23:28,Y,Law Enforcement,STATE ROAD A1A,,29.78071378,-81.25757644,583,South,TREASURE BEACH,,State,Paved,Not at Intersection,Y,Dark - Not Lighted,Clear,Dry,N,Angle,Pedalcycle,On Roadway,N,Non-Junction,None,,,None,,,N,,,,,CPL,Florida Highway Patrol,Florida Highway Patrol (FHP),3/26/2023 14:16,Y,Bicycle,Bicycle,Serious Injury,Incapacitating Injury,NIGHT,N,N,N,N,N,N,N,N,N,2,1,0,0,1,0,0,0,0,0,0,2,2,0,1,0,0,0,0,0,0,0,0,0,0,N,0,0,Y,1,0,2,0,1,100,1,500,600,1,0,0,Preliminary,Editor Mapped,475108.0819,3294515.336,29.78071815,-81.25752253
25314693,2023,4/13/2023 14:30,4/13/2023 0:00,2023-00036346,L,2,4,41,0,Nassau,Unincorporated,Urban,4/13/2023 14:33,4/13/2023 14:35,4/13/2023 14:42,4/13/2023 16:00,Y,Law Enforcement,SR200,,,,0,,STRATTON RD,,State,Curb,T-Intersection,,Daylight,Cloudy,Dry,N,Angle,Motor Vehicle in Transport,On Roadway,N,Intersection,None,,,None,,,N,,,,,Dep.,Nassau County Sheriff's Office,Sheriff's Office (SO),4/24/2023 15:28,Y,Left Leaving,Left Turn,Serious Injury,Incapacitating Injury,DAY,N,N,N,N,N,N,Y,N,N,1,3,1,0,2,0,0,0,0,0,0,0,0,0,2,0,1,2,0,0,0,0,0,0,0,N,0,0,N,0,0,1,0,0,0,2,20000,20000,3,0,0,Preliminary,Editor Mapped,420825.6937,3382070.857,30.56848411,-81.82563671
25314308,2023,2/10/2023 10:31,2/10/2023 0:00,2023-00014602,L,2,2,41,0,Nassau,Unincorporated,Rural,2/10/2023 10:32,2/10/2023 10:34,2/10/2023 10:39,2/10/2023 11:35,Y,Law Enforcement,SR200,,,,490,East,MINER RD,,State,Curb,Not at Intersection,,Daylight,Cloudy,Dry,N,Front to Rear,Motor Vehicle in Transport,On Roadway,N,Driveway/Alley Access Related,None,,,None,,,N,,,,,Dep.,Nassau County Sheriff's Office,Sheriff's Office (SO),2/20/2023 15:58,Y,Rear End,Rear End,Serious Injury,Incapacitating Injury,DAY,N,N,N,N,N,N,N,N,N,1,1,0,0,1,0,0,0,0,0,0,0,0,0,2,0,0,0,0,0,0,0,0,0,0,N,0,0,N,0,0,1,0,0,0,2,6000,6000,1,0,0,Preliminary,Editor Mapped,444049.7506,3388796.627,30.63048342,-81.58383075
25075606,2023,1/23/2023 23:26,1/24/2023 0:01,FHP23ON0040519,L,1,1,41,0,Nassau,Unincorporated,Rural,1/23/2023 23:31,1/23/2023 23:32,1/23/2023 23:49,1/24/2023 1:05,Y,Law Enforcement,I-95,,30.60352389,-81.64492556,1619,South,SR-200,,Interstate,Paved,Not at Intersection,N,Dark - Not Lighted,Cloudy,Dry,N,Other,Overturn/Rollover,On Roadway,N,Non-Junction,None,,,None,,,N,,,,,TPR,Florida Highway Patrol,Florida Highway Patrol (FHP),1/30/2023 14:50,Y,Rollover,Rollover,Serious Injury,Incapacitating Injury,NIGHT,N,N,N,N,N,N,N,Y,N,0,1,0,0,1,0,0,0,0,0,0,0,0,0,1,0,1,0,0,0,0,0,0,0,0,N,0,0,N,0,0,0,0,1,204,1,7800,8004,1,0,0,Preliminary,Editor Mapped,438005.4391,3386543.103,30.60985102,-81.64676363
25107833,2023,2/9/2023 19:00,2/9/2023 0:00,2023-00014372,L,1,1,41,0,Nassau,Unincorporated,Rural,2/9/2023 19:10,2/9/2023 19:12,2/9/2023 19:34,2/9/2023 20:58,Y,Law Enforcement,US HWY 301,,,,70,South,THOMAS CREEK RD,,U.S.,Paved,T-Intersection,,Dark - Not Lighted,Rain,Wet,N,Other,Motor Vehicle in Transport,On Roadway,N,Non-Junction,None,,,Weather Conditions,,,N,,,,,,Nassau County Sheriff's Office,Sheriff's Office (SO),2/16/2023 18:54,Y,Single Vehicle,Other,Serious Injury,Incapacitating Injury,NIGHT,N,N,N,N,N,N,N,N,N,0,1,0,0,1,0,0,0,0,1,0,0,0,0,1,0,0,0,0,0,0,0,1,1,0,N,0,0,N,0,0,1,0,0,0,1,300,300,1,0,0,Preliminary,Editor Mapped,415934.8901,3375760.234,30.51121116,-81.87612226
24967482,2023,1/21/2023 9:20,1/21/2023 10:05,FHP23ON0036051,L,1,2,41,60,Nassau,Yulee,Urban,1/21/2023 9:25,1/21/2023 9:26,1/21/2023 9:31,1/21/2023 10:46,Y,Law Enforcement,INTERSTATE 95,,30.57686451,-81.64604521,15784,South,SR.200,,Interstate,Paved,Not at Intersection,N,Daylight,Cloudy,Dry,N,Other,Overturn/Rollover,Shoulder,N,Non-Junction,None,,,None,,,N,,,,,TPR,Florida Highway Patrol,Florida Highway Patrol (FHP),2/3/2023 14:52,Y,Rollover,Rollover,Serious Injury,Incapacitating Injury,DAY,N,N,N,N,N,N,N,Y,N,0,2,0,0,2,0,0,0,1,0,0,0,0,0,1,0,0,1,0,0,0,0,0,0,0,N,0,0,N,0,0,2,0,0,0,1,8000,8000,2,0,0,Preliminary,Editor Mapped,438174.4348,3382288.143,30.57146632,-81.64474646
25107997,2023,1/21/2023 23:55,1/21/2023 0:00,2023-00007620,L,1,6,41,0,Nassau,Unincorporated,Rural,1/21/2023 23:56,1/21/2023 0:01,1/21/2023 0:07,1/21/2023 1:58,Y,Law Enforcement,RATLIFF RD,,,,19,West,HUNTER RD,,Local,Unpaved,T-Intersection,,Dark - Not Lighted,Clear,Dry,N,Other,Motor Vehicle in Transport,On Roadway,N,Intersection,None,,,None,,,N,,,,,,Nassau County Sheriff's Office,Sheriff's Office (SO),1/28/2023 14:48,Y,Single Vehicle,Other,Serious Injury,Incapacitating Injury,NIGHT,N,N,N,N,N,N,Y,N,N,4,2,1,0,1,0,0,0,0,0,0,0,0,0,1,0,1,5,2,2,1,0,0,0,0,N,0,0,N,0,0,1,0,1,150,1,10000,10150,1,0,0,Preliminary,Editor Mapped,423505.36,3375553.171,30.5098493,-81.79721471
25028815,2023,1/1/2023 13:23,1/1/2023 13:49,FHP23ON0000870,L,1,1,41,60,Nassau,Yulee,Rural,1/1/2023 13:28,1/1/2023 13:30,1/1/2023 13:35,1/1/2023 14:45,Y,Law Enforcement,INTERSTATE 95 NORTHBOUND,,30.61879,-81.65177,8,West,RAMP TO STATE ROAD 200 EASTBOUND,,Interstate,Paved,Other,N,Daylight,Cloudy,Dry,N,Other,Curb,Median,Y,Entrance/Exit Ramp,None,,,None,,,N,,,,,TPR,Florida Highway Patrol,Florida Highway Patrol (FHP),1/11/2023 14:57,Y,Off Road,Off Road,Serious Injury,Incapacitating Injury,DAY,N,N,N,N,N,N,N,Y,N,0,1,0,0,1,0,0,0,0,1,0,0,0,0,1,0,0,0,0,0,0,0,1,1,0,N,0,0,N,0,0,3,0,0,0,1,7000,7000,1,0,0,Preliminary,Editor Mapped,437531.5207,3387528.93,30.61872164,-81.65176714
25313975,2023,1/30/2023 13:33,1/30/2023 0:00,2023-00011184,L,3,3,41,0,Nassau,Unincorporated,Rural,1/30/2023 13:34,1/30/2023 13:35,1/30/2023 13:45,1/30/2023 16:15,Y,Law Enforcement,COUNTY ROAD 107,,,,64,North,ARBOR LANE,,County,Unpaved,Not at Intersection,,Daylight,Cloudy,Dry,N,Front to Rear,Motor Vehicle in Transport,On Roadway,N,Non-Junction,None,,,None,,,N,,,,,,Nassau County Sheriff's Office,Sheriff's Office (SO),2/8/2023 14:25,Y,Rear End,Rear End,Serious Injury,Incapacitating Injury,DAY,N,N,N,Y,N,N,N,Y,N,0,3,2,0,1,0,0,0,0,0,0,0,0,0,3,1,0,0,0,0,0,0,0,0,0,N,0,0,N,0,0,3,0,0,0,3,12000,12000,1,0,0,Preliminary,Editor Mapped,450258.4272,3382790.554,30.5765629,-81.51875783
89693496,2023,12/18/2023 12:25,3/15/2024 18:45,FHP23ON0663086,L,2,2,41,0,Nassau,Unincorporated,Rural,12/18/2023 12:29,12/18/2023 12:36,12/18/2023 12:39,12/18/2023 17:30,Y,Law Enforcement,US-1,,30.67357,-81.90072,208220109,,BURGES GEIGER ROAD,,U.S.,Paved,Not at Intersection,Y,Daylight,Clear,Dry,N,Angle,Motor Vehicle in Transport,On Roadway,N,Intersection,None,,,None,,,N,,,,,TPR,Florida Highway Patrol,Florida Highway Patrol (FHP),12/19/2023 20:29,Y,Right Angle,Angle,Fatality,Fatal (within 30 days),DAY,N,N,Y,N,N,N,Y,N,N,1,0,0,0,0,1,1,0,1,0,0,0,0,0,2,1,0,0,0,0,0,0,0,0,0,N,0,0,N,0,0,0,0,0,0,2,14000,14000,0,0,1,Preliminary,Editor Mapped,413541.6143,3393886.04,30.6745843,-81.90257676
25314034,2023,2/16/2023 12:40,2/16/2023 0:00,2023-00016675,L,3,3,41,0,Nassau,Unincorporated,Rural,2/16/2023 12:43,2/16/2023 12:45,2/16/2023 12:51,2/16/2023 15:00,N,Law Enforcement,S. 14TH STREET,,,,105,North,SADLER ROAD,,Local,Paved,Not at Intersection,,Daylight,Clear,Dry,N,Angle,Motor Vehicle in Transport,On Roadway,N,Non-Junction,None,,,None,,,N,,,,,Dep.,Nassau County Sheriff's Office,Sheriff's Office (SO),3/5/2023 14:13,Y,Right Angle,Angle,Serious Injury,Incapacitating Injury,DAY,Y,Y,N,N,N,Y,N,N,N,2,1,0,0,1,0,0,0,0,0,0,0,0,0,3,0,0,0,0,0,0,0,0,0,0,N,0,0,N,0,0,2,0,1,0,3,14000,14000,0,0,0,Preliminary,Editor Mapped,456312.2552,3389761.056,30.63969742,-81.45591842
25314121,2023,2/19/2023 20:05,2/19/2023 0:00,2023-00017728,L,1,1,41,0,Nassau,Unincorporated,Rural,2/19/2023 20:05,2/19/2023 20:06,2/19/2023 20:12,2/19/2023 20:55,Y,Law Enforcement,MORGANS WAY,,,,13,North,PIRATES POINT RD,,Local,Paved,Not at Intersection,,Dark - Lighted,Clear,Dry,N,Other,Motor Vehicle in Transport,On Roadway,N,Non-Junction,None,None,None,None,None,None,N,,,,,,Nassau County Sheriff's Office,Sheriff's Office (SO),3/2/2023 14:51,Y,Single Vehicle,Other,Serious Injury,Incapacitating Injury,NIGHT,N,N,N,N,N,N,N,N,N,0,1,0,0,1,0,0,0,0,1,0,0,0,0,1,0,0,0,0,0,0,0,1,1,0,N,0,0,N,0,0,0,0,0,0,1,250,250,1,0,0,Preliminary,Editor Mapped,449547.5638,3394157.46,30.67910086,-81.52672641
25314303,2023,2/7/2023 6:50,2/7/2023 0:00,2023-00013751,L,1,4,41,0,Nassau,Unincorporated,Rural,2/7/2023 6:50,2/7/2023 6:52,2/7/2023 6:52,2/7/2023 8:00,Y,Law Enforcement,SR200,,,,62,South,N HARTS RD,,State,Curb,T-Intersection,,Dark - Lighted,Clear,Dry,N,Angle,Pedalcycle,On Roadway,N,Intersection,None,,,None,,,N,,,,,Dep.,Nassau County Sheriff's Office,Sheriff's Office (SO),2/18/2023 17:40,Y,Bicycle,Bicycle,Serious Injury,Incapacitating Injury,NIGHT,N,N,N,N,N,N,Y,N,N,3,1,0,0,1,0,0,0,0,0,0,1,1,0,1,0,0,2,0,0,0,0,0,0,0,N,0,0,Y,1,0,0,0,1,100,1,50,150,1,0,0,Preliminary,Editor Mapped,441864.0757,3388858.517,30.63093748,-81.6066403
25107825,2023,2/4/2023 22:30,2/5/2023 0:00,2023-00013006,L,1,2,41,0,Nassau,Unincorporated,Rural,2/4/2023 22:37,2/4/2023 22:40,2/4/2023 23:09,2/4/2023 0:05,Y,Law Enforcement,CR 121,11283,,,890,North,,,County,Unpaved,Not at Intersection,,Dark - Not Lighted,Clear,Dry,N,Other,Motor Vehicle in Transport,On Roadway,N,Non-Junction,None,,,None,,,N,,,,,,Nassau County Sheriff's Office,Sheriff's Office (SO),2/16/2023 18:53,Y,Single Vehicle,Other,Serious Injury,Incapacitating Injury,NIGHT,N,N,N,Y,N,N,N,Y,N,0,2,0,1,1,0,0,0,0,0,0,0,0,0,1,0,0,1,1,1,1,0,0,0,0,N,0,0,N,0,0,2,0,0,0,1,6000,6000,1,0,0,Preliminary,Editor Mapped,401628.0529,3366078.975,30.42277432,-82.02429423
25022825,2023,11/26/2023 12:31,11/26/2023 13:13,FHP23ON0621445,L,2,3,41,42,Nassau,Hilliard,Urban,11/26/2023 12:36,11/26/2023 12:37,11/26/2023 12:55,11/26/2023 14:34,Y,Law Enforcement,US.1,,30.72978007,-81.94467692,45984034,South,ANDREWS RD,,U.S.,Paved,Other,N,Daylight,Rain,Wet,N,Angle,Motor Vehicle in Transport,On Roadway,N,Non-Junction,None,,,None,,,N,,,,,TPR,Florida Highway Patrol,Florida Highway Patrol (FHP),12/11/2023 19:31,Y,Right Angle,Angle,Serious Injury,Incapacitating Injury,DAY,N,N,N,N,N,N,N,Y,N,0,3,0,2,1,0,0,0,0,0,0,0,0,0,2,1,0,1,0,0,0,0,0,0,0,N,0,0,N,0,0,1,0,1,300,2,20000,20300,1,0,0,Verified,n/a,409568.4415,3400024.083,30.72966951,-81.94458915
25053245,2023,3/4/2023 17:52,3/4/2023 18:37,FHP23ON0115806,L,1,1,41,0,Nassau,Unincorporated,Rural,3/4/2023 17:54,3/4/2023 17:55,3/4/2023 18:06,3/4/2023 19:30,Y,Law Enforcement,SR-200,,30.62888,-81.55983,0,,GENE LASSERE BLVD,,State,Curb,Four-Way Intersection,N,Daylight,Clear,Dry,N,Other,Utility Pole/Light Support,On Roadway,N,Intersection,None,,,None,,,N,,,,,TPR,Florida Highway Patrol,Florida Highway Patrol (FHP),3/9/2023 14:49,Y,Off Road,Off Road,Serious Injury,Incapacitating Injury,DAY,N,N,N,N,N,N,Y,N,N,0,1,0,0,1,0,0,0,0,0,0,0,0,0,1,0,0,0,0,0,0,0,0,0,0,N,0,0,N,0,0,0,0,0,0,1,5000,5000,1,0,0,Preliminary,Editor Mapped,446353.9381,3388605.699,30.62886634,-81.55977804
25693037,2023,7/11/2023 15:50,7/11/2023 0:00,2023-00066648,L,3,4,41,0,Nassau,Unincorporated,Rural,7/11/2023 15:50,7/11/2023 15:51,7/11/2023 15:51,7/11/2023 16:51,Y,Law Enforcement,CR 108,,,,208225727,West,PINERIDGE RD,,County,Paved,Not at Intersection,,Daylight,Clear,Dry,N,Front to Rear,Motor Vehicle in Transport,On Roadway,N,Non-Junction,None,,,None,,,N,,,,,Dep.,Nassau County Sheriff's Office,Sheriff's Office (SO),7/24/2023 14:45,Y,Rear End,Rear End,Serious Injury,Incapacitating Injury,DAY,N,N,N,Y,N,N,N,Y,N,0,4,1,2,1,0,0,0,0,0,0,0,0,0,3,0,0,1,0,0,0,0,0,0,0,N,0,0,N,0,0,0,0,1,500,3,25000,25500,0,0,0,Verified,n/a,414369.483,3396494.226,30.69817656,-81.89415202
25693168,2023,10/13/2023 15:18,10/13/2023 0:00,2023-00096246,L,1,2,41,0,Nassau,Unincorporated,Rural,10/13/2023 15:19,10/13/2023 15:21,10/13/2023 15:27,10/13/2023 16:13,Y,Law Enforcement,JULIA ST.,,,,45341673,,FIRST COAST HWY,,State,Paved,T-Intersection,,Daylight,Clear,Dry,N,"Sideswipe, Opposite Direction",Pedalcycle,On Roadway,N,Non-Junction,None,,,None,,,N,,,,,,Nassau County Sheriff's Office,Sheriff's Office (SO),10/26/2023 19:31,Y,Bicycle,Bicycle,Serious Injury,Incapacitating Injury,DAY,N,N,N,N,N,N,N,Y,N,1,1,0,0,1,0,0,0,0,0,0,1,1,0,1,1,0,0,0,0,0,0,0,0,0,N,0,0,Y,1,0,0,0,0,0,1,500,500,1,0,0,Verified,n/a,456461.4887,3382536.716,30.57451412,-81.45405689
25021811,2023,1/15/2023 18:55,3/28/2023 13:31,FHP23ON0026155,L,1,1,41,0,Nassau,Unincorporated,Rural,1/15/2023 19:03,1/15/2023 19:11,1/15/2023 19:17,1/15/2023 23:30,Y,Law Enforcement,U.S. HIGHWAY 1,,30.71202336,-81.93150422,221,North,KARA DR,,U.S.,Unpaved,Not at Intersection,Y,Dark - Not Lighted,Clear,Dry,N,Other,Guardrail Face,Off Roadway,N,Non-Junction,None,,,None,,,N,,,,,CPL,Florida Highway Patrol,Florida Highway Patrol (FHP),1/24/2023 14:51,Y,Off Road,Off Road,Fatality,Fatal (within 30 days),DAY,N,Y,N,N,N,N,N,Y,N,0,0,0,0,0,1,1,0,0,0,0,0,0,0,1,0,0,0,0,0,0,0,0,0,0,N,0,0,N,0,0,0,0,1,5000,1,15000,20000,0,0,1,Verified,n/a,410756.5259,3398033.388,30.71179835,-81.9320078
89638476,2023,4/25/2023 23:33,4/26/2023 0:16,FHP23ON0217078,L,2,4,41,30,Nassau,Callahan,Rural,4/25/2023 23:35,4/25/2023 23:35,4/25/2023 23:58,4/26/2023 1:45,Y,Law Enforcement,US-301 NB,,30.63011313,-81.85177766,470,South,SAULS ROAD,,Interstate,Paved,Not at Intersection,N,Dark - Not Lighted,Clear,Dry,N,Front to Rear,Motor Vehicle in Transport,On Roadway,N,Non-Junction,None,,,None,,,N,,,,,TPR,Florida Highway Patrol,Florida Highway Patrol (FHP),4/30/2023 14:42,Y,Rear End,Rear End,Serious Injury,Incapacitating Injury,NIGHT,N,N,N,N,N,N,N,N,N,0,4,0,0,4,0,0,0,0,0,0,0,0,0,2,1,0,2,0,0,0,0,0,0,0,N,0,0,N,0,0,2,0,0,0,2,11500,11500,4,0,0,Preliminary,Editor Mapped,418430.9326,3388745.554,30.62854772,-81.85113352
89616266,2023,3/7/2023 19:50,3/7/2023 21:24,FHP23ON0121703,L,1,1,41,60,Nassau,Yulee,Rural,3/7/2023 19:55,3/7/2023 20:01,3/7/2023 21:14,3/7/2023 21:41,Y,Law Enforcement,WORTHINGTON DRIVE,,30.65675189,-81.56107326,198,North,KENSINGTON COURT,,Local,Curb,Not at Intersection,N,Dark - Lighted,Clear,Dry,N,Other,Other Fixed Object,On Roadway,N,Non-Junction,None,,,None,,,N,,,,,TPR,Florida Highway Patrol,Florida Highway Patrol (FHP),3/25/2023 14:21,Y,Off Road,Off Road,Serious Injury,Incapacitating Injury,NIGHT,N,N,N,N,N,N,N,Y,N,0,1,0,0,1,0,0,0,0,0,0,0,0,0,1,0,0,0,0,0,0,0,0,0,0,N,0,0,N,0,0,0,0,1,20000,1,8000,28000,1,0,0,Preliminary,Editor Mapped,446117.9338,3391275.923,30.65294992,-81.56237994
25314585,2023,4/4/2023 14:00,4/4/2023 0:00,2023-00033189,L,2,2,41,0,Nassau,Unincorporated,Rural,4/4/2023 14:04,4/4/2023 14:06,4/4/2023 14:09,4/4/2023 15:45,Y,Law Enforcement,WILLIAM BURGESS BLVD,,,,0,,N HARTS RD,,Local,Unpaved,T-Intersection,,Daylight,Clear,Dry,N,Angle,Motor Vehicle in Transport,On Roadway,N,Intersection,None,,,None,,,N,,,,,Dep.,Nassau County Sheriff's Office,Sheriff's Office (SO),4/11/2023 15:40,Y,Right Angle,Angle,Serious Injury,Incapacitating Injury,DAY,N,N,N,Y,N,N,Y,N,N,1,1,0,0,1,0,0,0,0,0,0,0,0,0,2,0,0,0,2,1,1,0,0,0,0,N,0,0,N,0,0,1,0,0,0,2,20000,20000,1,0,0,Preliminary,Editor Mapped,441914.2142,3387076.095,30.61485669,-81.60601693