REPORT_NUMBER,CRASH_YEAR,CRASH_DATE_AND_TIME,REPORT_DATE_AND_TIME,INVESTIGATING_AGENCY_REPORT_NUMBER,FORM_TYPE,TOTAL_NUMBER_OF_VEHICLES,TOTAL_NUMBER_OF_PERSONS,COUNTY_CODE,CITY_CODE,COUNTY_NAME,CITY_NAME,RURAL_OR_URBAN,NOTIFIED_TIME,DISPATCHED_TIME,ARRIVED_TIME,CLEARED_TIME,COMPLETED_FLAG,NOTIFIED_BY,ON_STREET_ROAD_HIGHWAY,STREET_ADDRESS_NUMBER,LATITUDE,LONGITUDE,FEET_FROM_INTERSECTION,DIRECTION_FROM_INTERSECTION,FROM_INTERSECTION_OF,MILEPOST_NUMBER,ROAD_SYSTEM_IDENTIFER,TYPE_OF_SHOULDER,TYPE_OF_INTERSECTION,PHOTOS_TAKEN,LIGHT_CONDITION,WEATHER_CONDITION,ROAD_SURFACE_CONDITION,SCHOOL_BUS_RELATED_CODE,TYPE_OF_IMPACT,FIRST_HARMFUL_EVENT,LOCATION,INTERCHANGE_FLAG,JUNCTION_FLAG,ROAD_CIRCUMSTANCES_1,ROAD_CIRCUMSTANCES_2,ROAD_CIRCUMSTANCES_3,ENVIRONMENT_CIRCUMSTANCES_1,ENVIRONMENT_CIRCUMSTANCES_2,ENVIRONMENT_CIRCUMSTANCES_3,WORK_ZONE_RELATED_FLAG,CRASH_IN_WORK_ZONE,TYPE_OF_WORK_ZONE,WORKERS_PRESENT,LAW_ENFORCEMENT_PRESENT,INVESTIGATOR_RANK,INVESTIGATING_AGENCY_NAME,INVESTIGATING_AGENCY_TYPE,LOAD_DATE,CODEABLE,S4_CRASH_TYPE,S4_CRASH_TYPE_SIMPLIFIED,S4_CRASH_SEVERITY,S4_CRASH_SEVERITY_DETAIL,S4_DAY_OR_NIGHT,S4_IS_AGGRESSIVE_DRIVING,S4_IS_ALCOHOL_RELATED,S4_IS_CMV_INVOLVED,S4_IS_DISTRACTED,S4_IS_DRUG_RELATED,S4_IS_HIT_AND_RUN,S4_IS_INTERSECTION_RELATED,S4_IS_LANE_DEPARTURE_RELATED,S4_IS_SPEEDING_RELATED,S4_NONE_INJURY_COUNT,S4_INJURY_COUNT,S4_POSSIBLE_INJURY_COUNT,S4_NON_INCAPACITATING_INJURY_COUNT,S4_INCAPACITATING_INJURY_COUNT,S4_FATALITY_COUNT,S4_FATALITY_WITHIN_30_DAYS_COUNT,S4_NON_TRAFFIC_FATALITY_COUNT,S4_TRAILER_COUNT,S4_MOTORCYCLE_COUNT,S4_MOPED_COUNT,S4_NON_MOTORIST_COUNT,S4_BICYCLIST_COUNT,S4_PEDESTRIAN_COUNT,S4_DRIVER_COUNT,S4_AGING_DRIVER_COUNT,S4_TEENAGER_DRIVER_COUNT,S4_PASSENGER_COUNT,S4_UNRESTRAINED_COUNT,S4_UNRESTRAINED_INJURY_COUNT,S4_UNRESTRAINED_INCAPACITATING_INJURY_COUNT,S4_UNRESTRAINED_FATALITY_COUNT,S4_MOTORCYCLIST_COUNT,S4_MOTORCYCLIST_INCAPACITATING_INJURY_COUNT,S4_MOTORCYCLIST_FATALITY_COUNT,S4_IS_PEDESTRIAN_INVOLVED,S4_PEDESTRIAN_INCAPACITATING_INJURY_COUNT,S4_PEDESTRIAN_FATALITY_COUNT,S4_IS_BICYCLIST_INVOLVED,S4_BICYCLIST_INCAPACITATING_INJURY_COUNT,S4_BICYCLIST_FATALITY_COUNT,S4_CITATION_COUNT,S4_CITATION_AMOUNT,S4_PROPERTY_DAMAGE_COUNT,S4_PROPERTY_DAMAGE_AMOUNT,S4_VEHICLE_DAMAGE_COUNT,S4_VEHICLE_DAMAGE_AMOUNT,S4_TOTAL_DAMAGE_AMOUNT,S4_TRANSPORT_BY_EMS_COUNT,S4_TRANSPORT_BY_LAW_ENFORCEMENT_COUNT,S4_TRANSPORT_BY_OTHER_COUNT,S4_GEOLOCATION_STATUS,S4_PRELIMINARY_GEOLOCATION_STATUS,S4_X,S4_Y,S4_LATITUDE,S4_LONGITUDE
24996371,2023,4/3/2023 18:45,4/3/2023 20:09,FHP23ON0173946,L,1,2,41,40,Nassau,Fernandina Beach,Urban,4/3/2023 18:46,4/3/2023 18:47,4/3/2023 19:12,4/10/2023 16:22,Y,Law Enforcement,POGY PLACE,,30.69369,-81.45182,414,West,14TH STREET,,Local,Unpaved,Not at Intersection,N,Daylight,Rain,Wet,N,Other,Tree (standing),Off Roadway,N,Non-Junction,None,,,None,,,N,,,,,TPR,Florida Highway Patrol,Florida Highway Patrol (FHP),4/22/2023 15:29,Y,Off Road,Off Road,Serious Injury,Incapacitating Injury,DAY,Y,N,N,N,N,N,N,Y,N,0,2,0,1,1,0,0,0,0,0,0,0,0,0,1,0,0,1,0,0,0,0,0,0,0,N,0,0,N,0,0,1,0,0,0,1,5000,5000,2,0,0,Preliminary,Editor Mapped,456635.8802,3395825.95,30.69443522,-81.45279633
89614788,2023,9/3/2023 22:39,9/4/2023 0:23,FHP23ON0464761,L,2,2,41,0,Nassau,Unincorporated,Rural,9/3/2023 22:39,9/3/2023 22:48,9/3/2023 22:48,9/4/2023 1:26,Y,Law Enforcement,US-1,,30.77081,-81.97507,145,West,NORTH KINGS RD,,U.S.,Paved,Not at Intersection,N,Dark - Not Lighted,Clear,Dry,N,Front to Rear,Motor Vehicle in Transport,On Roadway,N,Non-Junction,None,,,None,,,N,,,,,TPR,Florida Highway Patrol,Florida Highway Patrol (FHP),9/18/2023 19:20,Y,Rear End,Rear End,Serious Injury,Incapacitating Injury,NIGHT,N,N,N,N,N,N,N,N,N,1,1,0,0,1,0,0,0,0,1,0,0,0,0,2,0,0,0,0,0,0,0,1,1,0,N,0,0,N,0,0,2,0,0,0,2,9000,9000,1,0,0,Preliminary,Editor Mapped,406567.8071,3404726.552,30.77186453,-81.97635601
89622229,2023,9/24/2023 14:10,1/18/2024 6:07,FHP23ON0503200,L,2,3,41,60,Nassau,Yulee,Rural,9/24/2023 14:15,9/24/2023 14:18,9/24/2023 14:43,9/24/2023 16:56,Y,Law Enforcement,US HIGHWAY 17,,30.57754174,-81.60686353,4188,North,GARDNERS CREEK LANE,,U.S.,Paved,Not at Intersection,Y,Daylight,Cloudy,Dry,N,Front to Rear,Motor Vehicle in Transport,On Roadway,N,Driveway/Alley Access Related,None,,,None,,,N,,,,,TPR,Florida Highway Patrol,Florida Highway Patrol (FHP),10/10/2023 19:36,Y,Rear End,Rear End,Fatality,Fatal (within 30 days),DAY,N,N,N,N,Y,N,N,Y,N,1,1,1,0,0,1,1,0,0,1,0,0,0,0,2,0,0,1,0,0,0,0,1,0,1,N,0,0,N,0,0,0,0,0,0,2,6000,6000,1,0,0,Verified,n/a,441741.2138,3382826.492,30.57650291,-81.60758248
24967495,2023,9/15/2023 12:52,9/15/2023 13:21,FHP23ON0485741,L,3,5,41,60,Nassau,Yulee,Urban,9/15/2023 12:57,9/15/2023 12:59,9/15/2023 13:01,9/15/2023 14:09,Y,Law Enforcement,SR.200 WESTBOUND,,30.62852265,-81.55655048,93,West,ERIC OLIVER WAY,,State,Paved,Not at Intersection,N,Daylight,Rain,Wet,N,Front to Front,Motor Vehicle in Transport,On Roadway,Y,Non-Junction,None,,,None,,,N,,,,,TPR,Florida Highway Patrol,Florida Highway Patrol (FHP),9/25/2023 19:20,Y,Left Entering,Left Turn,Serious Injury,Incapacitating Injury,DAY,N,N,N,N,N,N,N,Y,N,0,5,0,0,5,0,0,0,0,0,0,0,0,0,3,1,0,2,1,1,1,0,0,0,0,N,0,0,N,0,0,2,0,0,0,3,48000,48000,5,0,0,Preliminary,Editor Mapped,446637.4865,3388552.281,30.62839703,-81.55681667
25053232,2023,2/9/2023 12:23,4/5/2023 9:48,FHP23ON0070628,L,1,2,41,40,Nassau,Fernandina Beach,Urban,2/9/2023 12:37,2/9/2023 12:41,2/9/2023 13:06,2/9/2023 16:40,Y,Law Enforcement,JASMINE ST,,30.65556,-81.43637,1342,West,CITRONA DRIVE,,Local,Unpaved,Not at Intersection,Y,Daylight,Clear,Dry,N,Other,Pedestrian,On Roadway,N,Non-Junction,None,,,None,,,N,,,,,TPR,Florida Highway Patrol,Florida Highway Patrol (FHP),2/16/2023 18:54,Y,Pedestrian,Pedestrian,Fatality,Fatal (within 30 days),DAY,N,N,N,N,Y,N,N,Y,N,0,0,0,0,0,2,2,0,0,1,0,1,0,1,1,0,0,0,0,0,0,0,1,0,1,Y,0,1,N,0,0,0,0,0,0,1,5000,5000,1,0,1,Verified,n/a,457786.3651,3391546.489,30.65586121,-81.44060828
25693129,2023,9/3/2023 7:40,9/3/2023 0:00,2023-00083867,L,1,1,41,0,Nassau,Unincorporated,Rural,9/3/2023 7:46,9/3/2023 7:55,9/3/2023 7:59,9/3/2023 8:59,Y,Law Enforcement,ROUNDABOUT AMELIA ISLAND PLANTATION,,,,0,,RON KOLER WAY.,,State,Curb,Roundabout,,Daylight,Clear,Dry,N,Angle,Motor Vehicle in Transport,On Roadway,N,Non-Junction,None,,,None,,,N,,,,,,Nassau County Sheriff's Office,Sheriff's Office (SO),9/22/2023 19:23,Y,Single Vehicle,Other,Serious Injury,Incapacitating Injury,DAY,N,N,N,N,N,N,N,Y,N,0,1,0,0,1,0,0,0,0,1,0,0,0,0,1,0,1,0,0,0,0,0,1,1,0,N,0,0,N,0,0,1,0,0,0,1,10000,10000,1,0,0,Preliminary,Editor Mapped,456899.0352,3380405.222,30.55529631,-81.44940524
25036389,2023,4/28/2023 3:11,4/28/2023 3:51,FHP23ON0221115,L,1,1,41,0,Nassau,Unincorporated,Rural,4/28/2023 3:11,4/28/2023 3:12,4/28/2023 3:19,4/28/2023 4:06,Y,Law Enforcement,US 90,,30.29475353,-82.044465,2681,East,ROAD 80,,U.S.,Paved,Not at Intersection,N,Dark - Not Lighted,Cloudy,Wet,N,Other,Other Non-Collision,Off Roadway,N,Non-Junction,None,,,None,,,N,,,,,TPR,Florida Highway Patrol,Florida Highway Patrol (FHP),5/2/2023 14:55,Y,Single Vehicle,Other,Serious Injury,Incapacitating Injury,NIGHT,N,N,N,N,N,N,N,Y,N,0,1,0,0,1,0,0,0,0,0,0,0,0,0,1,0,0,0,0,0,0,0,0,0,0,N,0,0,N,0,0,0,0,0,0,1,2000,2000,1,0,0,Preliminary,Editor Mapped,399550.8225,3351920.045,30.29485234,-82.04456192
24967485,2023,3/9/2023 16:43,5/10/2023 7:04,FHP23ON0125285,L,3,3,41,30,Nassau,Callahan,Urban,3/9/2023 16:48,3/9/2023 16:48,3/9/2023 16:48,3/9/2023 19:21,Y,Law Enforcement,US.1,,30.55901127,-81.82511019,0,,5TH AVE,,U.S.,Paved,Four-Way Intersection,N,Daylight,Cloudy,Dry,N,Angle,Motor Vehicle in Transport,On Roadway,Y,Intersection,None,,,None,,,N,,,,,TPR,Florida Highway Patrol,Florida Highway Patrol (FHP),3/19/2023 14:18,Y,Left Entering,Left Turn,Serious Injury,Incapacitating Injury,DAY,N,N,N,N,N,N,Y,N,N,1,2,0,0,2,0,0,0,0,0,0,0,0,0,3,1,0,0,0,0,0,0,0,0,0,N,0,0,N,0,0,1,0,0,0,3,40000,40000,2,0,0,Preliminary,Editor Mapped,420868.4885,3381022.877,30.55903112,-81.82511046
89606713,2023,8/13/2023 21:46,8/13/2023 22:42,FHP23ON0424382,L,2,2,41,60,Nassau,Yulee,Urban,8/13/2023 21:48,8/13/2023 21:50,8/13/2023 22:12,8/14/2023 0:00,Y,Law Enforcement,STATE ROAD 200 WESTBOUND,,30.62072,-81.64494,208234616,,MENTORIA ROAD,,State,Paved,Four-Way Intersection,Y,Dark - Lighted,Clear,Dry,N,Angle,Motor Vehicle in Transport,On Roadway,N,Intersection-Related,None,,,None,,,N,,,,,TPR,Florida Highway Patrol,Florida Highway Patrol (FHP),8/27/2023 14:40,Y,Right Angle,Angle,Serious Injury,Incapacitating Injury,NIGHT,N,N,N,N,N,N,Y,N,N,0,2,0,1,1,0,0,0,0,0,0,0,0,0,2,1,0,0,0,0,0,0,0,0,0,N,0,0,N,0,0,1,0,1,1000,2,50000,51000,2,0,0,Verified,n/a,438184.6631,3387760.39,30.62084411,-81.64496676
25053240,2023,2/23/2023 16:15,5/12/2023 5:08,FHP23ON0097682,L,1,1,41,0,Nassau,Unincorporated,Rural,2/23/2023 16:18,2/23/2023 16:19,2/23/2023 16:32,2/23/2023 22:05,Y,Law Enforcement,MILE 377 I-95 N,,30.67947,-81.671,7883,South,COUNTY ROAD 108,,Interstate,Paved,Not at Intersection,Y,Daylight,Clear,Dry,N,Other,Tree (standing),Off Roadway,N,Non-Junction,None,,,None,,,N,,,,,TPR,Florida Highway Patrol,Florida Highway Patrol (FHP),3/1/2023 16:07,Y,Off Road,Off Road,Fatality,Fatal (within 30 days),DAY,N,N,Y,N,Y,N,N,Y,N,0,0,0,0,0,1,1,0,1,0,0,0,0,0,1,0,0,0,0,0,0,0,0,0,0,N,0,0,N,0,0,0,0,0,0,1,40000,40000,0,0,1,Verified,n/a,435365.6211,3395567.061,30.69113513,-81.67486748
25314704,2023,6/10/2023 17:35,6/10/2023 0:00,2023-00056202,L,2,4,41,0,Nassau,Unincorporated,Rural,6/10/2023 17:36,6/10/2023 17:37,6/10/2023 17:40,6/10/2023 18:20,Y,Law Enforcement,SR 200,,,,0,,AMELIA CONCOURSE,,State,Curb,Four-Way Intersection,,Daylight,Clear,Dry,N,Angle,Motor Vehicle in Transport,On Roadway,N,Non-Junction,None,,,None,,,N,,,,,,Nassau County Sheriff's Office,Sheriff's Office (SO),6/19/2023 14:44,Y,Left Rear,Left Turn,Serious Injury,Incapacitating Injury,DAY,Y,N,N,N,N,N,N,N,Y,2,2,0,1,1,0,0,0,0,1,0,0,0,0,2,0,1,2,0,0,0,0,2,1,0,N,0,0,N,0,0,0,0,0,0,2,4000,4000,1,0,0,Preliminary,Editor Mapped,447533.7688,3388282.517,30.62600257,-81.54745098
89634091,2023,4/17/2023 14:00,4/17/2023 15:15,FHP23ON0201247,L,1,2,41,40,Nassau,Fernandina Beach,Urban,4/17/2023 14:05,4/17/2023 14:05,4/17/2023 14:16,4/17/2023 16:33,Y,Law Enforcement,STATE ROAD A1A,,30.58687,-81.45634,45342035,North,PLANTATION PARKWAY,,State,Paved,Other,N,Daylight,Cloudy,Dry,N,Other,Pedalcycle,On Roadway,N,Intersection,None,,,None,,,N,,,,,TPR,Florida Highway Patrol,Florida Highway Patrol (FHP),4/19/2023 15:35,Y,Bicycle,Bicycle,Serious Injury,Incapacitating Injury,DAY,N,N,N,N,N,N,Y,N,N,1,1,0,0,1,0,0,0,0,0,0,1,1,0,1,0,1,0,0,0,0,0,0,0,0,N,0,0,Y,1,0,2,0,2,2200,1,3000,5200,1,0,0,Verified,n/a,456261.5217,3383864.711,30.58649003,-81.45619836
89666125,2023,6/9/2023 7:25,6/9/2023 8:02,FHP23ON0300125,L,2,2,41,60,Nassau,Yulee,Rural,6/9/2023 7:35,6/9/2023 7:39,6/9/2023 7:52,6/9/2023 8:52,Y,Law Enforcement,US 17,,30.71303805,-81.67273325,0,,INTERSTATE 95,,U.S.,Curb,T-Intersection,N,Daylight,Clear,Dry,N,Angle,Motor Vehicle in Transport,On Roadway,Y,Intersection,None,,,None,,,N,,,,,TPR,Florida Highway Patrol,Florida Highway Patrol (FHP),6/18/2023 15:07,Y,Left Entering,Left Turn,Serious Injury,Incapacitating Injury,DAY,N,N,N,N,N,N,Y,N,N,0,2,1,0,1,0,0,0,0,0,0,0,0,0,2,0,0,0,1,1,0,0,0,0,0,N,0,0,N,0,0,2,0,0,0,2,60000,60000,1,0,0,Preliminary,Editor Mapped,435582.1945,3397993.824,30.71304358,-81.67275821
24996361,2023,2/24/2023 13:18,8/16/2023 13:48,FHP23ON0099184,L,3,4,41,0,Nassau,Unincorporated,Rural,2/24/2023 13:18,2/24/2023 13:38,2/24/2023 13:51,2/24/2023 20:00,Y,Law Enforcement,US 17,,30.59425,-81.59931,1172,South,GARDNERS CREEK LANE,,U.S.,Paved,Not at Intersection,Y,Daylight,Clear,Dry,N,Other,Motor Vehicle in Transport,On Roadway,N,Non-Junction,None,,,None,,,N,,,,,CPL,Florida Highway Patrol,Florida Highway Patrol (FHP),3/8/2023 15:02,Y,Head On,Head On,Fatality,Fatal (within 30 days),DAY,N,N,N,N,N,N,N,Y,N,0,2,0,1,1,2,2,0,0,0,0,0,0,0,3,1,0,1,2,0,0,2,0,0,0,N,0,0,N,0,0,1,0,0,0,3,21000,21000,4,0,0,Verified,n/a,442501.351,3384433.137,30.59103692,-81.5997446
25966875,2023,12/26/2023 18:46,12/26/2023 0:00,2023-00119879,L,1,1,41,0,Nassau,Unincorporated,Rural,12/26/2023 18:46,12/26/2023 18:47,12/26/2023 19:00,12/26/2023 20:16,Y,Law Enforcement,LONNIE CREWS RD,,,,208235483,East,OWENS RD,,County,Unpaved,Not at Intersection,,Dark - Lighted,Clear,Dry,N,Front to Front,Motor Vehicle in Transport,Off Roadway,N,Non-Junction,None,None,None,None,None,None,N,,,,,,Nassau County Sheriff's Office,Sheriff's Office (SO),1/11/2024 19:27,Y,Single Vehicle,Other,Serious Injury,Incapacitating Injury,DAY,N,N,N,N,N,N,N,Y,N,0,1,0,0,1,0,0,0,0,0,0,0,0,0,1,0,0,0,0,0,0,0,0,0,0,N,0,0,N,0,0,0,0,0,0,1,1000,1000,1,0,0,Preliminary,Editor Mapped,448567.7071,3381372.118,30.56369229,-81.53631939
25692830,2023,6/21/2023 8:50,6/21/2023 0:00,2023-00059634,L,3,4,41,0,Nassau,Unincorporated,Rural,6/21/2023 8:51,6/21/2023 8:51,6/21/2023 8:56,6/21/2023 10:15,Y,Law Enforcement,SR200,,,,444,West,SIDNEY THOMAS LN,,State,Curb,Not at Intersection,,Daylight,Cloudy,Dry,N,"Sideswipe, Same Direction",Motor Vehicle in Transport,On Roadway,N,Non-Junction,None,,,None,,,N,,,,,Dep.,Nassau County Sheriff's Office,Sheriff's Office (SO),6/29/2023 16:25,Y,Same Direction Sideswipe,Sideswipe,Serious Injury,Incapacitating Injury,DAY,N,N,N,N,N,N,N,Y,N,3,1,0,0,1,0,0,0,1,0,0,0,0,0,2,0,0,2,1,1,1,0,0,0,0,N,0,0,N,0,0,2,0,0,0,3,9100,9100,1,0,0,Preliminary,Editor Mapped,438057.2752,3387714.974,30.62042772,-81.6462931
25693387,2023,10/8/2023 13:15,10/8/2023 0:00,2023-00094565,L,2,2,41,0,Nassau,Unincorporated,Rural,10/8/2023 13:16,10/8/2023 13:19,10/8/2023 13:26,10/8/2023 15:00,Y,Law Enforcement,HADDOCK ROAD,85535,,,1228,West,,,Local,Paved,Not at Intersection,,Daylight,Clear,Dry,N,"Sideswipe, Same Direction",Pedalcycle,On Roadway,N,Non-Junction,None,,,None,,,N,,,,,Dep.,Nassau County Sheriff's Office,Sheriff's Office (SO),10/15/2023 19:12,Y,Bicycle,Bicycle,Serious Injury,Incapacitating Injury,DAY,N,N,N,N,N,N,N,Y,N,1,1,0,0,1,0,0,0,0,0,0,0,0,0,2,0,0,0,0,0,0,0,0,0,0,N,0,0,N,0,0,1,0,0,0,2,2700,2700,1,0,0,Preliminary,Editor Mapped,444526.3068,3384814.463,30.59457337,-81.57864449
88588773,2023,6/25/2023 17:50,6/25/2023 18:20,FHP23ON0331689,L,1,1,41,0,Nassau,Unincorporated,Rural,6/25/2023 17:52,6/25/2023 17:53,6/25/2023 17:53,6/25/2023 19:28,Y,Law Enforcement,HERON ISLES PARKWAY,,30.65021,-81.53015,673,North,BLACKROCK ROAD,,County,Curb,Not at Intersection,N,Daylight,Clear,Dry,N,Other,Fell/Jumped From Motor Vehicle,On Roadway,N,Non-Junction,None,,,None,,,N,,,,,TPR,Florida Highway Patrol,Florida Highway Patrol (FHP),7/5/2023 15:28,Y,Single Vehicle,Other,Serious Injury,Incapacitating Injury,DAY,Y,N,N,N,N,N,N,Y,Y,0,1,0,0,1,0,0,0,0,1,0,0,0,0,1,0,0,0,0,0,0,0,1,1,0,N,0,0,N,0,0,0,0,0,0,1,3000,3000,1,0,0,Preliminary,Editor Mapped,448614.9288,3390751.895,30.64833159,-81.5362931
25046555,2023,1/1/2023 18:20,7/26/2023 8:16,FHP23ON0001259,L,2,3,41,0,Nassau,Unincorporated,Rural,1/1/2023 18:25,1/1/2023 18:35,1/1/2023 19:46,1/2/2023 1:13,Y,Law Enforcement,STATE ROAD 200,,30.63422933,-81.46041976,101,West,ADAMS ROAD,,State,Curb,Not at Intersection,Y,Dark - Not Lighted,Cloudy,Dry,N,Front to Rear,Pedalcycle,On Roadway,N,Non-Junction,None,,,None,,,N,,,,,TPR,Florida Highway Patrol,Florida Highway Patrol (FHP),1/11/2023 14:57,Y,Bicycle,Bicycle,Fatality,Fatal (within 30 days),DAY,N,N,N,N,N,N,N,N,N,2,0,0,0,0,1,1,0,0,0,0,1,1,0,2,1,0,0,0,0,0,0,0,0,0,N,0,0,Y,0,1,0,0,1,100,1,800,900,1,0,0,Verified,n/a,455874.8099,3389151.454,30.63418062,-81.46045736
25314796,2023,7/1/2023 10:05,7/1/2023 0:00,2023-00062989,L,2,2,41,0,Nassau,Unincorporated,Rural,7/1/2023 10:10,7/1/2023 10:16,7/1/2023 10:16,7/1/2023 11:40,Y,Law Enforcement,I 95,,,,4684,South,,,Interstate,Paved,Not at Intersection,,Daylight,Clear,Dry,N,"Sideswipe, Same Direction",Motor Vehicle in Transport,On Roadway,N,Non-Junction,None,,,None,,,N,,,,,Dep.,Nassau County Sheriff's Office,Sheriff's Office (SO),7/8/2023 14:50,Y,Same Direction Sideswipe,Sideswipe,Serious Injury,Incapacitating Injury,DAY,N,N,N,N,N,N,N,Y,N,1,1,0,0,1,0,0,0,0,1,0,0,0,0,2,0,0,0,0,0,0,0,1,1,0,N,0,0,N,0,0,1,0,0,0,2,4000,4000,1,0,0,Preliminary,Editor Mapped,435231.7298,3396523.957,30.69976195,-81.67632561
89606732,2023,11/22/2023 14:30,11/22/2023 15:37,FHP23ON0615289,L,2,5,41,60,Nassau,Yulee,Urban,11/22/2023 14:31,11/22/2023 14:34,11/22/2023 14:37,11/22/2023 17:00,Y,Law Enforcement,STATE ROAD 200,,30.63029,-81.58124,17251777,,SANTA BARBARA ST,,State,Paved,Four-Way Intersection,Y,Daylight,Clear,Dry,N,Front to Front,Motor Vehicle in Transport,On Roadway,N,Intersection,None,,,None,,,N,,,,,TPR,Florida Highway Patrol,Florida Highway Patrol (FHP),12/3/2023 19:23,Y,Head On,Head On,Serious Injury,Incapacitating Injury,DAY,N,N,N,N,N,N,Y,N,N,0,5,0,3,2,0,0,0,0,0,0,0,0,0,2,0,0,3,4,4,1,0,0,0,0,N,0,0,N,0,0,2,0,0,0,2,15000,15000,5,0,0,Preliminary,Editor Mapped,444293.9891,3388773.936,30.63029009,-81.58128105
89661294,2023,8/11/2023 10:57,8/12/2023 0:53,FHP23ON0420939,L,1,1,41,40,Nassau,Fernandina Beach,Urban,8/11/2023 23:02,8/12/2023 0:11,8/12/2023 0:44,8/12/2023 1:28,Y,Law Enforcement,ARRIGO BLVD,,30.6204529,-81.53249136,649,South,STATE ROAD 100,,Local,Paved,Not at Intersection,N,Dark - Lighted,Clear,Dry,N,Other,Curb,On Roadway,N,Non-Junction,None,,,None,,,N,,,,,TPR,Florida Highway Patrol,Florida Highway Patrol (FHP),8/26/2023 14:51,Y,Off Road,Off Road,Serious Injury,Incapacitating Injury,DAY,N,N,N,N,N,N,N,Y,N,0,1,0,0,1,0,0,0,0,1,0,0,0,0,1,1,0,0,0,0,0,0,1,1,0,N,0,0,N,0,0,0,0,0,0,1,500,500,1,0,0,Preliminary,Editor Mapped,448962.4176,3387657.949,30.62042877,-81.53251366
88293128,2023,12/22/2023 16:48,1/18/2024 12:49,FHP23ON0671292,L,1,1,41,0,Nassau,Unincorporated,Rural,12/22/2023 16:53,12/22/2023 16:58,12/22/2023 17:11,12/22/2023 21:44,Y,Law Enforcement,US-1,,30.63363266,-81.85588074,208222685,North,DYAL ROAD,,U.S.,Paved,Not at Intersection,Y,Daylight,Cloudy,Dry,N,Other,Overturn/Rollover,Off Roadway,N,Non-Junction,None,,,None,,,N,,,,,CPL,Florida Highway Patrol,Florida Highway Patrol (FHP),12/28/2023 0:13,Y,Rollover,Rollover,Fatality,Fatal (within 30 days),DAY,N,Y,N,N,Y,N,N,Y,N,0,0,0,0,0,1,1,0,0,0,0,0,0,0,1,0,0,0,1,0,0,1,0,0,0,N,0,0,N,0,0,0,0,0,0,1,15000,15000,0,0,1,Preliminary,Editor Mapped,417971.2315,3389296.562,30.63348783,-81.85597359
25693079,2023,7/25/2023 11:59,7/25/2023 0:00,2023-00071015,L,1,1,41,0,Nassau,Unincorporated,Rural,7/25/2023 12:00,7/25/2023 12:03,7/25/2023 12:06,7/25/2023 13:30,Y,Law Enforcement,SR200,,,,112,West,TIMBERCREEK BLVD,,State,Unpaved,Not at Intersection,,Daylight,Clear,Dry,N,Other,Fell/Jumped From Motor Vehicle,On Roadway,N,Non-Junction,None,,,None,,,N,,,,,Dep.,Nassau County Sheriff's Office,Sheriff's Office (SO),8/1/2023 14:56,Y,Single Vehicle,Other,Serious Injury,Incapacitating Injury,DAY,N,N,N,Y,N,N,N,N,N,0,1,0,0,1,0,0,0,0,1,0,0,0,0,1,0,1,0,0,0,0,0,1,1,0,N,0,0,N,0,0,0,0,0,0,1,5000,5000,1,0,0,Preliminary,Editor Mapped,435666.0348,3386968.923,30.61356963,-81.67119478
25314568,2023,4/28/2023 15:33,4/28/2023 0:00,2023-00041505,L,1,1,41,0,Nassau,Unincorporated,Rural,4/28/2023 15:33,4/28/2023 15:35,4/28/2023 15:44,4/28/2023 18:00,Y,Law Enforcement,BUCCANEER TRL,,,,1000927695,North,FIRST COAST HWY,,Local,Unpaved,Not at Intersection,,Daylight,Clear,Dry,N,Angle,Utility Pole/Light Support,Off Roadway,N,Non-Junction,None,,,None,,,N,,,,,,Nassau County Sheriff's Office,Sheriff's Office (SO),5/6/2023 15:22,Y,Off Road,Off Road,Serious Injury,Incapacitating Injury,DAY,N,N,N,Y,N,N,N,Y,N,0,1,0,0,1,0,0,0,0,0,0,0,0,0,1,0,0,0,0,0,0,0,0,0,0,N,0,0,N,0,0,0,0,1,5500,1,3000,8500,1,0,0,Verified,n/a,456030.7558,3384595.402,30.59307496,-81.45863626
24967488,2023,7/18/2023 11:27,7/18/2023 12:14,FHP23ON0374036,L,2,6,41,60,Nassau,Yulee,Urban,7/18/2023 11:32,7/18/2023 11:45,7/18/2023 11:55,7/18/2023 13:27,Y,Law Enforcement,INTERSTATE 95,,30.57786713,-81.64626855,13439,South,STATE ROAD 200,,Interstate,Paved,Not at Intersection,N,Daylight,Cloudy,Dry,N,Front to Rear,Motor Vehicle in Transport,On Roadway,N,Non-Junction,None,,,None,,,N,,,,,TPR,Florida Highway Patrol,Florida Highway Patrol (FHP),7/30/2023 14:42,Y,Rear End,Rear End,Serious Injury,Incapacitating Injury,DAY,N,N,N,N,N,N,N,N,N,4,2,1,0,1,0,0,0,0,0,0,0,0,0,2,0,0,4,0,0,0,0,0,0,0,N,0,0,N,0,0,1,0,0,0,2,2000,2000,1,0,0,Preliminary,Editor Mapped,438030.7841,3382988.661,30.57777984,-81.64628635