REPORT_NUMBER,CRASH_YEAR,CRASH_DATE_AND_TIME,REPORT_DATE_AND_TIME,INVESTIGATING_AGENCY_REPORT_NUMBER,FORM_TYPE,TOTAL_NUMBER_OF_VEHICLES,TOTAL_NUMBER_OF_PERSONS,COUNTY_CODE,CITY_CODE,COUNTY_NAME,CITY_NAME,RURAL_OR_URBAN,NOTIFIED_TIME,DISPATCHED_TIME,ARRIVED_TIME,CLEARED_TIME,COMPLETED_FLAG,NOTIFIED_BY,ON_STREET_ROAD_HIGHWAY,STREET_ADDRESS_NUMBER,LATITUDE,LONGITUDE,FEET_FROM_INTERSECTION,DIRECTION_FROM_INTERSECTION,FROM_INTERSECTION_OF,MILEPOST_NUMBER,ROAD_SYSTEM_IDENTIFER,TYPE_OF_SHOULDER,TYPE_OF_INTERSECTION,PHOTOS_TAKEN,LIGHT_CONDITION,WEATHER_CONDITION,ROAD_SURFACE_CONDITION,SCHOOL_BUS_RELATED_CODE,TYPE_OF_IMPACT,FIRST_HARMFUL_EVENT,LOCATION,INTERCHANGE_FLAG,JUNCTION_FLAG,ROAD_CIRCUMSTANCES_1,ROAD_CIRCUMSTANCES_2,ROAD_CIRCUMSTANCES_3,ENVIRONMENT_CIRCUMSTANCES_1,ENVIRONMENT_CIRCUMSTANCES_2,ENVIRONMENT_CIRCUMSTANCES_3,WORK_ZONE_RELATED_FLAG,CRASH_IN_WORK_ZONE,TYPE_OF_WORK_ZONE,WORKERS_PRESENT,LAW_ENFORCEMENT_PRESENT,INVESTIGATOR_RANK,INVESTIGATING_AGENCY_NAME,INVESTIGATING_AGENCY_TYPE,LOAD_DATE,CODEABLE,S4_CRASH_TYPE,S4_CRASH_TYPE_SIMPLIFIED,S4_CRASH_SEVERITY,S4_CRASH_SEVERITY_DETAIL,S4_DAY_OR_NIGHT,S4_IS_AGGRESSIVE_DRIVING,S4_IS_ALCOHOL_RELATED,S4_IS_CMV_INVOLVED,S4_IS_DISTRACTED,S4_IS_DRUG_RELATED,S4_IS_HIT_AND_RUN,S4_IS_INTERSECTION_RELATED,S4_IS_LANE_DEPARTURE_RELATED,S4_IS_SPEEDING_RELATED,S4_NONE_INJURY_COUNT,S4_INJURY_COUNT,S4_POSSIBLE_INJURY_COUNT,S4_NON_INCAPACITATING_INJURY_COUNT,S4_INCAPACITATING_INJURY_COUNT,S4_FATALITY_COUNT,S4_FATALITY_WITHIN_30_DAYS_COUNT,S4_NON_TRAFFIC_FATALITY_COUNT,S4_TRAILER_COUNT,S4_MOTORCYCLE_COUNT,S4_MOPED_COUNT,S4_NON_MOTORIST_COUNT,S4_BICYCLIST_COUNT,S4_PEDESTRIAN_COUNT,S4_DRIVER_COUNT,S4_AGING_DRIVER_COUNT,S4_TEENAGER_DRIVER_COUNT,S4_PASSENGER_COUNT,S4_UNRESTRAINED_COUNT,S4_UNRESTRAINED_INJURY_COUNT,S4_UNRESTRAINED_INCAPACITATING_INJURY_COUNT,S4_UNRESTRAINED_FATALITY_COUNT,S4_MOTORCYCLIST_COUNT,S4_MOTORCYCLIST_INCAPACITATING_INJURY_COUNT,S4_MOTORCYCLIST_FATALITY_COUNT,S4_IS_PEDESTRIAN_INVOLVED,S4_PEDESTRIAN_INCAPACITATING_INJURY_COUNT,S4_PEDESTRIAN_FATALITY_COUNT,S4_IS_BICYCLIST_INVOLVED,S4_BICYCLIST_INCAPACITATING_INJURY_COUNT,S4_BICYCLIST_FATALITY_COUNT,S4_CITATION_COUNT,S4_CITATION_AMOUNT,S4_PROPERTY_DAMAGE_COUNT,S4_PROPERTY_DAMAGE_AMOUNT,S4_VEHICLE_DAMAGE_COUNT,S4_VEHICLE_DAMAGE_AMOUNT,S4_TOTAL_DAMAGE_AMOUNT,S4_TRANSPORT_BY_EMS_COUNT,S4_TRANSPORT_BY_LAW_ENFORCEMENT_COUNT,S4_TRANSPORT_BY_OTHER_COUNT,S4_GEOLOCATION_STATUS,S4_PRELIMINARY_GEOLOCATION_STATUS,S4_X,S4_Y,S4_LATITUDE,S4_LONGITUDE
89631699,2023,7/1/2023 4:00,7/1/2023 5:25,FHP23ON0342028,L,2,10,41,0,Nassau,Unincorporated,Rural,7/1/2023 4:07,7/1/2023 4:11,7/1/2023 4:40,7/1/2023 10:00,N,Law Enforcement,INTERSTATE 95,,30.7374696,-81.65770602,8286,North,US-17,,Interstate,Paved,Not at Intersection,Y,Dark - Lighted,Clear,Dry,N,Front to Rear,Motor Vehicle in Transport,On Roadway,N,Non-Junction,None,,,None,,,N,,,,,TPR,Florida Highway Patrol,Florida Highway Patrol (FHP),7/22/2023 14:48,Y,Rear End,Rear End,Fatality,Fatal (within 30 days),NIGHT,N,N,N,N,N,N,N,Y,N,1,5,3,1,1,4,4,0,0,0,0,0,0,0,2,0,0,8,3,0,0,3,0,0,0,N,0,0,N,0,0,0,0,1,5000,2,25000,30000,3,0,3,Verified,n/a,437016.5476,3400686.83,30.73741936,-81.65794415
25022579,2023,8/30/2023 13:50,8/30/2023 14:12,FHP23ON0456228,L,2,2,41,0,Nassau,Unincorporated,Rural,8/30/2023 13:57,8/30/2023 14:01,8/30/2023 14:01,8/30/2023 14:50,Y,Law Enforcement,STATE ROAD 200,,30.62888,-81.55983,0,,GENE LASSERRE BOULEVARD,,State,Curb,Not at Intersection,N,Daylight,Cloudy,Dry,N,Angle,Motor Vehicle in Transport,On Roadway,N,Intersection,None,,,None,,,N,,,,,CPL,Florida Highway Patrol,Florida Highway Patrol (FHP),9/1/2023 16:33,Y,Right Angle,Angle,Serious Injury,Incapacitating Injury,DAY,N,N,N,N,N,N,Y,N,N,0,2,1,0,1,0,0,0,0,0,0,0,0,0,2,0,0,0,0,0,0,0,0,0,0,N,0,0,N,0,0,0,0,0,0,2,20000,20000,1,0,0,Preliminary,Editor Mapped,446344.8964,3388605.989,30.62886855,-81.5598724
25022821,2023,11/7/2023 6:40,11/7/2023 7:07,FHP23ON0584499,L,2,2,41,60,Nassau,Yulee,Urban,11/7/2023 6:45,11/7/2023 6:48,11/7/2023 6:58,11/7/2023 8:42,Y,Law Enforcement,INTERSTATE 95,,30.72327445,-81.66543706,45347356,North,US. 17,,Interstate,Paved,Not at Intersection,N,Daylight,Clear,Dry,N,"Sideswipe, Same Direction",Motor Vehicle in Transport,On Roadway,Y,Non-Junction,None,,,None,,,N,,,,,TPR,Florida Highway Patrol,Florida Highway Patrol (FHP),11/21/2023 20:23,Y,Same Direction Sideswipe,Sideswipe,Serious Injury,Incapacitating Injury,NIGHT,N,N,Y,N,N,N,N,Y,N,1,1,0,0,1,0,0,0,1,0,0,0,0,0,2,0,0,0,0,0,0,0,0,0,0,N,0,0,N,0,0,1,0,0,0,2,9000,9000,1,0,0,Preliminary,Editor Mapped,436294.2023,3399123.183,30.72327211,-81.66539263
25693316,2023,8/18/2023 9:00,8/18/2023 0:00,2023-00078840,L,2,2,41,0,Nassau,Unincorporated,Rural,8/18/2023 9:01,8/18/2023 9:06,8/18/2023 9:12,8/18/2023 10:35,Y,Law Enforcement,SR200,,,,150,East,SANTA BARBARA ST,,State,Curb,Not at Intersection,,Daylight,Clear,Dry,N,Front to Rear,Motor Vehicle in Transport,On Roadway,N,Non-Junction,None,,,None,,,N,,,,,Dep.,Nassau County Sheriff's Office,Sheriff's Office (SO),8/28/2023 14:44,Y,Rear End,Rear End,Serious Injury,Incapacitating Injury,DAY,N,N,N,Y,N,N,N,N,N,1,1,0,0,1,0,0,0,0,0,0,0,0,0,2,1,0,0,0,0,0,0,0,0,0,N,0,0,N,0,0,1,0,0,0,2,7000,7000,1,0,0,Preliminary,Editor Mapped,444344.0671,3388769.105,30.63024883,-81.58075826
25076864,2023,5/14/2023 13:23,12/4/2023 14:42,FHP23ON0252035,L,2,2,41,0,Nassau,Unincorporated,Rural,5/14/2023 13:25,5/14/2023 13:29,5/14/2023 13:40,5/14/2023 18:52,Y,Law Enforcement,STATE ROAD 200,,30.6220556,-81.64093168,0,,DAYDREAM AVE,,State,Curb,Four-Way Intersection,Y,Daylight,Clear,Dry,N,Angle,Motor Vehicle in Transport,On Roadway,N,Intersection,None,,,None,,,N,,,,,SGT,Florida Highway Patrol,Florida Highway Patrol (FHP),5/16/2023 14:59,Y,Left Entering,Left Turn,Fatality,Fatal (within 30 days),DAY,Y,N,N,N,Y,N,Y,N,Y,0,1,0,1,0,1,1,0,0,0,0,0,0,0,2,0,0,0,1,1,0,0,0,0,0,N,0,0,N,0,0,3,0,1,1000,2,65000,66000,1,0,1,Verified,n/a,438580.9149,3387889.169,30.62202655,-81.64084024
25075214,2023,2/16/2023 13:00,2/15/2024 4:25,FHP23ON0083940,L,1,1,41,60,Nassau,Yulee,Urban,2/16/2023 13:11,2/16/2023 15:19,2/16/2023 16:06,2/16/2023 17:16,N,Law Enforcement,SR 200 / A1A,,30.62234,-81.53276,87,East,ARRIGO BOULEVARD,,State,Curb,Four-Way Intersection,N,Daylight,Clear,Dry,N,Other,Traffic Signal Support,Shoulder,N,Intersection-Related,None,,,None,,,N,,,,,TPR,Florida Highway Patrol,Florida Highway Patrol (FHP),3/7/2023 15:28,Y,Off Road,Off Road,Serious Injury,Incapacitating Injury,DAY,N,Y,N,N,Y,N,Y,N,N,0,1,0,0,1,0,0,0,0,0,0,0,0,0,1,0,0,0,0,0,0,0,0,0,0,N,0,0,N,0,0,0,0,1,1000,1,3500,4500,1,0,0,Preliminary,Editor Mapped,448966.0882,3387861.32,30.62226402,-81.5324854
25693457,2023,12/17/2023 14:23,12/17/2023 0:00,2023-00116540,L,1,2,41,0,Nassau,Unincorporated,Rural,12/17/2023 14:23,12/17/2023 14:25,12/17/2023 14:38,12/17/2023 15:21,Y,Law Enforcement,SUNOWA SPRINGS TRL,11747,,,262299774,East,,,Local,Unpaved,Not at Intersection,,Daylight,Rain,Wet,N,Other,Motor Vehicle in Transport,On Roadway,N,Non-Junction,Road Surface Condition,,,Weather Conditions,,,N,,,,,Dep.,Nassau County Sheriff's Office,Sheriff's Office (SO),12/24/2023 19:11,Y,Single Vehicle,Other,Serious Injury,Incapacitating Injury,DAY,N,N,N,Y,N,N,N,Y,N,0,2,0,1,1,0,0,0,0,0,0,0,0,0,1,0,1,1,0,0,0,0,0,0,0,N,0,0,N,0,0,1,0,0,0,1,4000,4000,2,0,0,Preliminary,Editor Mapped,416563.1712,3368171.375,30.44278141,-81.86896661
25693535,2023,10/3/2023 6:45,10/3/2023 0:00,2023-00093047,L,2,2,41,0,Nassau,Unincorporated,Rural,10/3/2023 6:47,10/3/2023 6:49,10/3/2023 6:49,10/3/2023 7:40,Y,Law Enforcement,SR200,,,,0,,VICTORIA PL,,State,Curb,T-Intersection,,Dark - Lighted,Clear,Dry,N,Front to Rear,Motor Vehicle in Transport,On Roadway,N,Intersection-Related,None,,,None,,,N,,,,,Dep.,Nassau County Sheriff's Office,Sheriff's Office (SO),10/10/2023 19:36,Y,Rear End,Rear End,Serious Injury,Incapacitating Injury,NIGHT,N,N,N,Y,N,N,Y,N,N,1,1,0,0,1,0,0,0,0,0,0,0,0,0,2,1,0,0,0,0,0,0,0,0,0,N,0,0,N,0,0,1,0,0,0,2,9000,9000,1,0,0,Preliminary,Editor Mapped,448766.8894,3387923.228,30.62281411,-81.53456683
89606703,2023,7/16/2023 10:31,1/30/2024 14:40,FHP23ON0370158,L,1,2,41,0,Nassau,Unincorporated,Rural,7/16/2023 10:33,7/16/2023 10:34,7/16/2023 10:45,7/16/2023 14:10,Y,Law Enforcement,STATE ROAD 200 WESTBOUND,,30.59296,-81.78009,483,West,MT OLIVE ROAD,,State,Paved,Not at Intersection,Y,Daylight,Clear,Dry,N,Other,Pedestrian,On Roadway,N,Non-Junction,None,,,None,,,N,,,,,CPL,Florida Highway Patrol,Florida Highway Patrol (FHP),7/26/2023 14:53,Y,Pedestrian,Pedestrian,Fatality,Fatal (within 30 days),DAY,N,N,N,N,N,N,N,N,N,1,0,0,0,0,1,1,0,0,0,0,1,0,1,1,0,0,0,0,0,0,0,0,0,0,Y,0,1,N,0,0,0,0,0,0,1,3500,3500,0,0,0,Verified,n/a,425077.5366,3384693.246,30.59241946,-81.78149144
26151868,2023,9/21/2023 16:56,9/21/2023 16:57,2023-00015398,L,2,2,41,40,Nassau,Fernandina Beach,Urban,9/21/2023 16:57,9/21/2023 17:00,9/21/2023 17:05,9/21/2023 18:00,Y,Motorist,S 14TH ST,1751,,,331,South,,,County,Curb,Other,N,Daylight,Clear,Dry,N,Other,Motor Vehicle in Transport,On Roadway,N,Driveway/Alley Access Related,None,,,None,,,N,,,,,3,Fernandina Beach Police Department,Police Department (PD),10/14/2023 19:18,Y,Left Leaving,Left Turn,Serious Injury,Incapacitating Injury,DAY,N,N,N,N,N,N,N,N,N,1,1,0,0,1,0,0,0,0,1,0,0,0,0,2,0,1,0,0,0,0,0,1,1,0,N,0,0,N,0,0,1,0,0,0,2,15000,15000,1,0,0,Preliminary,Editor Mapped,456406.9839,3390586.888,30.64715273,-81.45496476
25693566,2023,11/24/2023 16:56,11/29/2023 0:00,2023-00107989,L,1,1,41,0,Nassau,Unincorporated,Rural,11/24/2023 16:56,11/24/2023 16:58,11/24/2023 16:58,11/24/2023 18:40,Y,Law Enforcement,S 8TH ST,,,,45343421,East,MAGNOLIA LN,,Local,Curb,Not at Intersection,,Daylight,Clear,Dry,N,Other,Other Non-Fixed Object,Off Roadway,N,Non-Junction,None,,,None,,,N,,,,,Dep.,Nassau County Sheriff's Office,Sheriff's Office (SO),12/12/2023 20:10,Y,Single Vehicle,Other,Serious Injury,Incapacitating Injury,DAY,N,N,N,N,N,N,N,Y,N,0,1,0,0,1,0,0,0,0,0,0,0,0,0,1,0,0,0,0,0,0,0,0,0,0,N,0,0,N,0,0,0,0,0,0,1,15000,15000,0,0,0,Preliminary,Editor Mapped,455833.6508,3389097.808,30.63369503,-81.46088456
25022826,2023,11/30/2023 15:23,11/30/2023 16:24,FHP23ON0629325,L,1,1,41,40,Nassau,Fernandina Beach,Urban,11/30/2023 15:28,11/30/2023 15:35,11/30/2023 16:06,11/30/2023 17:54,Y,Law Enforcement,BEECH ST,,30.66757064,-81.45344289,45344441,,S 13TH ST,,Local,Unpaved,Four-Way Intersection,N,Daylight,Cloudy,Dry,N,Other,Other Fixed Object,On Roadway,Y,Intersection-Related,None,,,None,,,N,,,,,TPR,Florida Highway Patrol,Florida Highway Patrol (FHP),12/11/2023 19:31,Y,Off Road,Off Road,Serious Injury,Incapacitating Injury,DAY,N,N,N,N,N,N,Y,N,N,0,1,0,0,1,0,0,0,0,0,1,0,0,0,1,0,0,0,0,0,0,0,0,0,0,N,0,0,N,0,0,3,0,0,0,1,800,800,1,0,0,Preliminary,Editor Mapped,456559.4394,3392844.836,30.6675327,-81.45346878
25692935,2023,9/1/2023 16:05,9/1/2023 0:00,2023-83460,L,2,3,41,30,Nassau,Callahan,Urban,9/1/2023 16:05,9/1/2023 16:08,9/1/2023 16:20,9/1/2023 17:40,Y,Law Enforcement,SR 200,,,,208221787,South,STRATTON RD,,State,Curb,Not at Intersection,,Daylight,Clear,Dry,N,Front to Rear,Motor Vehicle in Transport,On Roadway,Y,Driveway/Alley Access Related,None,,,None,,,N,,,,,,Nassau County Sheriff's Office,Sheriff's Office (SO),9/9/2023 17:20,Y,Right Angle,Angle,Serious Injury,Incapacitating Injury,DAY,N,N,N,Y,N,N,N,N,N,0,3,2,0,1,0,0,0,0,0,0,0,0,0,2,2,0,1,0,0,0,0,0,0,0,N,0,0,N,0,0,0,0,0,0,2,10000,10000,1,0,0,Preliminary,Editor Mapped,420793.8541,3382027.487,30.56809068,-81.8259654
89721121,2023,12/12/2023 10:04,1/23/2024 5:25,FHP23ON0651098,L,1,3,41,30,Nassau,Callahan,Urban,12/12/2023 10:09,12/12/2023 10:12,12/12/2023 10:38,12/12/2023 11:38,N,Law Enforcement,BYPASS ROAD,,30.56531653,-81.84585691,208221281,North,RIVER ROAD,,Interstate,Paved,Not at Intersection,N,Daylight,Clear,Dry,N,Other,Tree (standing),Off Roadway,N,Non-Junction,None,,,None,,,N,,,,,TPR,Florida Highway Patrol,Florida Highway Patrol (FHP),12/31/2023 19:09,Y,Off Road,Off Road,Serious Injury,Incapacitating Injury,DAY,N,Y,N,N,N,N,N,Y,N,0,3,0,0,3,0,0,0,0,0,0,0,0,0,1,0,1,2,2,2,2,0,0,0,0,N,0,0,N,0,0,0,0,0,0,1,15000,15000,3,0,0,Preliminary,Editor Mapped,418883.1121,3381731.277,30.56529009,-81.84586571
25693236,2023,10/14/2023 5:26,10/14/2023 0:00,2023-00096395,L,2,2,41,0,Nassau,Unincorporated,Rural,10/14/2023 5:26,10/14/2023 5:28,10/14/2023 5:33,10/14/2023 9:05,Y,Motorist,SR 200,,,,0,,TIMBER CREEK BLVD,,State,Unpaved,Four-Way Intersection,,Dark - Not Lighted,Clear,Dry,N,Front to Front,Motor Vehicle in Transport,On Roadway,Y,Intersection,None,,,None,,,N,,,,,,Nassau County Sheriff's Office,Sheriff's Office (SO),10/23/2023 19:22,Y,Right Angle,Angle,Serious Injury,Incapacitating Injury,NIGHT,N,N,N,N,N,N,Y,N,N,0,2,0,0,2,0,0,0,0,0,0,0,0,0,2,1,0,0,1,1,1,0,0,0,0,N,0,0,N,0,0,1,0,0,0,2,40000,40000,2,0,0,Preliminary,Editor Mapped,435717.973,3386956.143,30.61345711,-81.67065215
89677385,2023,7/18/2023 0:45,11/1/2023 18:25,FHP23ON0373395,L,2,2,41,0,Nassau,Unincorporated,Rural,7/18/2023 0:57,7/18/2023 0:58,7/18/2023 1:21,7/18/2023 7:04,Y,Law Enforcement,STATE ROAD 200,,30.63081,-81.58542,312,East,MINER ROAD,,State,Paved,Not at Intersection,Y,Dark - Not Lighted,Clear,Dry,N,Front to Rear,Motor Vehicle in Transport,On Roadway,N,Non-Junction,None,,,None,,,N,,,,,TPR,Florida Highway Patrol,Florida Highway Patrol (FHP),9/19/2023 19:36,Y,Rear End,Rear End,Fatality,Fatal (within 30 days),NIGHT,N,Y,Y,N,N,N,N,N,N,1,0,0,0,0,1,1,0,1,0,0,0,0,0,2,0,0,0,0,0,0,0,0,0,0,N,0,0,N,0,0,0,0,0,0,1,8000,8000,1,0,0,Verified,n/a,443994.8394,3388792.527,30.63044385,-81.58440349
25570637,2023,5/3/2023 0:00,5/3/2023 0:03,2023-00007432,L,1,1,41,40,Nassau,Fernandina Beach,Urban,5/3/2023 0:03,5/3/2023 0:05,5/3/2023 0:14,5/3/2023 0:34,Y,Motorist,ATLANTIC AV,2029,,,45346797,,,,State,Curb,T-Intersection,Y,Dark - Lighted,Clear,Dry,N,Other,Other Fixed Object,Off Roadway,N,Driveway/Alley Access Related,None,,,None,,,N,,,,,3,Fernandina Beach Police Department,Police Department (PD),5/17/2023 14:55,Y,Off Road,Off Road,Serious Injury,Incapacitating Injury,NIGHT,N,N,N,N,N,N,N,Y,N,0,1,0,0,1,0,0,0,0,0,0,0,0,0,1,0,0,0,0,0,0,0,0,0,0,N,0,0,N,0,0,2,0,1,100000,1,30000,130000,1,0,0,Verified,n/a,457526.9921,3393000.365,30.66897095,-81.44337532
89757773,2023,12/26/2023 20:58,12/26/2023 22:42,FHP23ON0678348,L,2,6,41,30,Nassau,Callahan,Rural,12/26/2023 21:03,12/26/2023 21:51,12/26/2023 22:15,12/26/2023 23:27,Y,Law Enforcement,MARLEE RD,,30.53776,-81.7728,208223372,,JONAS DR,,Local,Unpaved,Four-Way Intersection,Y,Dark - Not Lighted,Clear,Dry,N,Angle,Motor Vehicle in Transport,On Roadway,N,Intersection,None,,,None,,,N,,,,,TPR,Florida Highway Patrol,Florida Highway Patrol (FHP),1/1/2024 19:28,Y,Right Angle,Angle,Serious Injury,Incapacitating Injury,NIGHT,N,N,N,N,N,N,Y,N,N,0,6,0,4,2,0,0,0,0,0,0,0,0,0,2,0,1,4,0,0,0,0,0,0,0,N,0,0,N,0,0,1,0,0,0,2,22500,22500,6,0,0,Preliminary,Editor Mapped,425866.0759,3378634.207,30.53779784,-81.7728336
89616901,2023,8/14/2023 10:49,4/27/2024 7:39,FHP23ON0425136,L,2,2,41,0,Nassau,Unincorporated,Rural,8/14/2023 10:58,8/14/2023 10:58,8/14/2023 10:58,8/14/2023 15:45,Y,Law Enforcement,INTERSTATE 95,,30.69338,-81.67584,7017,South,US-17,,Interstate,Paved,Four-Way Intersection,Y,Daylight,Clear,Dry,N,Front to Rear,Motor Vehicle in Transport,On Roadway,N,Non-Junction,None,,,None,,,N,,,,,TPR,Florida Highway Patrol,Florida Highway Patrol (FHP),9/26/2023 19:35,Y,Rear End,Rear End,Fatality,Fatal (within 30 days),DAY,N,N,Y,N,N,N,N,N,N,0,1,1,0,0,1,1,0,1,0,0,0,0,0,2,1,0,0,0,0,0,0,0,0,0,N,0,0,N,0,0,0,0,0,0,2,67000,67000,1,0,1,Verified,n/a,435271.8931,3395814.463,30.69336236,-81.67586162
89616913,2023,10/5/2023 6:20,12/27/2023 16:41,FHP23ON0523430,L,2,2,41,0,Nassau,Unincorporated,Rural,10/5/2023 6:25,10/5/2023 6:25,10/5/2023 6:28,10/5/2023 11:00,Y,Law Enforcement,US-17,,30.61445,-81.5976,0,,WILLIAM BURGESS BLVD,,U.S.,Paved,T-Intersection,Y,Dark - Not Lighted,Cloudy,Dry,N,Angle,Motor Vehicle in Transport,On Roadway,N,Intersection,None,,,None,,,N,,,,,CPL,Florida Highway Patrol,Florida Highway Patrol (FHP),10/6/2023 19:33,Y,Left Entering,Left Turn,Fatality,Fatal (within 30 days),NIGHT,N,N,N,N,Y,N,Y,N,N,1,0,0,0,0,1,1,0,0,1,0,0,0,0,2,1,0,0,0,0,0,0,1,0,1,N,0,0,N,0,0,0,0,0,0,2,9000,9000,0,0,1,Verified,n/a,442720.4803,3387016.305,30.6143561,-81.59760212
89606726,2023,10/6/2023 8:50,4/22/2024 9:57,FHP23ON0525702,L,2,3,41,30,Nassau,Callahan,Urban,10/6/2023 8:52,10/6/2023 8:56,10/6/2023 9:30,10/6/2023 13:15,N,Law Enforcement,LEM TURNER ROAD,,30.55118,-81.7993,0,,TURNING LEAF DRIVE,,State,Paved,T-Intersection,Y,Daylight,Clear,Dry,N,Angle,Motor Vehicle in Transport,On Roadway,N,Intersection,None,,,None,,,N,,,,,TPR,Florida Highway Patrol,Florida Highway Patrol (FHP),10/18/2023 19:56,Y,Left Leaving,Left Turn,Fatality,Fatal (within 30 days),DAY,N,N,Y,N,N,N,Y,N,N,1,1,0,0,1,1,1,0,1,0,0,0,0,0,2,0,1,1,2,1,1,1,0,0,0,N,0,0,N,0,0,0,0,0,0,2,20000,20000,1,0,1,Verified,n/a,423338.6279,3380133.671,30.5511685,-81.79929051
25328843,2023,1/9/2023 15:08,1/13/2023 19:34,17311,L,1,1,2,38,Duval,Jacksonville,Urban,1/9/2023 15:14,1/9/2023 15:15,1/9/2023 15:25,1/9/2023 17:24,N,Law Enforcement,HOOD RD,,30.18621632,-81.59627489,291,East,ILAH RD,,Local,Paved,Not at Intersection,N,Daylight,Clear,Dry,N,Angle,Pedalcycle,On Roadway,N,Non-Junction,None,,,None,,,N,,,,,OFFICER,Jacksonville Sheriff's Office,Sheriff's Office (SO),1/10/2023 14:58,Y,Bicycle,Bicycle,Fatality,Fatal (within 30 days),DAY,N,N,N,N,N,N,N,N,N,0,0,0,0,0,1,1,0,0,0,0,1,0,1,0,0,0,0,0,0,0,0,0,0,0,Y,0,1,N,0,0,0,0,1,100,1,100,200,1,0,0,Preliminary,Officer Mapped,442598.1323,3339569.478,30.18621062,-81.59627166
25676150,2023,2/13/2023 8:08,2/13/2023 8:37,90724,L,2,2,2,38,Duval,Jacksonville,Urban,2/13/2023 8:13,2/13/2023 8:13,2/13/2023 8:22,2/13/2023 10:14,Y,Law Enforcement,ST,103RD,30.24838498,-81.7682867,0,,LA VENTURA DR E,,State,Curb,T-Intersection,N,Daylight,Clear,Dry,N,Angle,Motor Vehicle in Transport,On Roadway,N,Intersection,None,,,None,,,N,,,,,CSO,Jacksonville Sheriff's Office,Sheriff's Office (SO),2/16/2023 18:54,Y,Left Entering,Left Turn,Serious Injury,Incapacitating Injury,DAY,N,N,N,N,N,N,Y,N,N,0,2,0,1,1,0,0,0,0,0,0,0,0,0,2,1,0,0,1,1,1,0,0,0,0,N,0,0,N,0,0,1,0,0,0,2,8500,8500,2,0,0,Preliminary,Editor Mapped,426086.0304,3346558.837,30.24838726,-81.7682724
25326575,2023,1/16/2023 17:27,1/16/2023 17:52,32140,L,2,4,2,38,Duval,Jacksonville,Urban,1/16/2023 17:28,1/16/2023 17:28,1/16/2023 17:28,1/16/2023 18:39,Y,Law Enforcement,MCDUFF AVE N,,30.34356064,-81.70603055,325,East,W 5TH ST,,Local,Curb,Not at Intersection,N,Daylight,Clear,Dry,N,Front to Front,Motor Vehicle in Transport,On Roadway,N,Other,None,,,None,,,N,,,,,OFFICER,Jacksonville Sheriff's Office,Sheriff's Office (SO),1/19/2023 14:57,Y,Right Angle,Angle,Serious Injury,Incapacitating Injury,DAY,N,N,N,N,N,N,N,Y,N,0,4,2,0,2,0,0,0,0,0,0,0,0,0,2,0,0,2,2,2,2,0,0,0,0,N,0,0,N,0,0,4,0,0,0,2,8000,8000,3,0,0,Preliminary,Editor Mapped,432144.5693,3357067.558,30.34356704,-81.70598221
25675055,2023,1/26/2023 8:11,1/26/2023 8:31,52926,L,2,2,2,38,Duval,Jacksonville,Urban,1/26/2023 8:11,1/26/2023 8:19,1/26/2023 8:19,1/26/2023 8:47,Y,Law Enforcement,BEACH BLVD,,30.28858047,-81.5797546,33,East,PARENTAL HOME RD,,U.S.,Curb,Not at Intersection,N,Daylight,Clear,Dry,N,Front to Rear,Motor Vehicle in Transport,On Roadway,N,Non-Junction,None,,,None,,,N,,,,,CSO,Jacksonville Sheriff's Office,Sheriff's Office (SO),1/28/2023 14:48,Y,Rear End,Rear End,Serious Injury,Incapacitating Injury,DAY,N,N,N,N,N,N,N,N,N,1,1,0,0,1,0,0,0,0,0,0,0,0,0,2,0,0,0,0,0,0,0,0,0,0,N,0,0,N,0,0,1,0,0,0,2,10000,10000,0,0,0,Preliminary,Editor Mapped,444251.2221,3350903.455,30.28856335,-81.57970051
25676023,2023,1/27/2023 14:49,1/27/2023 15:16,55782,L,2,5,2,38,Duval,Jacksonville,Urban,1/27/2023 14:49,1/27/2023 14:50,1/27/2023 14:58,1/27/2023 16:16,Y,Law Enforcement,ATLANTIC BLVD,,30.32273167,-81.54085953,478,East,ANNISTON RD,,State,Curb,Not at Intersection,N,Daylight,Clear,Dry,N,Angle,Motor Vehicle in Transport,On Roadway,N,Driveway/Alley Access Related,None,,,None,,,N,,,,,CSO,Jacksonville Sheriff's Office,Sheriff's Office (SO),1/31/2023 14:56,Y,Left Rear,Left Turn,Serious Injury,Incapacitating Injury,DAY,N,N,N,N,N,N,N,N,N,1,4,3,0,1,0,0,0,0,0,0,0,0,0,2,0,1,3,0,0,0,0,0,0,0,N,0,0,N,0,0,5,0,0,0,2,20000,20000,1,0,0,Preliminary,Editor Mapped,448007.1943,3354661.31,30.32264056,-81.54083188