REPORT_NUMBER,CRASH_YEAR,CRASH_DATE_AND_TIME,REPORT_DATE_AND_TIME,INVESTIGATING_AGENCY_REPORT_NUMBER,FORM_TYPE,TOTAL_NUMBER_OF_VEHICLES,TOTAL_NUMBER_OF_PERSONS,COUNTY_CODE,CITY_CODE,COUNTY_NAME,CITY_NAME,RURAL_OR_URBAN,NOTIFIED_TIME,DISPATCHED_TIME,ARRIVED_TIME,CLEARED_TIME,COMPLETED_FLAG,NOTIFIED_BY,ON_STREET_ROAD_HIGHWAY,STREET_ADDRESS_NUMBER,LATITUDE,LONGITUDE,FEET_FROM_INTERSECTION,DIRECTION_FROM_INTERSECTION,FROM_INTERSECTION_OF,MILEPOST_NUMBER,ROAD_SYSTEM_IDENTIFER,TYPE_OF_SHOULDER,TYPE_OF_INTERSECTION,PHOTOS_TAKEN,LIGHT_CONDITION,WEATHER_CONDITION,ROAD_SURFACE_CONDITION,SCHOOL_BUS_RELATED_CODE,TYPE_OF_IMPACT,FIRST_HARMFUL_EVENT,LOCATION,INTERCHANGE_FLAG,JUNCTION_FLAG,ROAD_CIRCUMSTANCES_1,ROAD_CIRCUMSTANCES_2,ROAD_CIRCUMSTANCES_3,ENVIRONMENT_CIRCUMSTANCES_1,ENVIRONMENT_CIRCUMSTANCES_2,ENVIRONMENT_CIRCUMSTANCES_3,WORK_ZONE_RELATED_FLAG,CRASH_IN_WORK_ZONE,TYPE_OF_WORK_ZONE,WORKERS_PRESENT,LAW_ENFORCEMENT_PRESENT,INVESTIGATOR_RANK,INVESTIGATING_AGENCY_NAME,INVESTIGATING_AGENCY_TYPE,LOAD_DATE,CODEABLE,S4_CRASH_TYPE,S4_CRASH_TYPE_SIMPLIFIED,S4_CRASH_SEVERITY,S4_CRASH_SEVERITY_DETAIL,S4_DAY_OR_NIGHT,S4_IS_AGGRESSIVE_DRIVING,S4_IS_ALCOHOL_RELATED,S4_IS_CMV_INVOLVED,S4_IS_DISTRACTED,S4_IS_DRUG_RELATED,S4_IS_HIT_AND_RUN,S4_IS_INTERSECTION_RELATED,S4_IS_LANE_DEPARTURE_RELATED,S4_IS_SPEEDING_RELATED,S4_NONE_INJURY_COUNT,S4_INJURY_COUNT,S4_POSSIBLE_INJURY_COUNT,S4_NON_INCAPACITATING_INJURY_COUNT,S4_INCAPACITATING_INJURY_COUNT,S4_FATALITY_COUNT,S4_FATALITY_WITHIN_30_DAYS_COUNT,S4_NON_TRAFFIC_FATALITY_COUNT,S4_TRAILER_COUNT,S4_MOTORCYCLE_COUNT,S4_MOPED_COUNT,S4_NON_MOTORIST_COUNT,S4_BICYCLIST_COUNT,S4_PEDESTRIAN_COUNT,S4_DRIVER_COUNT,S4_AGING_DRIVER_COUNT,S4_TEENAGER_DRIVER_COUNT,S4_PASSENGER_COUNT,S4_UNRESTRAINED_COUNT,S4_UNRESTRAINED_INJURY_COUNT,S4_UNRESTRAINED_INCAPACITATING_INJURY_COUNT,S4_UNRESTRAINED_FATALITY_COUNT,S4_MOTORCYCLIST_COUNT,S4_MOTORCYCLIST_INCAPACITATING_INJURY_COUNT,S4_MOTORCYCLIST_FATALITY_COUNT,S4_IS_PEDESTRIAN_INVOLVED,S4_PEDESTRIAN_INCAPACITATING_INJURY_COUNT,S4_PEDESTRIAN_FATALITY_COUNT,S4_IS_BICYCLIST_INVOLVED,S4_BICYCLIST_INCAPACITATING_INJURY_COUNT,S4_BICYCLIST_FATALITY_COUNT,S4_CITATION_COUNT,S4_CITATION_AMOUNT,S4_PROPERTY_DAMAGE_COUNT,S4_PROPERTY_DAMAGE_AMOUNT,S4_VEHICLE_DAMAGE_COUNT,S4_VEHICLE_DAMAGE_AMOUNT,S4_TOTAL_DAMAGE_AMOUNT,S4_TRANSPORT_BY_EMS_COUNT,S4_TRANSPORT_BY_LAW_ENFORCEMENT_COUNT,S4_TRANSPORT_BY_OTHER_COUNT,S4_GEOLOCATION_STATUS,S4_PRELIMINARY_GEOLOCATION_STATUS,S4_X,S4_Y,S4_LATITUDE,S4_LONGITUDE
25335091,2023,1/14/2023 7:40,1/14/2023 8:11,27712,L,2,2,2,38,Duval,Jacksonville,Urban,1/14/2023 7:45,1/14/2023 7:45,1/14/2023 7:54,1/14/2023 8:47,Y,Law Enforcement,SAN JOSE BLVD,,30.13630637,-81.63259484,62,South,JULINGTON CREEK RD,,State,Paved,Four-Way Intersection,N,Daylight,Clear,Dry,N,Front to Rear,Motor Vehicle in Transport,On Roadway,N,Non-Junction,None,,,None,,,N,,,,,OFFICER,Jacksonville Sheriff's Office,Sheriff's Office (SO),1/15/2023 14:42,Y,Rear End,Rear End,Serious Injury,Incapacitating Injury,DAY,N,N,N,Y,N,N,N,N,N,0,2,0,1,1,0,0,0,0,0,0,0,0,0,2,0,0,0,0,0,0,0,0,0,0,N,0,0,N,0,0,3,0,0,0,2,20000,20000,1,0,0,Preliminary,Editor Mapped,439087.3427,3334030.755,30.13605924,-81.6324197
25333905,2023,2/4/2023 1:40,2/4/2023 2:14,71572,L,2,4,2,38,Duval,Jacksonville,Urban,2/4/2023 1:44,2/4/2023 1:54,2/4/2023 1:55,2/4/2023 2:15,Y,Law Enforcement,SR-152 (BAYMEADOWS RD),,30.22099384,-81.56065925,0,,PRINCETON SQUARE BLVD E,,State,Curb,Not at Intersection,N,Dark - Lighted,Clear,Dry,N,Angle,Motor Vehicle in Transport,On Roadway,N,Driveway/Alley Access Related,None,,,None,,,N,,,,,OFFICER,Jacksonville Sheriff's Office,Sheriff's Office (SO),2/5/2023 14:58,Y,Right Angle,Angle,Serious Injury,Incapacitating Injury,NIGHT,N,N,N,N,N,N,N,N,N,3,1,0,0,1,0,0,0,0,0,0,0,0,0,2,0,0,2,0,0,0,0,0,0,0,N,0,0,N,0,0,2,0,0,0,2,40000,40000,1,0,0,Preliminary,Editor Mapped,446044.0457,3343405.321,30.22098271,-81.56067428
25681843,2023,4/21/2023 8:32,3/26/2024 13:12,236252,L,1,1,2,38,Duval,Jacksonville,Urban,4/21/2023 8:32,4/21/2023 9:12,4/21/2023 9:32,4/21/2023 11:57,Y,Law Enforcement,MONCRIEF RD W,,30.39437187,-81.7444875,45146735,West,FEDERAL ST,,Local,Unpaved,Not at Intersection,N,Daylight,Clear,Dry,N,Other,"Other Post, Pole or Support",Off Roadway,N,Non-Junction,None,,,None,,,N,,,,,DETECTIVE,Jacksonville Sheriff's Office,Sheriff's Office (SO),4/25/2023 15:37,Y,Off Road,Off Road,Serious Injury,Incapacitating Injury,DAY,N,N,N,N,N,N,N,Y,N,0,1,0,0,1,0,0,0,0,0,0,0,0,0,1,0,0,0,1,1,1,0,0,0,0,N,0,0,N,0,0,0,0,1,14000,1,10000,24000,1,0,0,Verified,n/a,428480.8346,3362720.725,30.39436613,-81.74448422
25681917,2023,4/11/2023 8:47,4/11/2023 9:13,213675,L,2,3,2,38,Duval,Jacksonville,Urban,4/11/2023 8:47,4/11/2023 8:51,4/11/2023 8:56,4/11/2023 10:06,Y,Law Enforcement,BEACH BLVD,,30.29661716,-81.6156718,45213036,,TAUNTON RD,,U.S.,Curb,T-Intersection,N,Daylight,Rain,Wet,N,Angle,Motor Vehicle in Transport,On Roadway,N,Intersection,None,,,Weather Conditions,,,N,,,,,CSO,Jacksonville Sheriff's Office,Sheriff's Office (SO),4/13/2023 15:35,Y,Left Entering,Left Turn,Serious Injury,Incapacitating Injury,DAY,N,N,N,N,N,N,Y,N,N,1,2,0,1,1,0,0,0,0,0,0,0,0,0,2,0,0,1,0,0,0,0,0,0,0,N,0,0,N,0,0,1,0,1,1000,2,20000,21000,2,0,0,Verified,n/a,440797.4596,3351818.076,30.29665263,-81.61566413
25682017,2023,4/13/2023 17:10,4/13/2023 17:36,219572,L,1,1,2,38,Duval,Jacksonville,Urban,4/13/2023 17:15,4/13/2023 17:15,4/13/2023 17:20,4/13/2023 18:30,Y,Law Enforcement,BUTLER BLVD,,30.24970663,-81.5910345,886246682,East,SALISBURY RD,,State,Curb,Not at Intersection,N,Daylight,Clear,Dry,N,Front to Front,Fence,On Roadway,N,Non-Junction,None,,,None,,,N,,,,,CSO,Jacksonville Sheriff's Office,Sheriff's Office (SO),4/15/2023 15:29,Y,Off Road,Off Road,Serious Injury,Incapacitating Injury,DAY,N,N,N,N,N,N,N,Y,N,0,1,0,0,1,0,0,0,0,0,0,0,0,0,1,0,0,0,0,0,0,0,0,0,0,N,0,0,N,0,0,0,0,6,11900,1,15000,26900,1,0,0,Verified,n/a,443139.151,3346602.508,30.24970092,-81.59103127
25683177,2023,5/1/2023 17:51,5/1/2023 18:11,259080,L,1,2,2,38,Duval,Jacksonville,Urban,5/1/2023 17:51,5/1/2023 17:51,5/1/2023 18:00,5/1/2023 18:45,Y,Law Enforcement,W BEAVER ST,,30.33649288,-81.67634668,45208952,West,MYRTLE AVE N,,U.S.,Paved,Not at Intersection,N,Daylight,Clear,Dry,N,Other,Motor Vehicle in Transport,On Roadway,N,Non-Junction,None,,,None,,,N,,,,,CSO,Jacksonville Sheriff's Office,Sheriff's Office (SO),5/3/2023 15:36,Y,Single Vehicle,Other,Serious Injury,Incapacitating Injury,DAY,N,N,N,N,N,N,N,N,N,0,2,0,1,1,0,0,0,0,1,0,1,0,1,1,0,0,0,0,0,0,0,1,1,0,Y,0,0,N,0,0,1,0,0,0,1,2100,2100,1,0,0,Verified,n/a,434988.6882,3356265.619,30.33648714,-81.67634342
25683253,2023,6/14/2023 21:45,6/14/2023 22:59,356388,L,1,2,2,38,Duval,Jacksonville,Urban,6/14/2023 21:50,6/14/2023 21:55,6/14/2023 22:00,6/14/2023 22:59,Y,Law Enforcement,TOUCHTON RD E,4259,30.26949522,-81.55870928,45222626,,SOUTHSIDE BLVD,,Local,Paved,Four-Way Intersection,N,Dark - Lighted,Cloudy,Dry,N,Other,Pedestrian,On Roadway,N,Non-Junction,None,,,None,,,N,,,,,OFFICER,Jacksonville Sheriff's Office,Sheriff's Office (SO),6/17/2023 14:46,Y,Pedestrian,Pedestrian,Serious Injury,Incapacitating Injury,NIGHT,N,N,N,N,N,N,N,N,N,1,1,0,0,1,0,0,0,0,0,0,1,0,1,1,1,0,0,0,0,0,0,0,0,0,Y,1,0,N,0,0,0,0,0,0,1,400,400,1,0,0,Verified,n/a,446257.9257,3348773.934,30.26943773,-81.55872589
25683075,2023,5/3/2023 13:05,5/3/2023 13:41,263087,L,2,2,2,38,Duval,Jacksonville,Urban,5/3/2023 13:05,5/3/2023 13:05,5/3/2023 13:29,5/3/2023 14:05,Y,Law Enforcement,SAINT JOHNS BLUFF RD S,,30.29799204,-81.5257537,885206299,North,LEAHY RD,,Local,Curb,Not at Intersection,N,Daylight,Clear,Dry,N,Front to Front,Motor Vehicle in Transport,On Roadway,N,Non-Junction,None,,,None,,,N,,,,,CSO,Jacksonville Sheriff's Office,Sheriff's Office (SO),5/5/2023 15:29,Y,Head On,Head On,Serious Injury,Incapacitating Injury,DAY,N,N,N,N,N,N,N,Y,N,0,2,1,0,1,0,0,0,0,0,0,0,0,0,2,0,0,0,0,0,0,0,0,0,0,N,0,0,N,0,0,2,0,1,50,2,20000,20050,2,0,0,Verified,n/a,449444.4105,3351922.42,30.29798631,-81.52575048
89638536,2023,6/30/2023 23:43,7/1/2023 12:19,FHP23ON0341830,L,2,2,2,38,Duval,Jacksonville,Urban,6/30/2023 23:43,6/30/2023 23:47,7/1/2023 0:02,7/1/2023 1:30,Y,Law Enforcement,INTERSTATE 295 SB,,30.16797,-81.58027,1349,West,INTERSTATE 95,,Interstate,Paved,Not at Intersection,N,Dark - Not Lighted,Clear,Dry,N,Front to Rear,Motor Vehicle in Transport,On Roadway,N,Non-Junction,None,,,None,,,N,,,,,TPR,Florida Highway Patrol,Florida Highway Patrol (FHP),7/18/2023 14:54,Y,Rear End,Rear End,Serious Injury,Incapacitating Injury,NIGHT,N,N,N,N,N,N,N,Y,N,0,2,0,0,2,0,0,0,0,0,0,0,0,0,2,0,0,0,0,0,0,0,0,0,0,N,0,0,N,0,0,2,0,0,0,2,21000,21000,1,0,0,Preliminary,Editor Mapped,444700.3898,3337475.095,30.16740855,-81.57432542
25064080,2023,2/10/2023 1:40,2/10/2023 3:49,FHP23ON0071828,L,1,1,2,38,Duval,Jacksonville,Urban,2/10/2023 1:49,2/10/2023 1:56,2/10/2023 3:07,2/10/2023 4:36,Y,Law Enforcement,SR-9B NB RAMP,,30.11905463,-81.51483562,,,I-95,,State,Paved,Not at Intersection,N,Dark - Lighted,Clear,Dry,N,Other,Other Fixed Object,Off Roadway,Y,Entrance/Exit Ramp,None,,,None,,,N,,,,,TPR,Florida Highway Patrol,Florida Highway Patrol (FHP),2/20/2023 15:58,Y,Off Road,Off Road,Serious Injury,Incapacitating Injury,NIGHT,N,N,N,N,N,N,N,Y,N,0,1,0,0,1,0,0,0,0,0,0,0,0,0,1,0,0,0,1,1,1,0,0,0,0,N,0,0,N,0,0,0,0,1,1000,1,5000,6000,1,0,0,Preliminary,Editor Mapped,450321.8893,3332123.034,30.11935385,-81.51569305
25675674,2023,2/7/2023 17:45,2/7/2023 18:13,79270,L,2,2,2,38,Duval,Jacksonville,Urban,2/7/2023 17:50,2/7/2023 17:50,2/7/2023 18:07,2/7/2023 19:40,Y,Law Enforcement,MONCRIEF RD,,30.37700193,-81.69165794,0,,ROWE AVE,,Local,Curb,T-Intersection,N,Dusk,Clear,Dry,N,Angle,Motor Vehicle in Transport,On Roadway,N,Intersection,None,,,None,,,N,,,,,CSO,Jacksonville Sheriff's Office,Sheriff's Office (SO),2/9/2023 14:22,Y,Left Rear,Left Turn,Serious Injury,Incapacitating Injury,DAY,N,N,N,N,N,N,Y,N,N,1,1,0,0,1,0,0,0,0,0,1,0,0,0,2,1,0,0,0,0,0,0,0,0,0,N,0,0,N,0,0,2,0,0,0,2,3000,3000,1,0,0,Preliminary,Editor Mapped,433541.4533,3360757.988,30.37694512,-81.69168391
25672475,2023,1/30/2023 19:40,1/30/2023 20:31,61896,L,1,2,2,38,Duval,Jacksonville,Urban,1/30/2023 19:41,1/30/2023 19:42,1/30/2023 19:46,1/30/2023 20:31,Y,Law Enforcement,OLD PLANK RD,,30.33068191,-81.80297143,157,West,MANSON LN,,Local,Unpaved,Not at Intersection,N,Dark - Lighted,Clear,Dry,N,Front to Rear,Pedalcycle,On Roadway,N,Non-Junction,None,,,None,,,N,,,,,OFFICER,Jacksonville Sheriff's Office,Sheriff's Office (SO),2/16/2023 18:53,Y,Bicycle,Bicycle,Serious Injury,Incapacitating Injury,NIGHT,N,N,N,N,N,N,N,Y,N,1,1,0,0,1,0,0,0,0,0,0,1,1,0,1,0,1,0,0,0,0,0,0,0,0,N,0,0,Y,1,0,0,0,0,0,1,3000,3000,1,0,0,Preliminary,Editor Mapped,422810.4493,3355697.555,30.33064478,-81.80298795
89638467,2023,4/15/2023 0:00,4/15/2023 22:56,FHP23ON0198224,L,3,9,2,38,Duval,Jacksonville,Urban,4/15/2023 22:29,4/15/2023 22:38,4/15/2023 22:40,4/16/2023 0:15,Y,Law Enforcement,INTERSTATE 10 EB,,30.3207,-81.72008,1694,West,LUNA ST,,Interstate,Paved,Not at Intersection,N,Dark - Lighted,Clear,Dry,N,Front to Rear,Motor Vehicle in Transport,On Roadway,N,Non-Junction,None,,,None,,,N,,,,,TPR,Florida Highway Patrol,Florida Highway Patrol (FHP),4/25/2023 15:37,Y,Rear End,Rear End,Serious Injury,Incapacitating Injury,NIGHT,N,N,N,N,N,N,N,N,N,7,2,0,0,2,0,0,0,0,0,0,0,0,0,3,0,0,6,0,0,0,0,0,0,0,N,0,0,N,0,0,2,0,0,0,3,13500,13500,2,0,0,Preliminary,Editor Mapped,430669.0891,3354541.283,30.32068758,-81.72116534
89590254,2023,3/15/2023 0:00,3/15/2023 0:48,FHP23ON0135406,L,1,1,2,38,Duval,Jacksonville,Urban,3/15/2023 0:12,3/15/2023 0:15,3/15/2023 0:31,3/15/2023 1:58,Y,Law Enforcement,I-95 NB OFF RAMP 353B,,30.33395638,-81.67045297,376,West,UNION ST,,Interstate,Paved,Not at Intersection,N,Daylight,Clear,Dry,N,Other,Guardrail Face,On Roadway,Y,Entrance/Exit Ramp,None,,,None,,,N,,,,,TPR,Florida Highway Patrol,Florida Highway Patrol (FHP),3/20/2023 14:18,Y,Off Road,Off Road,Serious Injury,Incapacitating Injury,NIGHT,N,N,N,N,N,N,N,Y,N,0,1,0,0,1,0,0,0,0,1,0,0,0,0,1,0,0,0,0,0,0,0,1,1,0,N,0,0,N,0,0,0,0,0,0,1,5000,5000,1,0,0,Preliminary,Editor Mapped,435650.7782,3356071.452,30.33477051,-81.66944386
25678772,2023,3/17/2023 10:00,3/17/2023 10:25,160001,L,2,4,2,38,Duval,Jacksonville,Urban,3/17/2023 10:04,3/17/2023 10:15,3/17/2023 10:15,3/17/2023 11:19,Y,Law Enforcement,ATLANTIC BLVD,,30.32456491,-81.51814016,95,West,MINDANAO DR,,State,Curb,Four-Way Intersection,N,Daylight,Clear,Dry,N,Front to Rear,Motor Vehicle in Transport,On Roadway,N,Intersection-Related,None,,,None,,,N,,,,,CSO,Jacksonville Sheriff's Office,Sheriff's Office (SO),3/21/2023 14:31,Y,Rear End,Rear End,Serious Injury,Incapacitating Injury,DAY,N,N,N,N,N,N,Y,N,N,3,1,0,0,1,0,0,0,0,0,0,0,0,0,2,0,0,2,0,0,0,0,0,0,0,N,0,0,N,0,0,1,0,0,0,2,16000,16000,1,0,0,Preliminary,Editor Mapped,450189.1083,3354863.519,30.32455712,-81.5181459
25679634,2023,3/21/2023 10:17,3/21/2023 10:32,168137,L,2,2,2,38,Duval,Jacksonville,Urban,3/21/2023 10:18,3/21/2023 10:18,3/21/2023 10:25,3/21/2023 11:13,Y,Law Enforcement,BAYMEADOWS RD,,30.22066897,-81.55900989,0,,OLD BAYMEADOWS RD,,State,Curb,Four-Way Intersection,N,Daylight,Clear,Dry,N,Angle,Motor Vehicle in Transport,On Roadway,N,Intersection,None,,,None,,,N,,,,,CSO,Jacksonville Sheriff's Office,Sheriff's Office (SO),3/23/2023 14:24,Y,Left Entering,Left Turn,Serious Injury,Incapacitating Injury,DAY,N,N,N,N,N,N,Y,N,N,1,1,0,0,1,0,0,0,0,0,0,0,0,0,2,1,1,0,0,0,0,0,0,0,0,N,0,0,N,0,0,2,0,0,0,2,12000,12000,1,0,0,Preliminary,Editor Mapped,446216.0059,3343367.433,30.22064845,-81.55888552
25333910,2023,3/31/2023 21:55,3/31/2023 22:19,192034,L,3,5,2,38,Duval,Jacksonville,Urban,3/31/2023 21:56,3/31/2023 21:57,3/31/2023 22:05,3/31/2023 22:21,Y,Law Enforcement,BAYMEADOWS RD,,30.22096742,-81.56421296,0,,BAYMEADOWS CIR E,,State,Curb,Four-Way Intersection,N,Dark - Lighted,Clear,Dry,N,Angle,Motor Vehicle in Transport,On Roadway,N,Intersection,None,,,None,,,N,,,,,OFFICER,Jacksonville Sheriff's Office,Sheriff's Office (SO),4/4/2023 14:25,Y,Left Rear,Left Turn,Serious Injury,Incapacitating Injury,NIGHT,N,N,N,N,Y,N,Y,N,N,4,1,0,0,1,0,0,0,0,0,0,0,0,0,3,0,0,2,0,0,0,0,0,0,0,N,0,0,N,0,0,1,0,0,0,3,65000,65000,1,0,0,Preliminary,Editor Mapped,445703.7973,3343404.674,30.22096171,-81.56420974
25029803,2023,1/23/2023 6:30,1/23/2023 6:58,FHP23ON0038976,L,1,1,2,38,Duval,Jacksonville,Urban,1/23/2023 6:36,1/23/2023 6:41,1/23/2023 6:44,1/23/2023 9:16,Y,Law Enforcement,I-295,,30.23607,-81.51412,1513,North,GATE PKWY,,Interstate,Paved,Not at Intersection,N,Dark - Lighted,Clear,Dry,N,Other,Other Traffic Barrier,On Roadway,N,Non-Junction,None,,,None,,,N,,,,,TPR,Florida Highway Patrol,Florida Highway Patrol (FHP),2/3/2023 14:52,Y,Off Road,Off Road,Serious Injury,Incapacitating Injury,NIGHT,N,N,N,Y,N,N,N,Y,N,0,1,0,0,1,0,0,0,0,0,0,0,0,0,1,0,0,0,0,0,0,0,0,0,0,N,0,0,N,0,0,0,0,1,500,1,6000,6500,1,0,0,Preliminary,Editor Mapped,450506.5761,3344893.31,30.23460037,-81.51437416
89603435,2023,1/5/2023 17:56,2/5/2023 18:31,FHP23ON0063776,L,2,2,2,38,Duval,Jacksonville,Urban,2/5/2023 17:56,2/5/2023 18:04,2/5/2023 18:29,2/5/2023 19:15,Y,Law Enforcement,INTERSTATE 295 NB,,30.45754,-81.63594,403,West,US-17,,Interstate,Paved,Not at Intersection,N,Dusk,Clear,Dry,N,Front to Rear,Motor Vehicle in Transport,On Roadway,N,Non-Junction,None,,,None,,,N,,,,,TPR,Florida Highway Patrol,Florida Highway Patrol (FHP),2/16/2023 18:53,Y,Rear End,Rear End,Serious Injury,Incapacitating Injury,DAY,N,N,N,N,N,N,N,N,N,1,1,0,0,1,0,0,0,0,0,0,0,0,0,2,0,0,0,0,0,0,0,0,0,0,N,0,0,N,0,0,2,0,0,0,2,9000,9000,1,0,0,Preliminary,Editor Mapped,438890.547,3369669.054,30.45763674,-81.63653655
25061825,2023,1/10/2023 19:37,1/10/2023 20:03,FHP23ON0017268,L,2,2,2,38,Duval,Jacksonville,Urban,1/10/2023 19:37,1/10/2023 19:43,1/10/2023 20:01,1/10/2023 20:58,Y,Law Enforcement,INTERSTATE 95 (ONRAMP TO I-10),,30.31795,-81.67931,2850,West,INTERSTATE 10,,Interstate,Paved,Not at Intersection,N,Dark - Lighted,Clear,Dry,N,Front to Rear,Motor Vehicle in Transport,On Roadway,N,Non-Junction,None,,,None,,,N,,,,,TPR,Florida Highway Patrol,Florida Highway Patrol (FHP),1/22/2023 14:43,Y,Rear End,Rear End,Serious Injury,Incapacitating Injury,NIGHT,N,N,N,N,N,N,N,N,N,1,1,0,0,1,0,0,0,0,0,0,0,0,0,2,1,0,0,0,0,0,0,0,0,0,N,0,0,N,0,0,1,0,0,0,2,10100,10100,1,0,0,Preliminary,Editor Mapped,434552.0032,3354311.481,30.31883036,-81.68076422
24732582,2023,2/11/2023 13:50,2/16/2023 12:11,87610,L,1,1,2,38,Duval,Jacksonville,Urban,2/11/2023 13:51,2/11/2023 13:52,2/11/2023 13:53,2/11/2023 16:45,N,Law Enforcement,CITY SQUARE DRIVE,13275,30.47822419,-81.63664504,385,West,NAUTICA DRIVE,,Private Roadway,Curb,Not at Intersection,Y,Daylight,Rain,Wet,N,Other,Curb,Shoulder,N,Driveway/Alley Access Related,None,,,None,,,N,,,,,DETECTIVE,Jacksonville Sheriff's Office,Sheriff's Office (SO),2/16/2023 18:53,Y,Off Road,Off Road,Fatality,Fatal (within 30 days),DAY,N,N,N,N,N,N,N,Y,N,0,0,0,0,0,1,1,0,0,1,0,0,0,0,1,0,0,0,0,0,0,0,1,0,1,N,0,0,N,0,0,0,0,0,0,1,500,500,1,0,0,Preliminary,Editor Mapped,438889.9825,3371951.701,30.47823396,-81.6366764
25398132,2023,1/15/2023 20:00,1/23/2023 0:00,23-82000809,L,1,3,2,30,Duval,Atlantic Beach,Urban,1/15/2023 20:02,1/15/2023 20:03,1/15/2023 20:08,1/15/2023 20:30,Y,Law Enforcement,MAYPORT RD,,30.335342,-81.414791,0,,DONNER RD,,State,Curb,Four-Way Intersection,Y,Dark - Lighted,Clear,Dry,N,,Pedalcycle,On Roadway,N,Intersection-Related,None,,,None,,,N,,,,,OFC,Atlantic Beach Police Department,Police Department (PD),1/27/2023 14:55,Y,Bicycle,Bicycle,Serious Injury,Incapacitating Injury,NIGHT,Y,Y,N,N,Y,Y,Y,N,Y,2,1,0,0,1,0,0,0,0,0,0,1,1,0,1,0,0,1,0,0,0,0,0,0,0,N,0,0,Y,1,0,1,0,0,0,1,2000,2000,1,0,0,Preliminary,Editor Mapped,460126.9068,3356020.266,30.33536413,-81.41481687
24045665,2023,1/6/2023 20:40,1/6/2023 21:13,12172,L,2,4,2,38,Duval,Jacksonville,Urban,1/6/2023 20:40,1/6/2023 20:40,1/6/2023 20:47,1/6/2023 21:45,Y,Law Enforcement,MONCRIEF RD W,,30.39449061,-81.73767056,98,North,NEW KINGS RD,,Local,Curb,Four-Way Intersection,N,Dark - Lighted,Clear,Dry,N,Other,Motor Vehicle in Transport,On Roadway,N,Intersection,None,,,None,,,N,,,,,OFFICER,Jacksonville Sheriff's Office,Sheriff's Office (SO),1/9/2023 14:44,Y,Left Rear,Left Turn,Serious Injury,Incapacitating Injury,NIGHT,N,N,N,N,N,N,Y,N,N,0,4,2,0,2,0,0,0,0,0,0,0,0,0,2,0,0,2,0,0,0,0,0,0,0,N,0,0,N,0,0,1,0,2,500,2,20000,20500,2,0,0,Preliminary,Editor Mapped,429124.8729,3362755.588,30.39471874,-81.73778289
25335096,2023,2/12/2023 15:28,2/12/2023 15:42,89521,L,2,3,2,38,Duval,Jacksonville,Urban,2/12/2023 15:29,2/12/2023 15:29,2/12/2023 15:31,2/12/2023 16:16,Y,Law Enforcement,SAN JOSE BLVD,10146,30.19347658,-81.6245448,111,North,10100 HALEY RD,,State,Paved,Not at Intersection,N,Daylight,Clear,Dry,N,Front to Rear,Motor Vehicle in Transport,On Roadway,N,Non-Junction,None,,,None,,,N,,,,,OFFICER,Jacksonville Sheriff's Office,Sheriff's Office (SO),2/16/2023 18:53,Y,Rear End,Rear End,Serious Injury,Incapacitating Injury,DAY,N,N,N,N,N,N,N,N,N,2,1,0,0,1,0,0,0,0,0,0,0,0,0,2,0,0,1,0,0,0,0,0,0,0,N,0,0,N,0,0,1,0,0,0,2,7000,7000,1,0,0,Preliminary,Editor Mapped,439883.7875,3340391.27,30.19349512,-81.62451279
24967482,2023,1/21/2023 9:20,1/21/2023 10:05,FHP23ON0036051,L,1,2,41,60,Nassau,Yulee,Urban,1/21/2023 9:25,1/21/2023 9:26,1/21/2023 9:31,1/21/2023 10:46,Y,Law Enforcement,INTERSTATE 95,,30.57686451,-81.64604521,15784,South,SR.200,,Interstate,Paved,Not at Intersection,N,Daylight,Cloudy,Dry,N,Other,Overturn/Rollover,Shoulder,N,Non-Junction,None,,,None,,,N,,,,,TPR,Florida Highway Patrol,Florida Highway Patrol (FHP),2/3/2023 14:52,Y,Rollover,Rollover,Serious Injury,Incapacitating Injury,DAY,N,N,N,N,N,N,N,Y,N,0,2,0,0,2,0,0,0,1,0,0,0,0,0,1,0,0,1,0,0,0,0,0,0,0,N,0,0,N,0,0,2,0,0,0,1,8000,8000,2,0,0,Preliminary,Editor Mapped,438174.4348,3382288.143,30.57146632,-81.64474646
25678765,2023,3/14/2023 7:25,3/14/2023 8:54,153292,L,2,3,2,30,Duval,Atlantic Beach,Urban,3/14/2023 7:25,3/14/2023 8:16,3/14/2023 8:32,3/14/2023 10:04,Y,Law Enforcement,MAYPORT RD,,30.35366523,-81.41366484,0,,FLEET LANDING BLVD,,State,Curb,Four-Way Intersection,N,Daylight,Clear,Dry,N,Angle,Motor Vehicle in Transport,On Roadway,N,Intersection,None,,,None,,,N,,,,,CSO,Jacksonville Sheriff's Office,Sheriff's Office (SO),3/16/2023 14:26,Y,Left Entering,Left Turn,Serious Injury,Incapacitating Injury,DAY,N,N,N,N,N,N,Y,N,N,1,2,0,0,2,0,0,0,0,0,0,0,0,0,2,0,0,1,0,0,0,0,0,0,0,N,0,0,N,0,0,0,0,0,0,2,20000,20000,2,0,0,Preliminary,Editor Mapped,460246.7278,3358048.317,30.35366902,-81.4136473