REPORT_NUMBER,CRASH_YEAR,CRASH_DATE_AND_TIME,REPORT_DATE_AND_TIME,INVESTIGATING_AGENCY_REPORT_NUMBER,FORM_TYPE,TOTAL_NUMBER_OF_VEHICLES,TOTAL_NUMBER_OF_PERSONS,COUNTY_CODE,CITY_CODE,COUNTY_NAME,CITY_NAME,RURAL_OR_URBAN,NOTIFIED_TIME,DISPATCHED_TIME,ARRIVED_TIME,CLEARED_TIME,COMPLETED_FLAG,NOTIFIED_BY,ON_STREET_ROAD_HIGHWAY,STREET_ADDRESS_NUMBER,LATITUDE,LONGITUDE,FEET_FROM_INTERSECTION,DIRECTION_FROM_INTERSECTION,FROM_INTERSECTION_OF,MILEPOST_NUMBER,ROAD_SYSTEM_IDENTIFER,TYPE_OF_SHOULDER,TYPE_OF_INTERSECTION,PHOTOS_TAKEN,LIGHT_CONDITION,WEATHER_CONDITION,ROAD_SURFACE_CONDITION,SCHOOL_BUS_RELATED_CODE,TYPE_OF_IMPACT,FIRST_HARMFUL_EVENT,LOCATION,INTERCHANGE_FLAG,JUNCTION_FLAG,ROAD_CIRCUMSTANCES_1,ROAD_CIRCUMSTANCES_2,ROAD_CIRCUMSTANCES_3,ENVIRONMENT_CIRCUMSTANCES_1,ENVIRONMENT_CIRCUMSTANCES_2,ENVIRONMENT_CIRCUMSTANCES_3,WORK_ZONE_RELATED_FLAG,CRASH_IN_WORK_ZONE,TYPE_OF_WORK_ZONE,WORKERS_PRESENT,LAW_ENFORCEMENT_PRESENT,INVESTIGATOR_RANK,INVESTIGATING_AGENCY_NAME,INVESTIGATING_AGENCY_TYPE,LOAD_DATE,CODEABLE,S4_CRASH_TYPE,S4_CRASH_TYPE_SIMPLIFIED,S4_CRASH_SEVERITY,S4_CRASH_SEVERITY_DETAIL,S4_DAY_OR_NIGHT,S4_IS_AGGRESSIVE_DRIVING,S4_IS_ALCOHOL_RELATED,S4_IS_CMV_INVOLVED,S4_IS_DISTRACTED,S4_IS_DRUG_RELATED,S4_IS_HIT_AND_RUN,S4_IS_INTERSECTION_RELATED,S4_IS_LANE_DEPARTURE_RELATED,S4_IS_SPEEDING_RELATED,S4_NONE_INJURY_COUNT,S4_INJURY_COUNT,S4_POSSIBLE_INJURY_COUNT,S4_NON_INCAPACITATING_INJURY_COUNT,S4_INCAPACITATING_INJURY_COUNT,S4_FATALITY_COUNT,S4_FATALITY_WITHIN_30_DAYS_COUNT,S4_NON_TRAFFIC_FATALITY_COUNT,S4_TRAILER_COUNT,S4_MOTORCYCLE_COUNT,S4_MOPED_COUNT,S4_NON_MOTORIST_COUNT,S4_BICYCLIST_COUNT,S4_PEDESTRIAN_COUNT,S4_DRIVER_COUNT,S4_AGING_DRIVER_COUNT,S4_TEENAGER_DRIVER_COUNT,S4_PASSENGER_COUNT,S4_UNRESTRAINED_COUNT,S4_UNRESTRAINED_INJURY_COUNT,S4_UNRESTRAINED_INCAPACITATING_INJURY_COUNT,S4_UNRESTRAINED_FATALITY_COUNT,S4_MOTORCYCLIST_COUNT,S4_MOTORCYCLIST_INCAPACITATING_INJURY_COUNT,S4_MOTORCYCLIST_FATALITY_COUNT,S4_IS_PEDESTRIAN_INVOLVED,S4_PEDESTRIAN_INCAPACITATING_INJURY_COUNT,S4_PEDESTRIAN_FATALITY_COUNT,S4_IS_BICYCLIST_INVOLVED,S4_BICYCLIST_INCAPACITATING_INJURY_COUNT,S4_BICYCLIST_FATALITY_COUNT,S4_CITATION_COUNT,S4_CITATION_AMOUNT,S4_PROPERTY_DAMAGE_COUNT,S4_PROPERTY_DAMAGE_AMOUNT,S4_VEHICLE_DAMAGE_COUNT,S4_VEHICLE_DAMAGE_AMOUNT,S4_TOTAL_DAMAGE_AMOUNT,S4_TRANSPORT_BY_EMS_COUNT,S4_TRANSPORT_BY_LAW_ENFORCEMENT_COUNT,S4_TRANSPORT_BY_OTHER_COUNT,S4_GEOLOCATION_STATUS,S4_PRELIMINARY_GEOLOCATION_STATUS,S4_X,S4_Y,S4_LATITUDE,S4_LONGITUDE
85471735,2023,1/20/2023 1:07,1/20/2023 1:32,FHP23ON0033669,L,2,3,2,40,Duval,Jacksonville Beach,Urban,1/20/2023 1:08,1/20/2023 1:08,1/20/2023 1:08,1/20/2023 3:00,Y,Law Enforcement,STATE ROAD A1A,,30.26753,-81.38856,0,,25TH AVE S,,State,Curb,Four-Way Intersection,N,Dark - Lighted,Clear,Dry,N,Angle,Motor Vehicle in Transport,On Roadway,N,Intersection,None,,,None,,,N,,,,,TPR,Florida Highway Patrol,Florida Highway Patrol (FHP),1/21/2023 14:48,Y,Left Entering,Left Turn,Serious Injury,Incapacitating Injury,NIGHT,N,Y,N,Y,N,N,Y,N,N,0,3,0,2,1,0,0,0,0,0,0,0,0,0,2,0,0,1,0,0,0,0,0,0,0,N,0,0,N,0,0,3,0,0,0,2,30000,30000,1,1,0,Preliminary,Editor Mapped,462625.223,3348495.594,30.26754144,-81.38855848
25676641,2023,2/14/2023 8:50,2/14/2023 9:27,93235,L,2,3,2,38,Duval,Jacksonville,Urban,2/14/2023 8:54,2/14/2023 8:55,2/14/2023 9:02,2/14/2023 11:28,Y,Law Enforcement,TOWNSEND BLVD,,30.35175369,-81.57752025,114,South,MERRILL RD,,Local,Curb,Four-Way Intersection,N,Daylight,Clear,Dry,N,Front to Rear,Motor Vehicle in Transport,On Roadway,N,Intersection-Related,None,,,None,,,N,,,,,CSO,Jacksonville Sheriff's Office,Sheriff's Office (SO),2/18/2023 17:40,Y,Rear End,Rear End,Serious Injury,Incapacitating Injury,DAY,N,N,N,N,Y,N,Y,N,N,2,1,0,0,1,0,0,0,0,0,0,0,0,0,2,0,0,1,0,0,0,0,0,0,0,N,0,0,N,0,0,0,0,0,0,2,1000,1000,1,0,0,Preliminary,Editor Mapped,444492.5949,3357900.501,30.35171375,-81.57756097
25322812,2023,2/10/2023 9:55,2/10/2023 10:22,85207,L,2,2,2,38,Duval,Jacksonville,Urban,2/10/2023 9:56,2/10/2023 9:56,2/10/2023 10:04,2/10/2023 11:06,Y,Law Enforcement,SAN PABLO RD S,,30.28777613,-81.43775522,0,,BEACH BLVD,,Local,Curb,Four-Way Intersection,N,Daylight,Clear,Dry,N,Angle,Motor Vehicle in Transport,On Roadway,N,Intersection,None,,,None,,,N,,,,,CSO,Jacksonville Sheriff's Office,Sheriff's Office (SO),2/16/2023 18:54,Y,Right Angle,Angle,Serious Injury,Incapacitating Injury,DAY,N,N,N,Y,N,N,Y,N,N,0,2,1,0,1,0,0,0,0,0,0,0,0,0,2,1,0,0,0,0,0,0,0,0,0,N,0,0,N,0,0,1,0,0,0,2,18000,18000,1,0,0,Preliminary,Editor Mapped,457902.276,3350753.813,30.28776464,-81.43774884
25029822,2023,2/10/2023 9:20,2/10/2023 9:54,FHP23ON0072246,L,1,1,2,38,Duval,Jacksonville,Urban,2/10/2023 9:22,2/10/2023 9:30,2/10/2023 9:40,2/10/2023 12:05,Y,Law Enforcement,I-95,,30.24854,-81.59332,427,North,SR 202 (BUTLER BLVD),,Interstate,Paved,Not at Intersection,N,Daylight,Cloudy,Dry,N,Other,Utility Pole/Light Support,Shoulder,N,Entrance/Exit Ramp,None,,,None,,,N,,,,,TPR,Florida Highway Patrol,Florida Highway Patrol (FHP),2/16/2023 18:54,Y,Off Road,Off Road,Serious Injury,Incapacitating Injury,DAY,N,N,N,N,N,N,N,Y,N,0,1,0,0,1,0,0,0,0,0,0,0,0,0,1,0,0,0,0,0,0,0,0,0,0,N,0,0,N,0,0,0,0,1,1000,1,8000,9000,1,0,0,Preliminary,Editor Mapped,441530.4993,3348108.53,30.26321438,-81.60783505
89603430,2023,2/4/2023 13:48,2/4/2023 14:27,FHP23ON0061416,L,4,9,2,38,Duval,Jacksonville,Urban,2/4/2023 13:48,2/4/2023 13:53,2/4/2023 14:04,2/4/2023 15:38,Y,Law Enforcement,INTERSTATE 95 SB,,30.26475,-81.60876,163,South,BOWDEN RD,,Interstate,Paved,Not at Intersection,N,Daylight,Clear,Dry,N,Front to Rear,Motor Vehicle in Transport,On Roadway,N,Non-Junction,None,,,None,,,N,,,,,TPR,Florida Highway Patrol,Florida Highway Patrol (FHP),2/18/2023 17:40,Y,Rear End,Rear End,Serious Injury,Incapacitating Injury,DAY,N,N,N,N,N,N,N,N,N,5,4,3,0,1,0,0,0,0,0,0,0,0,0,4,0,0,5,0,0,0,0,0,0,0,N,0,0,N,0,0,1,0,0,0,4,23000,23000,1,0,0,Preliminary,Editor Mapped,441624.4657,3347954.887,30.26183247,-81.60684971
25332075,2023,1/6/2023 2:21,3/3/2023 7:29,10427,L,1,1,2,38,Duval,Jacksonville,Urban,1/6/2023 2:21,1/6/2023 2:22,1/6/2023 2:25,1/6/2023 5:50,Y,Law Enforcement,LEM TURNER RD (SR 115),9929,30.41579175,-81.69589165,159,South,,,State,Curb,Not at Intersection,Y,Dark - Lighted,Clear,Dry,N,Other,Curb,On Roadway,N,Non-Junction,Unknown,,,Unknown,,,N,,,,,DETECTIVE,Jacksonville Sheriff's Office,Sheriff's Office (SO),1/7/2023 14:49,Y,Off Road,Off Road,Serious Injury,Incapacitating Injury,NIGHT,N,N,N,N,N,N,N,Y,N,0,1,0,0,1,0,0,0,0,0,0,0,0,0,1,0,0,0,0,0,0,0,0,0,0,N,0,0,N,0,0,0,0,1,10000,1,15000,25000,1,0,0,Preliminary,Editor Mapped,433179.1084,3365072.008,30.41585222,-81.69573073
25671220,2023,1/18/2023 0:00,1/18/2023 21:24,37260,L,2,2,2,38,Duval,Jacksonville,Urban,1/18/2023 0:00,1/18/2023 0:00,1/18/2023 0:00,1/18/2023 22:53,Y,Law Enforcement,CHAFFEE RD S,,30.30600001,-81.84854481,0,,CRYSTAL SPRINGS RD,,County,Paved,Four-Way Intersection,N,Dark - Lighted,Clear,Dry,N,Angle,Motor Vehicle in Transport,On Roadway,Y,Intersection,None,,,None,,,N,,,,,OFFICER,Jacksonville Sheriff's Office,Sheriff's Office (SO),1/22/2023 14:43,Y,Left Rear,Left Turn,Serious Injury,Incapacitating Injury,NIGHT,N,N,N,N,N,N,Y,N,N,0,2,1,0,1,0,0,0,0,0,0,0,0,0,2,0,0,0,0,0,0,0,0,0,0,N,0,0,N,0,0,0,0,0,0,2,25000,25000,1,0,0,Preliminary,Editor Mapped,418411.7995,3352992.775,30.30595015,-81.8485318
84653908,2023,1/8/2023 2:24,1/8/2023 3:05,14389,L,2,3,2,38,Duval,Jacksonville,Urban,1/8/2023 2:26,1/8/2023 2:26,1/8/2023 2:26,1/8/2023 4:43,Y,Law Enforcement,ST,103RD,30.2483638,-81.77039906,0,,GREEN FOREST DR,,State,Paved,Four-Way Intersection,N,Dark - Lighted,Clear,Dry,N,Angle,Motor Vehicle in Transport,On Roadway,N,Intersection,None,,,None,,,N,,,,,OFFICER,Jacksonville Sheriff's Office,Sheriff's Office (SO),1/11/2023 14:58,Y,Left Leaving,Left Turn,Serious Injury,Incapacitating Injury,NIGHT,N,N,N,N,N,N,Y,N,N,1,2,0,1,1,0,0,0,0,0,0,0,0,0,2,0,0,1,0,0,0,0,0,0,0,N,0,0,N,0,0,3,0,0,0,2,23000,23000,1,0,0,Preliminary,Editor Mapped,425881.9014,3346561.209,30.2483962,-81.77039415
25070800,2023,1/3/2023 12:34,1/3/2023 13:29,FHP23ON0003799,L,2,5,2,38,Duval,Jacksonville,Urban,1/3/2023 12:44,1/3/2023 12:54,1/3/2023 13:15,1/3/2023 15:03,Y,Law Enforcement,INTERSTATE 95,,30.48151,-81.6438,1317,North,AIRPORT RD,,Interstate,Paved,Not at Intersection,N,Daylight,Clear,Dry,N,Front to Rear,Motor Vehicle in Transport,On Roadway,N,Non-Junction,None,,,None,,,N,,,,,TPR,Florida Highway Patrol,Florida Highway Patrol (FHP),1/10/2023 14:58,Y,Rear End,Rear End,Serious Injury,Incapacitating Injury,DAY,N,N,Y,N,N,N,N,N,N,1,4,0,0,4,0,0,0,2,0,0,0,0,0,2,0,0,3,1,1,1,0,0,0,0,N,0,0,N,0,0,2,0,0,0,2,50000,50000,4,0,0,Preliminary,Editor Mapped,438203.2759,3372292.063,30.48127006,-81.64385071
25671252,2023,1/14/2023 22:55,1/15/2023 1:00,29024,L,2,2,2,38,Duval,Jacksonville,Urban,1/14/2023 23:00,1/14/2023 23:01,1/14/2023 23:10,1/15/2023 1:00,N,Law Enforcement,ALTA DR,11665,30.44646908,-81.57918352,389,North,ALTA CIR S,,Local,Unpaved,Not at Intersection,N,Dark - Lighted,Clear,Dry,N,Angle,Motor Vehicle in Transport,On Roadway,N,Non-Junction,None,,,None,,,Y,Transition Area,Lane Shift/Crossover,N,N,OFFICER,Jacksonville Sheriff's Office,Sheriff's Office (SO),1/16/2023 14:46,Y,Head On,Head On,Serious Injury,Incapacitating Injury,NIGHT,N,Y,N,Y,Y,N,N,Y,N,0,2,1,0,1,0,0,0,0,0,0,0,0,0,2,0,0,0,0,0,0,0,0,0,0,N,0,0,N,0,0,1,0,0,0,2,30000,30000,2,0,0,Preliminary,Editor Mapped,444387.5363,3368398.354,30.44643733,-81.57921283
25675872,2023,2/15/2023 13:45,2/15/2023 14:22,96268,L,2,2,2,38,Duval,Jacksonville,Urban,2/15/2023 13:50,2/15/2023 13:52,2/15/2023 13:58,2/15/2023 14:23,Y,Law Enforcement,SPIRES AVE,,30.3586165,-81.68819551,0,,W 24TH ST,,Local,Curb,Four-Way Intersection,N,Daylight,Clear,Dry,N,Angle,Motor Vehicle in Transport,On Roadway,N,Intersection,None,,,None,,,N,,,,,CSO,Jacksonville Sheriff's Office,Sheriff's Office (SO),2/22/2023 17:05,Y,Right Angle,Angle,Serious Injury,Incapacitating Injury,DAY,N,N,N,N,N,N,Y,N,N,0,2,1,0,1,0,0,0,0,1,0,0,0,0,2,0,0,0,0,0,0,0,1,1,0,N,0,0,N,0,0,1,0,0,0,2,7000,7000,1,0,0,Preliminary,Editor Mapped,433864.4053,3358728.635,30.3586511,-81.68819466
25326027,2023,2/4/2023 14:09,2/4/2023 14:51,72474,L,2,6,2,38,Duval,Jacksonville,Urban,2/4/2023 14:12,2/4/2023 14:12,2/4/2023 14:14,2/4/2023 16:31,Y,Law Enforcement,MONCRIEF RD,,30.36562277,-81.68003198,0,,GOLFAIR BLVD,,Local,Paved,Four-Way Intersection,N,Daylight,Clear,Dry,N,"Sideswipe, Opposite Direction",Motor Vehicle in Transport,On Roadway,Y,Intersection,None,,,None,,,N,,,,,OFFICER,Jacksonville Sheriff's Office,Sheriff's Office (SO),2/5/2023 14:58,Y,Left Rear,Left Turn,Serious Injury,Incapacitating Injury,DAY,N,N,N,N,N,N,Y,N,N,0,6,1,3,2,0,0,0,0,0,0,0,0,0,2,0,0,4,1,1,0,0,0,0,0,N,0,0,N,0,0,1,0,0,0,2,20000,20000,5,0,0,Preliminary,Editor Mapped,434652.6598,3359494.428,30.36560414,-81.68004052
24729945,2023,1/4/2023 19:35,1/4/2023 20:09,7741,L,2,2,2,38,Duval,Jacksonville,Urban,1/4/2023 19:37,1/4/2023 19:38,1/4/2023 19:46,1/4/2023 21:30,Y,Law Enforcement,PRITCHARD RD,,30.37167684,-81.79006033,0,,BULLS BAY HWY,,Local,Curb,Four-Way Intersection,N,Dark - Lighted,Clear,Wet,N,Other,Motor Vehicle in Transport,On Roadway,Y,Intersection,None,,,None,,,N,,,,,OFFICER,Jacksonville Sheriff's Office,Sheriff's Office (SO),1/11/2023 14:58,Y,Left Entering,Left Turn,Serious Injury,Incapacitating Injury,NIGHT,N,N,N,N,N,N,Y,N,N,0,2,1,0,1,0,0,0,0,0,0,0,0,0,2,0,0,0,1,1,1,0,0,0,0,N,0,0,N,0,0,1,0,0,0,2,50000,50000,2,0,0,Preliminary,Editor Mapped,424086.5165,3360236.588,30.37168251,-81.79004332
25330900,2023,2/20/2023 2:59,2/20/2023 17:50,105451,L,1,1,2,38,Duval,Jacksonville,Urban,2/20/2023 3:00,2/20/2023 3:00,2/20/2023 3:06,2/20/2023 7:45,Y,Law Enforcement,JONES RD,,30.38746266,-81.81540768,563,North,CARTER ACRES TRL,,County,Unpaved,Not at Intersection,N,Dark - Not Lighted,Clear,Dry,N,Front to Front,Ditch,Off Roadway,N,Non-Junction,None,,,None,,,N,,,,,OFFICER,Jacksonville Sheriff's Office,Sheriff's Office (SO),2/24/2023 14:18,Y,Off Road,Off Road,Serious Injury,Incapacitating Injury,NIGHT,N,N,N,Y,N,N,N,Y,N,0,1,0,0,1,0,0,0,0,0,0,0,0,0,1,0,0,0,0,0,0,0,0,0,0,N,0,0,N,0,0,0,0,0,0,1,1000,1000,1,0,0,Preliminary,Editor Mapped,421665.82,3361999.57,30.38743548,-81.81536582
25677675,2023,2/21/2023 6:54,2/21/2023 7:00,107384,L,4,6,2,38,Duval,Jacksonville,Urban,2/21/2023 6:54,2/21/2023 6:56,2/21/2023 7:13,2/21/2023 9:28,Y,Law Enforcement,GREENLAND RD,,30.16091333,-81.59221324,215,East,LOIS CROSS DR,,Local,Curb,Not at Intersection,N,Daylight,Clear,Dry,N,Front to Rear,Motor Vehicle in Transport,On Roadway,N,Non-Junction,None,,,None,,,N,,,,,CSO,Jacksonville Sheriff's Office,Sheriff's Office (SO),2/24/2023 14:18,Y,Rear End,Rear End,Serious Injury,Incapacitating Injury,NIGHT,N,N,N,N,N,N,N,N,N,4,2,1,0,1,0,0,0,0,0,0,0,0,0,4,0,2,2,0,0,0,0,0,0,0,N,0,0,N,0,0,1,0,0,0,4,19100,19100,1,0,0,Preliminary,Editor Mapped,442973.6859,3336768.227,30.16095013,-81.59221953
25678787,2023,3/11/2023 10:42,3/11/2023 12:01,147652,L,2,4,2,38,Duval,Jacksonville,Urban,3/11/2023 10:42,3/11/2023 10:44,3/11/2023 11:10,3/11/2023 13:10,Y,Law Enforcement,ORTEGA BRG,,30.2718239,-81.71447253,0,,ORTEGA FOREST DR,,U.S.,Curb,Four-Way Intersection,N,Daylight,Clear,Dry,N,Front to Front,Motor Vehicle in Transport,On Roadway,N,Intersection,None,,,None,,,N,,,,,OFFICER,Jacksonville Sheriff's Office,Sheriff's Office (SO),3/13/2023 14:17,Y,Left Entering,Left Turn,Serious Injury,Incapacitating Injury,DAY,N,N,N,N,N,N,Y,N,N,1,3,1,1,1,0,0,0,0,0,0,0,0,0,2,1,0,2,0,0,0,0,0,0,0,N,0,0,N,0,0,1,0,0,0,2,20000,20000,1,0,0,Preliminary,Editor Mapped,431276.1758,3349122.838,30.27182891,-81.7144964
88425540,2023,2/19/2023 0:47,2/19/2023 1:27,FHP23ON0089157,L,3,4,2,38,Duval,Jacksonville,Urban,2/19/2023 0:57,2/19/2023 0:58,2/19/2023 1:01,2/19/2023 2:30,Y,Law Enforcement,CECIL COMMERCE CENTER PARKWAY,,30.21711715,-81.83766559,7722,North,ARGYLE FOREST BOULEVARD,,Interstate,Paved,Not at Intersection,N,Dark - Lighted,Clear,Dry,N,Front to Rear,Motor Vehicle in Transport,On Roadway,N,Non-Junction,None,,,None,,,Y,Activity Area,Intermittent or Moving Work,Y,N,TPR,Florida Highway Patrol,Florida Highway Patrol (FHP),2/23/2023 14:17,Y,Rear End,Rear End,Serious Injury,Incapacitating Injury,NIGHT,N,N,Y,Y,N,N,N,N,N,3,1,0,0,1,0,0,0,0,0,0,0,0,0,3,0,0,1,0,0,0,0,0,0,0,N,0,0,N,0,0,2,0,0,0,3,46000,46000,1,0,0,Preliminary,Editor Mapped,419367.6975,3343133.86,30.21705446,-81.8378356
25676650,2023,2/22/2023 5:02,4/25/2024 13:30,109571,L,1,2,2,38,Duval,Jacksonville,Urban,2/22/2023 5:02,2/22/2023 6:03,2/22/2023 6:24,2/22/2023 7:47,Y,Law Enforcement,SR 109 (UNIVERSITY BLVD),,30.36336282,-81.60673296,203,South,FORT CAROLINE RD,,State,Curb,Not at Intersection,Y,Dark - Lighted,Clear,Dry,N,,Pedestrian,On Roadway,N,Non-Junction,None,,,None,,,N,,,,,DETECTIVE,Jacksonville Sheriff's Office,Sheriff's Office (SO),2/24/2023 14:18,Y,Pedestrian,Pedestrian,Fatality,Fatal (within 30 days),NIGHT,N,N,N,N,N,N,N,N,N,1,0,0,0,0,1,1,0,0,0,0,1,0,1,1,0,0,0,0,0,0,0,0,0,0,Y,0,1,N,0,0,1,0,0,0,1,8000,8000,0,0,0,Verified,n/a,441697.7139,3359206.289,30.36336497,-81.60671341
25686552,2023,6/23/2023 11:00,6/23/2023 11:23,375070,L,2,2,2,38,Duval,Jacksonville,Urban,6/23/2023 11:01,6/23/2023 11:02,6/23/2023 11:08,6/23/2023 12:40,Y,Law Enforcement,SAINT JOHNS BLUFF RD S,,30.31287289,-81.52535178,0,,BRADLEY RD,,Local,Unpaved,T-Intersection,N,Daylight,Clear,Wet,N,Angle,Motor Vehicle in Transport,On Roadway,N,Intersection,None,,,None,,,N,,,,,CSO,Jacksonville Sheriff's Office,Sheriff's Office (SO),6/24/2023 15:28,Y,Left Leaving,Left Turn,Serious Injury,Incapacitating Injury,DAY,N,N,N,N,N,N,Y,N,N,0,2,0,0,2,0,0,0,0,0,0,0,0,0,2,1,0,0,0,0,0,0,0,0,0,N,0,0,N,0,0,0,0,0,0,2,20000,20000,2,0,0,Preliminary,Editor Mapped,449490.689,3353571.27,30.31286715,-81.52534857
25675520,2023,2/1/2023 15:00,2/1/2023 15:37,65918,L,2,2,2,38,Duval,Jacksonville,Urban,2/1/2023 15:03,2/1/2023 15:03,2/1/2023 15:30,2/1/2023 16:20,Y,Law Enforcement,US HIGHWAY 301 S,,30.24156061,-81.99921343,9340,North,FIFTONE RD,,U.S.,Paved,T-Intersection,N,Daylight,Clear,Dry,N,Angle,Motor Vehicle in Transport,On Roadway,N,Intersection,None,,,None,,,N,,,,,CSO,Jacksonville Sheriff's Office,Sheriff's Office (SO),2/2/2023 14:54,Y,Other,Other,Serious Injury,Incapacitating Injury,DAY,N,N,Y,N,N,N,Y,N,N,1,1,0,0,1,0,0,0,1,0,0,0,0,0,2,2,0,0,0,0,0,0,0,0,0,N,0,0,N,0,0,2,0,0,0,2,15500,15500,1,0,0,Preliminary,Editor Mapped,403863.0395,3345982.959,30.24163301,-81.99918273
25133111,2023,3/6/2023 2:30,3/6/2023 3:08,135719,L,1,1,2,38,Duval,Jacksonville,Urban,3/6/2023 2:30,3/6/2023 2:31,3/6/2023 2:38,3/6/2023 4:01,Y,Law Enforcement,DEAN RD,2614,30.27707469,-81.5919508,33,South,6600 TERRY ROAD,,Local,Unpaved,T-Intersection,N,Dark - Lighted,Clear,Dry,N,Front to Front,Utility Pole/Light Support,Off Roadway,N,Non-Junction,None,,,None,,,N,,,,,OFFICER,Jacksonville Sheriff's Office,Sheriff's Office (SO),3/7/2023 15:28,Y,Off Road,Off Road,Serious Injury,Incapacitating Injury,NIGHT,N,N,N,N,N,N,N,Y,N,0,1,0,0,1,0,0,0,0,0,0,0,0,0,1,0,0,0,1,1,1,0,0,0,0,N,0,0,N,0,0,3,0,0,0,1,10000,10000,1,0,0,Preliminary,Editor Mapped,443058.3502,3349632.381,30.27703799,-81.5920351
89611187,2023,4/11/2023 17:31,4/11/2023 18:59,FHP23ON0189684,L,2,5,2,38,Duval,Jacksonville,Urban,4/11/2023 17:36,4/11/2023 18:13,4/11/2023 18:34,4/11/2023 21:23,Y,Law Enforcement,INTERSTATE 10 WB,,30.30379,-81.90397,8772,West,STATE ROAD 23,,Interstate,Paved,Not at Intersection,N,Daylight,Rain,Wet,N,Front to Rear,Motor Vehicle in Transport,On Roadway,N,Non-Junction,Road Surface Condition,,,Weather Conditions,,,N,,,,,TPR,Florida Highway Patrol,Florida Highway Patrol (FHP),4/23/2023 15:23,Y,Rear End,Rear End,Serious Injury,Incapacitating Injury,DAY,N,N,Y,N,N,N,N,N,N,0,5,4,0,1,0,0,0,1,0,0,0,0,0,2,0,1,3,0,0,0,0,0,0,0,N,0,0,N,0,0,1,0,0,0,2,9000,9000,1,0,0,Preliminary,Editor Mapped,413097.4725,3352822.636,30.30404492,-81.90378207
89618090,2023,4/17/2023 18:55,4/17/2023 19:40,FHP23ON0201891,L,2,2,2,38,Duval,Jacksonville,Urban,4/17/2023 19:00,4/17/2023 19:12,4/17/2023 19:20,4/17/2023 21:11,Y,Law Enforcement,STATE ROAD 9B (SB EXIT RAMP),,30.11247007,-81.51478304,,,INTERSTATE 95,,State,Paved,Not at Intersection,Y,Daylight,Clear,Dry,N,Other,Overturn/Rollover,On Roadway,N,Entrance/Exit Ramp,None,,,None,,,N,,,,,TPR,Florida Highway Patrol,Florida Highway Patrol (FHP),4/27/2023 20:27,Y,Rollover,Rollover,Serious Injury,Incapacitating Injury,DAY,N,N,N,N,N,N,N,Y,N,1,1,0,0,1,0,0,0,0,0,0,0,0,0,2,0,0,0,1,1,1,0,0,0,0,N,0,0,N,0,0,2,0,0,0,2,9300,9300,1,0,0,Preliminary,Editor Mapped,450407.606,3331366.064,30.11252638,-81.51476786
89619100,2023,3/4/2023 12:13,3/4/2023 13:01,FHP23ON0115047,L,3,4,2,38,Duval,Jacksonville,Urban,3/4/2023 12:23,3/4/2023 12:26,3/4/2023 12:50,3/4/2023 13:37,Y,Law Enforcement,STATE ROAD 202 (J TURNER BUTLER BLVD),,30.25006445,-81.54862898,1355,West,SOUTHSIDE BLVD,,State,Paved,Not at Intersection,N,Daylight,Rain,Wet,N,Front to Rear,Motor Vehicle in Transport,On Roadway,N,Non-Junction,None,,,None,,,N,,,,,TPR,Florida Highway Patrol,Florida Highway Patrol (FHP),3/13/2023 14:17,Y,Same Direction Sideswipe,Sideswipe,Serious Injury,Incapacitating Injury,DAY,Y,N,N,N,N,N,N,Y,N,2,2,1,0,1,0,0,0,0,0,0,0,0,0,3,1,0,1,1,1,1,0,0,0,0,N,0,0,N,0,0,2,0,0,0,3,21500,21500,1,0,0,Preliminary,Editor Mapped,446967.776,3346621.685,30.25004747,-81.55123778
25687005,2023,6/18/2023 20:08,6/18/2023 20:52,365077,L,1,1,2,38,Duval,Jacksonville,Urban,6/18/2023 20:09,6/18/2023 20:10,6/18/2023 20:14,6/18/2023 21:53,Y,Law Enforcement,ATLANTIC BLVD,9500,30.32153101,-81.55055374,45230350,East,9501 ARLINGTON EXPY,,State,Curb,Not at Intersection,N,Daylight,Clear,Dry,N,Angle,Tree (standing),Median,N,Non-Junction,None,,,None,,,N,,,,,OFFICER,Jacksonville Sheriff's Office,Sheriff's Office (SO),6/19/2023 14:44,Y,Off Road,Off Road,Serious Injury,Incapacitating Injury,NIGHT,N,Y,N,N,Y,N,N,Y,N,0,1,0,0,1,0,0,0,0,1,0,0,0,0,1,0,0,0,0,0,0,0,1,1,0,N,0,0,N,0,0,0,0,2,1000,1,10000,11000,1,0,0,Verified,n/a,447074.1542,3354540.545,30.32151032,-81.55053095