REPORT_NUMBER,CRASH_YEAR,CRASH_DATE_AND_TIME,REPORT_DATE_AND_TIME,INVESTIGATING_AGENCY_REPORT_NUMBER,FORM_TYPE,TOTAL_NUMBER_OF_VEHICLES,TOTAL_NUMBER_OF_PERSONS,COUNTY_CODE,CITY_CODE,COUNTY_NAME,CITY_NAME,RURAL_OR_URBAN,NOTIFIED_TIME,DISPATCHED_TIME,ARRIVED_TIME,CLEARED_TIME,COMPLETED_FLAG,NOTIFIED_BY,ON_STREET_ROAD_HIGHWAY,STREET_ADDRESS_NUMBER,LATITUDE,LONGITUDE,FEET_FROM_INTERSECTION,DIRECTION_FROM_INTERSECTION,FROM_INTERSECTION_OF,MILEPOST_NUMBER,ROAD_SYSTEM_IDENTIFER,TYPE_OF_SHOULDER,TYPE_OF_INTERSECTION,PHOTOS_TAKEN,LIGHT_CONDITION,WEATHER_CONDITION,ROAD_SURFACE_CONDITION,SCHOOL_BUS_RELATED_CODE,TYPE_OF_IMPACT,FIRST_HARMFUL_EVENT,LOCATION,INTERCHANGE_FLAG,JUNCTION_FLAG,ROAD_CIRCUMSTANCES_1,ROAD_CIRCUMSTANCES_2,ROAD_CIRCUMSTANCES_3,ENVIRONMENT_CIRCUMSTANCES_1,ENVIRONMENT_CIRCUMSTANCES_2,ENVIRONMENT_CIRCUMSTANCES_3,WORK_ZONE_RELATED_FLAG,CRASH_IN_WORK_ZONE,TYPE_OF_WORK_ZONE,WORKERS_PRESENT,LAW_ENFORCEMENT_PRESENT,INVESTIGATOR_RANK,INVESTIGATING_AGENCY_NAME,INVESTIGATING_AGENCY_TYPE,LOAD_DATE,CODEABLE,S4_CRASH_TYPE,S4_CRASH_TYPE_SIMPLIFIED,S4_CRASH_SEVERITY,S4_CRASH_SEVERITY_DETAIL,S4_DAY_OR_NIGHT,S4_IS_AGGRESSIVE_DRIVING,S4_IS_ALCOHOL_RELATED,S4_IS_CMV_INVOLVED,S4_IS_DISTRACTED,S4_IS_DRUG_RELATED,S4_IS_HIT_AND_RUN,S4_IS_INTERSECTION_RELATED,S4_IS_LANE_DEPARTURE_RELATED,S4_IS_SPEEDING_RELATED,S4_NONE_INJURY_COUNT,S4_INJURY_COUNT,S4_POSSIBLE_INJURY_COUNT,S4_NON_INCAPACITATING_INJURY_COUNT,S4_INCAPACITATING_INJURY_COUNT,S4_FATALITY_COUNT,S4_FATALITY_WITHIN_30_DAYS_COUNT,S4_NON_TRAFFIC_FATALITY_COUNT,S4_TRAILER_COUNT,S4_MOTORCYCLE_COUNT,S4_MOPED_COUNT,S4_NON_MOTORIST_COUNT,S4_BICYCLIST_COUNT,S4_PEDESTRIAN_COUNT,S4_DRIVER_COUNT,S4_AGING_DRIVER_COUNT,S4_TEENAGER_DRIVER_COUNT,S4_PASSENGER_COUNT,S4_UNRESTRAINED_COUNT,S4_UNRESTRAINED_INJURY_COUNT,S4_UNRESTRAINED_INCAPACITATING_INJURY_COUNT,S4_UNRESTRAINED_FATALITY_COUNT,S4_MOTORCYCLIST_COUNT,S4_MOTORCYCLIST_INCAPACITATING_INJURY_COUNT,S4_MOTORCYCLIST_FATALITY_COUNT,S4_IS_PEDESTRIAN_INVOLVED,S4_PEDESTRIAN_INCAPACITATING_INJURY_COUNT,S4_PEDESTRIAN_FATALITY_COUNT,S4_IS_BICYCLIST_INVOLVED,S4_BICYCLIST_INCAPACITATING_INJURY_COUNT,S4_BICYCLIST_FATALITY_COUNT,S4_CITATION_COUNT,S4_CITATION_AMOUNT,S4_PROPERTY_DAMAGE_COUNT,S4_PROPERTY_DAMAGE_AMOUNT,S4_VEHICLE_DAMAGE_COUNT,S4_VEHICLE_DAMAGE_AMOUNT,S4_TOTAL_DAMAGE_AMOUNT,S4_TRANSPORT_BY_EMS_COUNT,S4_TRANSPORT_BY_LAW_ENFORCEMENT_COUNT,S4_TRANSPORT_BY_OTHER_COUNT,S4_GEOLOCATION_STATUS,S4_PRELIMINARY_GEOLOCATION_STATUS,S4_X,S4_Y,S4_LATITUDE,S4_LONGITUDE
25687101,2023,6/29/2023 16:45,6/29/2023 17:31,388731,L,6,6,2,38,Duval,Jacksonville,Urban,6/29/2023 16:50,6/29/2023 16:50,6/29/2023 17:22,6/29/2023 18:44,Y,Law Enforcement,ARLINGTON EXPY,,30.32728741,-81.61793207,45224736,West,UNIVERSITY BLVD N/SR-109 RAMP,,State,Curb,Not at Intersection,N,Daylight,Clear,Dry,N,Front to Rear,Motor Vehicle in Transport,On Roadway,N,Non-Junction,None,,,None,,,N,,,,,CSO,Jacksonville Sheriff's Office,Sheriff's Office (SO),7/1/2023 15:44,Y,Rear End,Rear End,Serious Injury,Incapacitating Injury,DAY,N,N,N,N,N,N,N,Y,N,3,3,2,0,1,0,0,0,0,0,0,0,0,0,6,1,0,0,0,0,0,0,0,0,0,N,0,0,N,0,0,1,0,1,10000,6,102000,112000,3,0,0,Verified,n/a,440598.157,3355213.464,30.32728167,-81.61792883
25687864,2023,8/27/2023 20:32,10/17/2023 7:40,519551,L,1,2,2,38,Duval,Jacksonville,Urban,8/27/2023 20:32,8/27/2023 20:32,8/27/2023 20:32,8/27/2023 23:59,Y,Law Enforcement,MERRILL RD,,30.35228801,-81.56310741,838564847,East,PADDOCK CLUB APTS,,Local,Curb,Not at Intersection,Y,Dark - Not Lighted,Clear,Dry,N,Other,Motor Vehicle in Transport,On Roadway,N,Other,None,,,None,,,N,,,,,DETECTIVE,Jacksonville Sheriff's Office,Sheriff's Office (SO),8/29/2023 14:53,Y,Single Vehicle,Other,Serious Injury,Incapacitating Injury,NIGHT,N,N,N,N,N,N,N,N,N,1,1,0,0,1,0,0,0,0,0,0,1,0,1,1,0,0,0,0,0,0,0,0,0,0,Y,1,0,N,0,0,1,0,0,0,1,2500,2500,1,0,0,Verified,n/a,445882.3227,3357956.514,30.35228227,-81.56310418
25687963,2023,12/17/2023 18:26,12/17/2023 20:08,759809,L,1,2,2,38,Duval,Jacksonville,Urban,12/17/2023 18:26,12/17/2023 18:30,12/17/2023 18:31,12/17/2023 19:39,Y,Law Enforcement,FIRESTONE RD,,30.2406725,-81.76451561,45130094,North,WHEAT RD,,Local,Paved,Four-Way Intersection,N,Dark - Lighted,Clear,Dry,N,Other,Pedestrian,On Roadway,N,Intersection-Related,None,,,None,,,N,,,,,OFFICER,Jacksonville Sheriff's Office,Sheriff's Office (SO),12/19/2023 20:30,Y,Pedestrian,Pedestrian,Serious Injury,Incapacitating Injury,DAY,N,N,N,N,N,N,Y,N,N,1,1,0,0,1,0,0,0,0,0,0,1,0,1,1,0,0,0,0,0,0,0,0,0,0,Y,1,0,N,0,0,0,0,0,0,1,2000,2000,1,0,0,Verified,n/a,426440.2097,3345696.253,30.24062529,-81.76453102
25687966,2023,12/20/2023 18:25,1/23/2024 14:53,766548,L,1,2,2,38,Duval,Jacksonville,Urban,12/20/2023 18:25,12/20/2023 18:30,12/20/2023 18:45,12/20/2023 20:49,Y,Law Enforcement,RESTLAWN DR,,30.38516318,-81.69871132,45149836,,ROSA AVE,,Local,Unpaved,Not at Intersection,Y,Dark - Not Lighted,Clear,Dry,N,Front to Rear,Pedalcycle,On Roadway,N,Non-Junction,None,,,None,,,N,,,,,DETECTIVE,Jacksonville Sheriff's Office,Sheriff's Office (SO),12/22/2023 19:48,Y,Bicycle,Bicycle,Serious Injury,Incapacitating Injury,DAY,N,N,N,N,N,N,N,N,N,1,1,0,0,1,0,0,0,0,0,0,1,1,0,1,1,0,0,0,0,0,0,0,0,0,N,0,0,Y,1,0,0,0,1,200,1,1000,1200,1,0,0,Verified,n/a,432872.1547,3361672.207,30.38515744,-81.69870805
25688914,2023,8/16/2023 7:00,8/16/2023 13:11,492924,L,1,2,2,38,Duval,Jacksonville,Urban,8/16/2023 7:02,8/16/2023 7:02,8/16/2023 7:09,8/16/2023 8:33,Y,Law Enforcement,KILLARNEY DR,,30.28738273,-81.56690863,45225228,North,BEACH BLVD,,Private Roadway,Unpaved,Four-Way Intersection,N,Daylight,Clear,Dry,N,Angle,Pedestrian,On Roadway,N,Intersection,None,,,None,,,N,,,,,CSO,Jacksonville Sheriff's Office,Sheriff's Office (SO),8/17/2023 15:52,Y,Pedestrian,Pedestrian,Serious Injury,Incapacitating Injury,DAY,N,N,N,N,N,N,Y,N,N,1,1,0,0,1,0,0,0,0,0,0,1,1,0,1,0,0,0,0,0,0,0,0,0,0,N,0,0,Y,1,0,1,0,1,50,0,0,50,1,0,0,Verified,n/a,443261.4024,3351071.489,30.29003365,-81.59000172
25677501,2023,3/7/2023 17:31,3/7/2023 18:13,139793,L,2,4,2,38,Duval,Jacksonville,Urban,3/7/2023 17:31,3/7/2023 17:32,3/7/2023 17:32,3/7/2023 18:13,Y,Law Enforcement,GATE PKWY N,,30.26158657,-81.54944649,0,,TOUCHTON RD E,,Local,Paved,Four-Way Intersection,N,Daylight,Clear,Dry,N,Angle,Motor Vehicle in Transport,On Roadway,N,Intersection,None,,,None,,,N,,,,,CSO,Jacksonville Sheriff's Office,Sheriff's Office (SO),3/9/2023 14:49,Y,Left Entering,Left Turn,Serious Injury,Incapacitating Injury,DAY,N,N,N,N,N,N,Y,N,N,0,4,3,0,1,0,0,0,0,1,0,0,0,0,2,0,0,2,0,0,0,0,1,1,0,N,0,0,N,0,0,1,0,0,0,2,22000,22000,4,0,0,Preliminary,Editor Mapped,447158.2807,3347894.277,30.26153945,-81.54932158
86169839,2023,8/19/2023 20:34,11/9/2023 13:19,501842,L,1,3,2,38,Duval,Jacksonville,Urban,8/19/2023 20:35,8/19/2023 20:35,8/19/2023 20:36,8/19/2023 21:57,Y,Law Enforcement,COLLINS RD,,30.20371846,-81.79201387,45115297,West,COLLINS CT,,Local,Curb,Not at Intersection,Y,Dark - Lighted,Clear,Dry,N,Other,Pedestrian,On Roadway,N,Non-Junction,None,,,None,,,N,,,,,DETECTIVE,Jacksonville Sheriff's Office,Sheriff's Office (SO),8/20/2023 14:39,Y,Pedestrian,Pedestrian,Fatality,Fatal (within 30 days),NIGHT,N,N,N,N,N,N,N,N,N,2,0,0,0,0,1,1,0,0,0,0,1,0,1,1,0,0,1,0,0,0,0,0,0,0,Y,0,1,N,0,0,0,0,0,0,1,5000,5000,0,0,0,Preliminary,Editor Mapped,423757.2008,3341623.398,30.20370846,-81.79211965
24048041,2023,8/26/2023 18:43,8/26/2023 19:25,517457,L,2,2,2,38,Duval,Jacksonville,Urban,8/26/2023 18:43,8/26/2023 18:52,8/26/2023 19:11,8/26/2023 21:38,Y,Law Enforcement,ARGYLE FOREST BLVD,,30.19326025,-81.79300528,0,,CROSS TIMBERS DR W,,Local,Unpaved,T-Intersection,N,Daylight,Clear,Dry,N,Front to Rear,Motor Vehicle in Transport,On Roadway,N,Intersection,None,,,None,,,N,,,,,OFFICER,Jacksonville Sheriff's Office,Sheriff's Office (SO),8/29/2023 14:53,Y,Left Entering,Left Turn,Serious Injury,Incapacitating Injury,DAY,N,N,N,N,N,N,Y,N,N,1,1,0,0,1,0,0,0,0,0,0,0,0,0,2,1,0,0,0,0,0,0,0,0,0,N,0,0,N,0,0,1,0,0,0,2,2500,2500,1,0,0,Preliminary,Editor Mapped,423665.8766,3340465.27,30.19325239,-81.79298462
25681927,2023,4/17/2023 6:40,4/17/2023 7:05,226609,L,1,1,2,38,Duval,Jacksonville,Urban,4/17/2023 6:44,4/17/2023 6:44,4/17/2023 6:59,4/17/2023 7:31,Y,Law Enforcement,HART EXPY. EB,,30.29786985,-81.60355496,603,East,,,U.S.,Curb,Not at Intersection,N,Dark - Lighted,Cloudy,Wet,N,Other,Ditch,Off Roadway,N,Non-Junction,None,,,Other,,,N,,,,,CSO,Jacksonville Sheriff's Office,Sheriff's Office (SO),4/18/2023 15:36,Y,Off Road,Off Road,Serious Injury,Incapacitating Injury,NIGHT,N,N,N,N,N,N,N,Y,N,0,1,0,0,1,0,0,0,0,0,0,0,0,0,1,0,0,0,0,0,0,0,0,0,0,N,0,0,N,0,0,0,0,0,0,1,10000,10000,1,0,0,Preliminary,Editor Mapped,441962.2954,3351943.039,30.29783668,-81.60355814
25675120,2023,1/14/2023 23:00,1/24/2023 14:49,29043,L,1,2,2,38,Duval,Jacksonville,Urban,1/14/2023 23:00,1/14/2023 23:00,1/14/2023 23:15,1/15/2023 23:15,N,Law Enforcement,MARTIN LUTHER KING JR PKWY,,30.33056036,-81.63669818,94,North,HAINES ST/OAKLEY ST RAMP,,State,Paved,Not at Intersection,N,Dusk,Clear,Dry,N,Other,Pedestrian,On Roadway,N,Non-Junction,None,,,None,,,N,,,,,OFFICER,Jacksonville Sheriff's Office,Sheriff's Office (SO),1/18/2023 14:51,Y,Pedestrian,Pedestrian,Serious Injury,Incapacitating Injury,NIGHT,N,N,N,N,N,Y,N,N,N,0,2,0,0,2,0,0,0,0,0,0,2,0,2,0,0,0,0,0,0,0,0,0,0,0,Y,2,0,N,0,0,0,0,0,0,0,0,0,2,0,0,Preliminary,Editor Mapped,438797.9356,3355577.58,30.3304775,-81.63667596
25683120,2023,5/1/2023 6:45,5/1/2023 7:00,257849,L,2,2,2,38,Duval,Jacksonville,Urban,5/1/2023 6:48,5/1/2023 6:50,5/1/2023 7:10,5/1/2023 7:58,Y,Law Enforcement,MONUMENT RD,,30.34129755,-81.54058546,83,South,N I-295/I-295 EAST BELT/SR-9A RAMP,,Local,Curb,Other,N,Dusk,Clear,Dry,N,Front to Rear,Motor Vehicle in Transport,On Roadway,N,Non-Junction,None,,,None,,,N,,,,,OFFICER,Jacksonville Sheriff's Office,Sheriff's Office (SO),5/2/2023 14:56,Y,Rear End,Rear End,Serious Injury,Incapacitating Injury,NIGHT,N,N,N,N,N,N,N,N,N,1,1,0,0,1,0,0,0,0,1,0,0,0,0,2,0,0,0,0,0,0,0,1,1,0,N,0,0,N,0,0,1,0,0,0,2,2500,2500,1,0,0,Preliminary,Editor Mapped,448041.4381,3356724.245,30.34125744,-81.54057793
89946397,2023,5/20/2023 14:56,5/20/2023 15:43,301234,L,2,2,2,38,Duval,Jacksonville,Urban,5/20/2023 14:58,5/20/2023 15:00,5/20/2023 15:06,5/20/2023 15:45,Y,Law Enforcement,SAN JUAN AVE,,30.28218192,-81.72926359,45134540,West,STIMSON ST,,State,Paved,Not at Intersection,N,Daylight,Cloudy,Dry,N,"Sideswipe, Same Direction",Motor Vehicle in Transport,On Roadway,N,Non-Junction,None,,,None,,,N,,,,,OFFICER,Jacksonville Sheriff's Office,Sheriff's Office (SO),5/22/2023 14:44,Y,Same Direction Sideswipe,Sideswipe,Serious Injury,Incapacitating Injury,DAY,N,N,N,N,N,N,N,Y,N,0,2,0,0,2,0,0,0,0,2,0,0,0,0,2,0,0,0,0,0,0,0,2,2,0,N,0,0,N,0,0,0,0,1,500,2,8000,8500,2,0,0,Verified,n/a,429863.4308,3350278.517,30.2821762,-81.72926031
89701266,2023,9/15/2023 6:16,9/15/2023 6:49,FHP23ON0485067,L,1,1,2,38,Duval,Jacksonville,Urban,9/15/2023 6:21,9/15/2023 6:23,9/15/2023 6:41,9/15/2023 7:26,Y,Law Enforcement,INTERSTATE 95 NB,,30.38256,-81.6727,281,South,LEM TURNER RD,,Interstate,Paved,Not at Intersection,N,Dark - Lighted,Clear,Wet,N,Other,Concrete Traffic Barrier,Median,N,Non-Junction,None,,,None,,,N,,,,,TPR,Florida Highway Patrol,Florida Highway Patrol (FHP),9/25/2023 19:20,Y,Off Road,Off Road,Serious Injury,Incapacitating Injury,NIGHT,N,N,N,N,N,N,N,Y,N,0,1,0,0,1,0,0,0,0,0,0,0,0,0,1,1,0,0,0,0,0,0,0,0,0,N,0,0,N,0,0,0,0,0,0,1,6000,6000,1,0,0,Preliminary,Editor Mapped,435286.6249,3361071.972,30.37987322,-81.6735411
25677165,2023,2/22/2023 14:50,3/17/2023 12:10,110879,L,1,2,2,38,Duval,Jacksonville,Urban,2/22/2023 14:55,2/22/2023 14:57,2/22/2023 15:13,2/22/2023 17:24,Y,Law Enforcement,ATLANTIC BLVD,,30.3244723,-81.52447673,291,East,OGILVIE PARK LN,,Local,Curb,Not at Intersection,N,Daylight,Clear,Dry,N,Other,Pedestrian,On Roadway,N,Non-Junction,None,,,None,,,N,,,,,CSO,Jacksonville Sheriff's Office,Sheriff's Office (SO),3/1/2023 16:07,Y,Pedestrian,Pedestrian,Serious Injury,Incapacitating Injury,DAY,N,N,N,N,N,N,N,N,N,1,1,0,0,1,0,0,0,0,0,0,1,0,1,1,1,0,0,0,0,0,0,0,0,0,Y,1,0,N,0,0,0,0,0,0,0,0,0,1,0,0,Preliminary,Editor Mapped,449584.0162,3354850.615,30.32441559,-81.52443938
25328994,2023,3/5/2023 20:00,3/5/2023 20:56,135267,L,1,3,2,38,Duval,Jacksonville,Urban,3/5/2023 20:09,3/5/2023 20:10,3/5/2023 20:17,3/5/2023 22:46,Y,Law Enforcement,OLD PLANK RD,,30.33040669,-81.80158453,304,East,MANSON LN,,Local,Unpaved,Not at Intersection,N,Dark - Not Lighted,Clear,Dry,N,Other,Pedestrian,On Roadway,N,Non-Junction,None,,,Unknown,,,N,,,,,OFFICER,Jacksonville Sheriff's Office,Sheriff's Office (SO),3/12/2023 14:14,Y,Pedestrian,Pedestrian,Serious Injury,Incapacitating Injury,NIGHT,N,N,N,N,N,N,N,N,N,2,1,0,0,1,0,0,0,0,0,0,2,0,2,1,0,0,0,0,0,0,0,0,0,0,Y,1,0,N,0,0,0,0,0,0,1,1000,1000,1,0,0,Preliminary,Editor Mapped,422947.6424,3355667.121,30.33037892,-81.80155863
89606918,2023,2/21/2023 2:00,2/21/2023 2:38,FHP23ON0092518,L,2,2,2,38,Duval,Jacksonville,Urban,2/21/2023 2:09,2/21/2023 2:12,2/21/2023 2:39,2/21/2023 3:39,Y,Law Enforcement,INTERSTATE 10 EASTBOUND,,30.28913,-81.9828,12,East,SR 200,,Interstate,Paved,Not at Intersection,N,Dark - Lighted,Clear,Dry,N,Front to Rear,Motor Vehicle in Transport,On Roadway,N,Non-Junction,None,,,None,,,N,,,,,TPR,Florida Highway Patrol,Florida Highway Patrol (FHP),3/2/2023 14:51,Y,Rear End,Rear End,Serious Injury,Incapacitating Injury,NIGHT,N,N,Y,Y,N,N,N,N,N,1,1,0,0,1,0,0,0,0,0,0,0,0,0,2,0,0,0,0,0,0,0,0,0,0,N,0,0,N,0,0,1,0,0,0,2,5800,5800,1,0,0,Preliminary,Editor Mapped,405733.148,3352740.606,30.30275344,-81.98035428
25325700,2023,3/26/2023 22:30,3/26/2023 23:11,180338,L,2,3,2,38,Duval,Jacksonville,Urban,3/26/2023 22:31,3/26/2023 22:32,3/26/2023 22:40,3/27/2023 12:00,N,Law Enforcement,LEM TURNER RD,,30.41255354,-81.69004063,48,South,E WATER ST,,State,Unpaved,Not at Intersection,N,Dark - Lighted,Clear,Dry,N,"Sideswipe, Opposite Direction",Motor Vehicle in Transport,On Roadway,N,Non-Junction,None,,,None,,,N,,,,,OFFICER,Jacksonville Sheriff's Office,Sheriff's Office (SO),3/29/2023 14:49,Y,Opposing Sideswipe,Sideswipe,Serious Injury,Incapacitating Injury,NIGHT,N,N,N,N,N,N,N,Y,N,1,2,0,0,2,0,0,0,0,1,0,0,0,0,2,0,0,1,0,0,0,0,2,2,0,N,0,0,N,0,0,0,0,0,0,2,12000,12000,2,0,0,Preliminary,Editor Mapped,433723.704,3364702.465,30.41254779,-81.69003736
25382206,2023,2/26/2023 9:16,2/26/2023 0:00,230000674,L,1,1,2,40,Duval,Jacksonville Beach,Urban,2/26/2023 9:16,2/26/2023 9:16,2/26/2023 9:16,2/26/2023 9:16,Y,Law Enforcement,5TH ST N,,30.291231,-81.394716,123,South,3RD AVE N,,Local,Unpaved,Not at Intersection,N,Daylight,Clear,Dry,N,,Fell/Jumped From Motor Vehicle,On Roadway,N,Non-Junction,None,,,None,,,N,,,,,OFFICER,Jacksonville Beach Police Department,Police Department (PD),3/7/2023 15:29,Y,Single Vehicle,Other,Serious Injury,Incapacitating Injury,DAY,N,N,N,N,N,N,N,N,N,0,1,0,0,1,0,0,0,0,0,0,0,0,0,1,1,0,0,0,0,0,0,0,0,0,N,0,0,N,0,0,0,0,0,0,0,0,0,1,0,0,Preliminary,Editor Mapped,462044.2559,3351117.731,30.29118557,-81.39469294
89611255,2023,3/23/2023 15:30,3/23/2023 16:07,FHP23ON0151607,L,2,3,2,38,Duval,Jacksonville,Urban,3/23/2023 15:35,3/23/2023 15:39,3/23/2023 15:54,3/23/2023 17:40,Y,Law Enforcement,INTERSTATE 95,,30.14133,-81.54041,159,North,MM 337,,Interstate,Paved,Not at Intersection,N,Daylight,Clear,Dry,N,Front to Rear,Motor Vehicle in Transport,On Roadway,Y,Non-Junction,None,,,None,,,N,,,,,TPR,Florida Highway Patrol,Florida Highway Patrol (FHP),4/3/2023 14:16,Y,Rear End,Rear End,Serious Injury,Incapacitating Injury,DAY,N,N,N,N,N,N,N,N,N,2,1,0,0,1,0,0,0,0,0,0,0,0,0,2,0,0,1,0,0,0,0,0,0,0,N,0,0,N,0,0,1,0,0,0,2,15000,15000,1,0,0,Preliminary,Editor Mapped,448039.7729,3334458.959,30.14033816,-81.53949674
25382204,2023,2/25/2023 17:58,2/25/2023 0:00,230000664,L,1,1,2,40,Duval,Jacksonville Beach,Urban,2/25/2023 17:59,2/25/2023 17:59,2/25/2023 18:03,2/25/2023 18:42,Y,Law Enforcement,5TH ST N,,30.292445,-81.394946,0,,4TH AVE N,,Local,Unpaved,Four-Way Intersection,N,Daylight,Clear,Dry,N,,Overturn/Rollover,On Roadway,N,Intersection,None,,,None,,,N,,,,,PATROLMAN,Jacksonville Beach Police Department,Police Department (PD),3/7/2023 15:29,Y,Rollover,Rollover,Serious Injury,Incapacitating Injury,DAY,N,N,N,N,N,N,Y,N,N,0,1,0,0,1,0,0,0,0,0,0,0,0,0,1,0,0,0,1,1,1,0,0,0,0,N,0,0,N,0,0,0,0,0,0,1,1000,1000,1,0,0,Preliminary,Editor Mapped,462019.3945,3351255.89,30.29243154,-81.39495646
25075636,2023,3/1/2023 13:02,3/1/2023 13:59,FHP23ON0108905,L,1,1,2,38,Duval,Jacksonville,Urban,3/1/2023 13:07,3/1/2023 13:14,3/1/2023 13:46,3/1/2023 14:31,Y,Law Enforcement,I-295,,30.30541347,-81.77016956,78,South,SR-228 (NORMANDY BLVD),,Interstate,Paved,Not at Intersection,N,Daylight,Cloudy,Dry,N,Other,Overturn/Rollover,Shoulder,N,Non-Junction,None,,,None,,,N,,,,,TPR,Florida Highway Patrol,Florida Highway Patrol (FHP),3/8/2023 15:02,Y,Rollover,Rollover,Serious Injury,Incapacitating Injury,DAY,N,N,N,N,N,N,N,Y,N,0,1,0,0,1,0,0,0,0,0,0,0,0,0,1,0,0,0,0,0,0,0,0,0,0,N,0,0,N,0,0,2,0,1,340,1,7800,8140,1,0,0,Preliminary,Editor Mapped,425927.1692,3352405.194,30.30113167,-81.77033539
25321739,2023,12/24/2023 16:20,12/24/2023 17:08,774257,L,1,1,2,38,Duval,Jacksonville,Urban,12/24/2023 16:20,12/24/2023 16:20,12/24/2023 16:20,12/24/2023 17:08,Y,Law Enforcement,NEW KINGS RD,,30.353207,-81.70727123,886243011,North,OLD KINGS RD,,U.S.,Curb,Not at Intersection,N,Daylight,Cloudy,Dry,N,Other,Curb,Separator,N,Non-Junction,None,,,None,,,N,,,,,OFFICER,Jacksonville Sheriff's Office,Sheriff's Office (SO),12/30/2023 19:14,Y,Off Road,Off Road,Serious Injury,Incapacitating Injury,DAY,Y,N,N,N,N,N,N,N,Y,0,1,0,0,1,0,0,0,0,0,0,0,0,0,1,1,0,0,0,0,0,0,0,0,0,N,0,0,N,0,0,0,0,1,800,1,14000,14800,1,0,0,Verified,n/a,432027.646,3358135.975,30.35320126,-81.70726796
25330657,2023,4/2/2023 16:19,4/2/2023 16:53,195261,L,2,3,2,38,Duval,Jacksonville,Urban,4/2/2023 16:19,4/2/2023 16:19,4/2/2023 16:26,4/2/2023 18:13,Y,Law Enforcement,N JEFFERSON ST,,30.34641534,-81.66266755,45210194,,W 8TH ST,,Local,Curb,Four-Way Intersection,N,Daylight,Clear,Dry,N,Angle,Motor Vehicle in Transport,On Roadway,Y,Intersection,None,,,None,,,N,,,,,OFFICER,Jacksonville Sheriff's Office,Sheriff's Office (SO),4/6/2023 14:25,Y,Right Angle,Angle,Serious Injury,Incapacitating Injury,DAY,N,N,N,Y,N,N,Y,N,N,0,3,0,1,2,0,0,0,0,0,0,0,0,0,2,2,0,1,0,0,0,0,0,0,0,N,0,0,N,0,0,1,0,1,3000,2,7000,10000,2,0,0,Verified,n/a,436307.8355,3357356.722,30.346403,-81.6626868
25325934,2023,4/12/2023 22:27,4/12/2023 22:54,217793,L,1,2,2,38,Duval,Jacksonville,Urban,4/12/2023 22:29,4/12/2023 22:29,4/12/2023 22:35,4/13/2023 0:07,Y,Law Enforcement,DUNN AVE,,30.42993555,-81.6587209,45285985,West,HARTS RD,,State,Paved,Not at Intersection,N,Dark - Lighted,Clear,Dry,N,Other,Pedestrian,On Roadway,N,Non-Junction,None,,,None,,,N,,,,,OFFICER,Jacksonville Sheriff's Office,Sheriff's Office (SO),4/13/2023 15:35,Y,Pedestrian,Pedestrian,Serious Injury,Incapacitating Injury,NIGHT,N,N,N,N,N,N,N,N,N,1,1,0,0,1,0,0,0,0,0,0,1,0,1,1,0,0,0,0,0,0,0,0,0,0,Y,1,0,N,0,0,1,0,0,0,1,600,600,1,0,0,Verified,n/a,436743.1623,3366610.794,30.4299298,-81.65871764
25327621,2023,6/18/2023 15:39,6/18/2023 16:54,364620,L,1,2,2,38,Duval,Jacksonville,Urban,6/18/2023 15:41,6/18/2023 15:44,6/18/2023 15:47,6/18/2023 17:00,Y,Law Enforcement,KINGS RD,,30.34174696,-81.67789784,45209076,West,BARNETT ST,,U.S.,Curb,Not at Intersection,N,Daylight,Clear,Dry,N,Other,Pedestrian,On Roadway,N,Non-Junction,None,,,None,,,N,,,,,OFFICER,Jacksonville Sheriff's Office,Sheriff's Office (SO),6/20/2023 14:50,Y,Pedestrian,Pedestrian,Serious Injury,Incapacitating Injury,DAY,N,N,N,N,N,N,N,N,N,1,1,0,0,1,0,0,0,0,0,0,1,0,1,1,0,0,0,0,0,0,0,0,0,0,Y,1,0,N,0,0,0,0,0,0,1,500,500,1,0,0,Verified,n/a,434843.064,3356848.754,30.34174122,-81.67789458
25327834,2023,9/1/2023 1:00,9/10/2023 17:15,529470,L,1,1,2,38,Duval,Jacksonville,Urban,9/1/2023 1:41,9/1/2023 1:43,9/1/2023 1:46,9/1/2023 2:52,Y,Law Enforcement,KING ST,,30.31900005,-81.69693861,45139946,South,ROSSELLE ST,,Local,Curb,Not at Intersection,N,Dark - Lighted,Clear,Dry,N,Unknown,Pedalcycle,On Roadway,N,Non-Junction,Unknown,,,Unknown,,,N,,,,,OFFICER,Jacksonville Sheriff's Office,Sheriff's Office (SO),9/5/2023 16:28,Y,Bicycle,Bicycle,Serious Injury,Incapacitating Injury,NIGHT,N,N,N,N,N,Y,N,N,N,0,1,0,0,1,0,0,0,0,0,0,1,1,0,0,0,0,0,0,0,0,0,0,0,0,N,0,0,Y,1,0,0,0,1,500,0,0,500,1,0,0,Verified,n/a,432997.401,3354339.086,30.31899432,-81.69693535