REPORT_NUMBER,CRASH_YEAR,CRASH_DATE_AND_TIME,REPORT_DATE_AND_TIME,INVESTIGATING_AGENCY_REPORT_NUMBER,FORM_TYPE,TOTAL_NUMBER_OF_VEHICLES,TOTAL_NUMBER_OF_PERSONS,COUNTY_CODE,CITY_CODE,COUNTY_NAME,CITY_NAME,RURAL_OR_URBAN,NOTIFIED_TIME,DISPATCHED_TIME,ARRIVED_TIME,CLEARED_TIME,COMPLETED_FLAG,NOTIFIED_BY,ON_STREET_ROAD_HIGHWAY,STREET_ADDRESS_NUMBER,LATITUDE,LONGITUDE,FEET_FROM_INTERSECTION,DIRECTION_FROM_INTERSECTION,FROM_INTERSECTION_OF,MILEPOST_NUMBER,ROAD_SYSTEM_IDENTIFER,TYPE_OF_SHOULDER,TYPE_OF_INTERSECTION,PHOTOS_TAKEN,LIGHT_CONDITION,WEATHER_CONDITION,ROAD_SURFACE_CONDITION,SCHOOL_BUS_RELATED_CODE,TYPE_OF_IMPACT,FIRST_HARMFUL_EVENT,LOCATION,INTERCHANGE_FLAG,JUNCTION_FLAG,ROAD_CIRCUMSTANCES_1,ROAD_CIRCUMSTANCES_2,ROAD_CIRCUMSTANCES_3,ENVIRONMENT_CIRCUMSTANCES_1,ENVIRONMENT_CIRCUMSTANCES_2,ENVIRONMENT_CIRCUMSTANCES_3,WORK_ZONE_RELATED_FLAG,CRASH_IN_WORK_ZONE,TYPE_OF_WORK_ZONE,WORKERS_PRESENT,LAW_ENFORCEMENT_PRESENT,INVESTIGATOR_RANK,INVESTIGATING_AGENCY_NAME,INVESTIGATING_AGENCY_TYPE,LOAD_DATE,CODEABLE,S4_CRASH_TYPE,S4_CRASH_TYPE_SIMPLIFIED,S4_CRASH_SEVERITY,S4_CRASH_SEVERITY_DETAIL,S4_DAY_OR_NIGHT,S4_IS_AGGRESSIVE_DRIVING,S4_IS_ALCOHOL_RELATED,S4_IS_CMV_INVOLVED,S4_IS_DISTRACTED,S4_IS_DRUG_RELATED,S4_IS_HIT_AND_RUN,S4_IS_INTERSECTION_RELATED,S4_IS_LANE_DEPARTURE_RELATED,S4_IS_SPEEDING_RELATED,S4_NONE_INJURY_COUNT,S4_INJURY_COUNT,S4_POSSIBLE_INJURY_COUNT,S4_NON_INCAPACITATING_INJURY_COUNT,S4_INCAPACITATING_INJURY_COUNT,S4_FATALITY_COUNT,S4_FATALITY_WITHIN_30_DAYS_COUNT,S4_NON_TRAFFIC_FATALITY_COUNT,S4_TRAILER_COUNT,S4_MOTORCYCLE_COUNT,S4_MOPED_COUNT,S4_NON_MOTORIST_COUNT,S4_BICYCLIST_COUNT,S4_PEDESTRIAN_COUNT,S4_DRIVER_COUNT,S4_AGING_DRIVER_COUNT,S4_TEENAGER_DRIVER_COUNT,S4_PASSENGER_COUNT,S4_UNRESTRAINED_COUNT,S4_UNRESTRAINED_INJURY_COUNT,S4_UNRESTRAINED_INCAPACITATING_INJURY_COUNT,S4_UNRESTRAINED_FATALITY_COUNT,S4_MOTORCYCLIST_COUNT,S4_MOTORCYCLIST_INCAPACITATING_INJURY_COUNT,S4_MOTORCYCLIST_FATALITY_COUNT,S4_IS_PEDESTRIAN_INVOLVED,S4_PEDESTRIAN_INCAPACITATING_INJURY_COUNT,S4_PEDESTRIAN_FATALITY_COUNT,S4_IS_BICYCLIST_INVOLVED,S4_BICYCLIST_INCAPACITATING_INJURY_COUNT,S4_BICYCLIST_FATALITY_COUNT,S4_CITATION_COUNT,S4_CITATION_AMOUNT,S4_PROPERTY_DAMAGE_COUNT,S4_PROPERTY_DAMAGE_AMOUNT,S4_VEHICLE_DAMAGE_COUNT,S4_VEHICLE_DAMAGE_AMOUNT,S4_TOTAL_DAMAGE_AMOUNT,S4_TRANSPORT_BY_EMS_COUNT,S4_TRANSPORT_BY_LAW_ENFORCEMENT_COUNT,S4_TRANSPORT_BY_OTHER_COUNT,S4_GEOLOCATION_STATUS,S4_PRELIMINARY_GEOLOCATION_STATUS,S4_X,S4_Y,S4_LATITUDE,S4_LONGITUDE
25326393,2023,2/14/2023 20:40,2/14/2023 20:59,94747,L,2,1,2,38,Duval,Jacksonville,Urban,2/14/2023 20:41,2/14/2023 20:41,2/14/2023 20:46,2/14/2023 20:46,Y,Law Enforcement,UNIVERSITY BLVD S,,30.30590681,-81.60061498,806,North,KELLOW DR,,State,Curb,Not at Intersection,N,Dark - Lighted,Clear,Dry,N,"Sideswipe, Same Direction",Motor Vehicle in Transport,On Roadway,N,Non-Junction,None,,,None,,,N,,,,,OFFICER,Jacksonville Sheriff's Office,Sheriff's Office (SO),2/16/2023 18:54,Y,Same Direction Sideswipe,Sideswipe,Serious Injury,Incapacitating Injury,NIGHT,N,N,N,N,N,Y,N,Y,N,0,1,0,0,1,0,0,0,0,1,0,0,0,0,1,0,0,0,0,0,0,0,1,1,0,N,0,0,N,0,0,0,0,0,0,1,1000,1000,1,0,0,Preliminary,Editor Mapped,442254.1461,3352829.727,30.30585184,-81.60057197
89603459,2023,2/22/2023 9:38,2/22/2023 10:05,FHP23ON0094893,L,2,4,2,38,Duval,Jacksonville,Urban,2/22/2023 9:38,2/22/2023 9:57,2/22/2023 9:57,2/22/2023 10:57,Y,Law Enforcement,INTERSTATE 95 NB,,30.34735,-81.66843,1179,North,8TH STREET,,Interstate,Paved,Not at Intersection,N,Daylight,Clear,Dry,N,Front to Rear,Motor Vehicle in Transport,On Roadway,N,Non-Junction,None,,,None,,,N,,,,,TPR,Florida Highway Patrol,Florida Highway Patrol (FHP),3/6/2023 14:29,Y,Rear End,Rear End,Serious Injury,Incapacitating Injury,DAY,N,N,N,N,N,N,N,N,N,1,3,2,0,1,0,0,0,0,0,0,0,0,0,2,1,0,2,0,0,0,0,0,0,0,N,0,0,N,0,0,2,0,0,0,2,5700,5700,1,0,0,Preliminary,Editor Mapped,435775.9942,3357420.43,30.34694971,-81.66822395
89660544,2023,10/16/2023 20:09,10/16/2023 21:10,FHP23ON0545099,L,2,5,2,38,Duval,Jacksonville,Urban,10/16/2023 20:29,10/16/2023 20:35,10/16/2023 20:54,10/16/2023 23:21,Y,Law Enforcement,U.S HIGHWAY 17,,30.44764,-81.63925,45289518,,EASTPORT ROAD,,U.S.,Paved,Not at Intersection,N,Dark - Lighted,Clear,Dry,N,Front to Front,Motor Vehicle in Transport,On Roadway,N,Intersection,None,,,None,,,N,,,,,TPR,Florida Highway Patrol,Florida Highway Patrol (FHP),10/27/2023 19:26,Y,Left Entering,Left Turn,Serious Injury,Incapacitating Injury,NIGHT,N,N,N,N,N,N,Y,N,N,0,5,1,2,2,0,0,0,0,0,0,0,0,0,2,0,0,3,5,5,2,0,0,0,0,N,0,0,N,0,0,3,0,2,600,2,15000,15600,4,0,0,Verified,n/a,438637.338,3368562.248,30.44763666,-81.63910875
89689553,2023,9/13/2023 21:07,9/13/2023 22:22,FHP23ON0482785,L,2,2,2,38,Duval,Jacksonville,Urban,9/13/2023 21:11,9/13/2023 21:19,9/13/2023 21:19,9/14/2023 3:35,Y,Law Enforcement,I-10 EB,,30.3057,-81.8856,994,East,SR.23,,Interstate,Paved,Not at Intersection,N,Dark - Not Lighted,Clear,Dry,N,Front to Rear,Motor Vehicle in Transport,On Roadway,Y,Entrance/Exit Ramp,None,,,None,,,N,,,,,TPR,Florida Highway Patrol,Florida Highway Patrol (FHP),9/21/2023 19:21,Y,Rear End,Rear End,Serious Injury,Incapacitating Injury,NIGHT,N,N,Y,N,N,N,N,N,N,1,1,0,0,1,0,0,0,2,0,0,0,0,0,2,0,0,0,0,0,0,0,0,0,0,N,0,0,N,0,0,1,0,0,0,2,175000,175000,1,0,0,Preliminary,Editor Mapped,414838.2362,3352989.447,30.30567385,-81.88569358
89616288,2023,3/24/2023 21:50,3/24/2023 22:40,FHP23ON0154449,L,2,3,2,38,Duval,Jacksonville,Urban,3/24/2023 21:50,3/24/2023 21:54,3/24/2023 22:11,3/24/2023 23:01,Y,Law Enforcement,US HIGHWAY 90,,30.30972905,-81.89457923,0,,OTIS ROAD,,U.S.,Paved,T-Intersection,Y,Dark - Lighted,Clear,Dry,N,Front to Front,Motor Vehicle in Transport,On Roadway,Y,Intersection,None,,,None,,,N,,,,,TPR,Florida Highway Patrol,Florida Highway Patrol (FHP),4/4/2023 14:25,Y,Left Rear,Left Turn,Serious Injury,Incapacitating Injury,NIGHT,N,N,N,N,N,N,Y,N,N,0,3,1,1,1,0,0,0,0,1,0,0,0,0,2,0,0,1,0,0,0,0,1,1,0,N,0,0,N,0,0,1,0,0,0,2,19000,19000,1,0,0,Preliminary,Editor Mapped,413988.4601,3353416.762,30.30946943,-81.89456548
89660373,2023,8/20/2023 10:00,11/9/2023 11:03,FHP23ON0437018,L,2,1,2,38,Duval,Jacksonville,Urban,8/20/2023 10:04,8/20/2023 10:23,8/20/2023 10:36,8/20/2023 15:13,Y,Law Enforcement,INTERSTATE 95,,30.26475,-81.60876,45217366,North,BOWDEN RD,,Interstate,Paved,Not at Intersection,Y,Daylight,Cloudy,Dry,N,Front to Rear,Motor Vehicle in Transport,On Roadway,N,Entrance/Exit Ramp,None,,,None,,,N,,,,,CPL,Florida Highway Patrol,Florida Highway Patrol (FHP),9/13/2023 15:12,Y,Parked Vehicle,Other,Fatality,Fatal (within 30 days),DAY,Y,N,N,N,Y,N,N,Y,N,0,0,0,0,0,1,1,0,0,0,0,0,0,0,1,0,0,0,1,0,0,1,0,0,0,N,0,0,N,0,0,0,0,0,0,2,21000,21000,1,0,0,Verified,n/a,441584.2613,3348100.514,30.26314463,-81.60727573
88331940,2023,5/25/2023 22:43,5/25/2023 23:05,FHP23ON0274196,L,1,2,2,38,Duval,Jacksonville,Urban,5/25/2023 22:45,5/25/2023 22:53,5/25/2023 22:53,5/25/2023 23:31,Y,Law Enforcement,I-295 N,,30.31516717,-81.76911676,45136854,South,I-10 WB,,Interstate,Paved,Not at Intersection,N,Dark - Lighted,Clear,Dry,N,Other,Guardrail Face,Off Roadway,N,Non-Junction,None,,,None,,,N,,,,,SGT,Florida Highway Patrol,Florida Highway Patrol (FHP),6/6/2023 14:55,Y,Off Road,Off Road,Serious Injury,Incapacitating Injury,NIGHT,N,N,N,N,N,Y,N,Y,N,1,1,0,0,1,0,0,0,0,0,0,0,0,0,1,0,0,1,1,1,1,0,0,0,0,N,0,0,N,0,0,0,0,1,10000,1,10000,20000,1,0,0,Verified,n/a,426042.8308,3354037.197,30.3158649,-81.76924763
25677815,2023,3/10/2023 11:20,3/10/2023 11:46,145752,L,2,3,2,38,Duval,Jacksonville,Urban,3/10/2023 11:23,3/10/2023 11:23,3/10/2023 11:38,3/10/2023 13:20,Y,Law Enforcement,SOUTHSIDE BLVD,,30.29472623,-81.55855286,0,,LEAHY RD,,State,Unpaved,Four-Way Intersection,N,Daylight,Clear,Dry,N,Angle,Motor Vehicle in Transport,On Roadway,N,Intersection,None,,,None,,,N,,,,,CSO,Jacksonville Sheriff's Office,Sheriff's Office (SO),3/14/2023 15:10,Y,Left Entering,Left Turn,Serious Injury,Incapacitating Injury,DAY,N,N,N,N,N,N,Y,N,N,2,1,0,0,1,0,0,0,0,0,0,0,0,0,2,0,0,1,0,0,0,0,0,0,0,N,0,0,N,0,0,2,0,0,0,2,20000,20000,1,0,0,Preliminary,Editor Mapped,446287.8316,3351573.172,30.29469879,-81.55855805
89675826,2023,9/3/2023 20:44,11/15/2023 13:02,FHP23ON0464655,L,1,3,2,38,Duval,Jacksonville,Urban,9/3/2023 20:55,9/3/2023 21:07,9/3/2023 21:33,9/4/2023 3:00,Y,Law Enforcement,SR-228 (NORMANDY BLVD),,30.27499,-81.83184,45123971,,BLAIR RD,,State,Paved,Four-Way Intersection,Y,Dark - Lighted,Clear,Dry,N,Other,Pedestrian,On Roadway,N,Intersection-Related,None,,,None,,,N,,,,,TPR,Florida Highway Patrol,Florida Highway Patrol (FHP),10/7/2023 19:27,Y,Pedestrian,Pedestrian,Fatality,Fatal (within 30 days),NIGHT,N,N,N,N,N,N,Y,N,N,1,0,0,0,0,2,2,0,0,0,0,2,0,2,1,0,0,0,0,0,0,0,0,0,0,Y,0,2,N,0,0,0,0,0,0,1,2500,2500,1,0,1,Verified,n/a,419987.8709,3349579.777,30.27525905,-81.8318819
24503620,2023,4/9/2023 20:30,7/21/2023 8:54,210600,L,1,1,2,38,Duval,Jacksonville,Urban,4/9/2023 20:32,4/9/2023 20:33,4/9/2023 20:35,4/9/2023 23:01,N,Law Enforcement,JAMES HALL DR,,30.34690804,-81.665416,0,,W 8TH ST,,Local,Paved,Four-Way Intersection,Y,Dark - Lighted,Rain,Wet,N,Unknown,Pedestrian,On Roadway,N,Intersection,Road Surface Condition,,,Other,Weather Conditions,,N,,,,,DETECTIVE,Jacksonville Sheriff's Office,Sheriff's Office (SO),4/12/2023 15:40,Y,Pedestrian,Pedestrian,Fatality,Fatal (within 30 days),NIGHT,N,N,N,N,N,Y,Y,N,N,0,0,0,0,0,1,1,0,0,0,0,1,0,1,0,0,0,0,0,0,0,0,0,0,0,Y,0,1,N,0,0,0,0,0,0,0,0,0,1,0,0,Preliminary,Editor Mapped,436052.6409,3357418.4,30.34694607,-81.6653456
89628193,2023,4/27/2023 21:42,4/27/2023 22:06,FHP23ON0220821,L,1,1,2,38,Duval,Jacksonville,Urban,4/27/2023 21:43,4/27/2023 21:43,4/27/2023 21:43,4/27/2023 22:47,Y,Law Enforcement,GIRVIN RD,,30.33885217,-81.46349955,913,East,WILDERLAND DR,,Local,Paved,Not at Intersection,N,Dark - Lighted,Rain,Wet,N,Other,Curb,Median,N,Non-Junction,None,,,None,,,N,,,,,TPR,Florida Highway Patrol,Florida Highway Patrol (FHP),5/6/2023 15:22,Y,Off Road,Off Road,Serious Injury,Incapacitating Injury,NIGHT,N,N,N,N,N,N,N,Y,N,0,1,0,0,1,0,0,0,0,1,0,0,0,0,1,0,0,0,0,0,0,0,1,1,0,N,0,0,N,0,0,1,0,0,0,1,5500,5500,1,0,0,Preliminary,Editor Mapped,455471.7618,3356429.529,30.33889469,-81.46326247
89603482,2023,3/9/2023 7:48,3/9/2023 8:27,FHP23ON0124201,L,2,2,2,38,Duval,Jacksonville,Urban,3/9/2023 7:48,3/9/2023 7:49,3/9/2023 7:58,3/9/2023 8:27,Y,Law Enforcement,INTERSTATE 95 SB,,30.26475,-81.60876,265,South,UNIVERSITY BLVD,,Interstate,Paved,Not at Intersection,N,Daylight,Clear,Dry,N,Front to Rear,Motor Vehicle in Transport,On Roadway,N,Non-Junction,None,,,None,,,N,,,,,TPR,Florida Highway Patrol,Florida Highway Patrol (FHP),3/14/2023 15:10,Y,Rear End,Rear End,Serious Injury,Incapacitating Injury,DAY,N,N,N,N,N,N,N,N,N,1,1,0,0,1,0,0,0,0,1,0,0,0,0,2,0,0,0,0,0,0,0,1,1,0,N,0,0,N,0,0,1,0,0,0,1,6600,6600,1,0,0,Preliminary,Editor Mapped,441169.8884,3348697.544,30.26851203,-81.61161664
25049681,2023,1/9/2023 5:20,6/12/2023 7:31,FHP23ON0013953,L,1,3,2,38,Duval,Jacksonville,Urban,1/9/2023 5:41,1/9/2023 5:58,1/9/2023 6:32,1/9/2023 8:38,Y,Law Enforcement,SR-228 (NORMANDY BLVD),,30.29514676,-81.77613452,245,East,NORMANDY VILLAGE PARKWAY,,State,Paved,Not at Intersection,Y,Dark - Not Lighted,Cloudy,Dry,N,Other,Pedestrian,On Roadway,N,Non-Junction,None,,,None,,,N,,,,,TPR,Florida Highway Patrol,Florida Highway Patrol (FHP),1/19/2023 14:56,Y,Pedestrian,Pedestrian,Fatality,Fatal (within 30 days),NIGHT,N,N,N,N,N,N,N,N,N,2,0,0,0,0,1,1,0,0,0,0,1,0,1,1,0,0,1,0,0,0,0,0,0,0,Y,0,1,N,0,0,0,0,0,0,1,3800,3800,0,0,1,Verified,n/a,425412.5515,3351770.845,30.29537609,-81.7756418
25677796,2023,2/24/2023 13:00,2/24/2023 13:44,115411,L,5,2,2,38,Duval,Jacksonville,Urban,2/24/2023 13:00,2/24/2023 13:02,2/24/2023 13:08,2/24/2023 15:04,Y,Law Enforcement,BEACH BLVD,11925,30.28775913,-81.50271238,,,,,Parking Lot,Curb,Not at Intersection,N,Daylight,Clear,Dry,N,Angle,Parked Motor Vehicle,In Parking Lane or Zone,N,Non-Junction,None,,,None,,,N,,,,,CSO,Jacksonville Sheriff's Office,Sheriff's Office (SO),3/1/2023 16:07,Y,Parked Vehicle,Other,Serious Injury,Incapacitating Injury,DAY,N,N,N,N,N,N,N,Y,N,0,2,0,1,1,0,0,0,0,0,0,1,0,1,1,0,0,0,0,0,0,0,0,0,0,Y,1,0,N,0,0,0,0,0,0,5,40000,40000,2,0,0,Preliminary,Editor Mapped,451653.3258,3350776.541,30.28773632,-81.50272699
25058605,2023,2/21/2023 18:15,3/11/2023 4:04,FHP23ON0094004,L,3,3,2,38,Duval,Jacksonville,Urban,2/21/2023 18:19,2/21/2023 18:22,2/21/2023 18:22,2/21/2023 19:38,Y,Law Enforcement,INTERSTATE 295 SOUTHBOUND,,30.24352265,-81.76323578,124,North,STATE ROAD 134,,Interstate,Paved,Not at Intersection,N,Dusk,Clear,Dry,N,"Sideswipe, Same Direction",Motor Vehicle in Transport,On Roadway,N,Non-Junction,None,,,None,,,N,,,,,TPR,Florida Highway Patrol,Florida Highway Patrol (FHP),3/2/2023 14:50,Y,Same Direction Sideswipe,Sideswipe,Serious Injury,Incapacitating Injury,DAY,N,N,Y,N,Y,N,N,Y,N,1,2,1,0,1,0,0,0,1,0,0,0,0,0,3,0,0,0,0,0,0,0,0,0,0,N,0,0,N,0,0,3,0,1,100,3,31000,31100,1,0,0,Preliminary,Editor Mapped,426587.962,3346012.699,30.24348969,-81.76301756
89590252,2023,3/13/2023 23:10,3/14/2023 0:07,FHP23ON0133601,L,3,5,2,38,Duval,Jacksonville,Urban,3/13/2023 23:14,3/13/2023 23:18,3/13/2023 23:40,3/14/2023 2:35,Y,Law Enforcement,I-295 SOUTHBOUND,,30.30601785,-81.52367279,1581,South,ALDEN RD,,Interstate,Paved,Not at Intersection,N,Dark - Lighted,Clear,Dry,N,Front to Rear,Motor Vehicle in Transport,On Roadway,N,Non-Junction,None,,,None,,,N,,,,,TPR,Florida Highway Patrol,Florida Highway Patrol (FHP),3/20/2023 14:18,Y,Rear End,Rear End,Serious Injury,Incapacitating Injury,NIGHT,N,N,N,N,N,N,N,Y,N,1,4,1,2,1,0,0,0,0,0,0,0,0,0,3,0,0,2,1,1,0,0,0,0,0,N,0,0,N,0,0,1,0,0,0,3,15000,15000,4,0,0,Preliminary,Editor Mapped,449636.2087,3352824.276,30.30613249,-81.52379922
89702614,2023,9/10/2023 1:45,12/18/2023 7:09,FHP23ON0475767,L,1,3,2,38,Duval,Jacksonville,Urban,9/10/2023 1:50,9/10/2023 1:52,9/10/2023 2:21,9/10/2023 6:32,Y,Law Enforcement,I-95 EXIT RAMP,,30.29036271,-81.62881652,242,South,EMERSON STREET,,Interstate,Paved,Not at Intersection,Y,Dark - Not Lighted,Cloudy,Dry,N,Other,Overturn/Rollover,Off Roadway,Y,Entrance/Exit Ramp,None,,,None,,,N,,,,,TPR,Florida Highway Patrol,Florida Highway Patrol (FHP),9/19/2023 19:36,Y,Rollover,Rollover,Fatality,Fatal (within 30 days),NIGHT,N,N,N,N,N,N,N,Y,N,0,1,0,0,1,2,2,0,0,0,0,0,0,0,0,0,0,3,3,1,1,2,0,0,0,N,0,0,N,0,0,0,0,0,0,1,8700,8700,1,0,2,Verified,n/a,439531.3542,3351130.875,30.29038896,-81.6287905
25046574,2023,2/24/2023 23:54,2/25/2023 0:47,FHP23ON0100444,L,3,3,2,38,Duval,Jacksonville,Urban,2/24/2023 23:59,2/25/2023 0:02,2/25/2023 0:16,2/25/2023 3:41,Y,Law Enforcement,STATE ROAD 134,,30.24813015,-81.77717614,66,West,HILLMAN DRIVE,,State,Curb,Not at Intersection,Y,Dark - Lighted,Cloudy,Dry,N,Front to Rear,Motor Vehicle in Transport,On Roadway,N,Intersection-Related,None,,,None,,,N,,,,,TPR,Florida Highway Patrol,Florida Highway Patrol (FHP),3/8/2023 15:02,Y,Rear End,Rear End,Fatality,Fatal (within 30 days),NIGHT,N,N,N,N,N,N,Y,N,N,1,1,0,1,0,1,1,0,0,0,0,0,0,0,3,1,0,0,0,0,0,0,0,0,0,N,0,0,N,0,0,0,0,0,0,3,105000,105000,2,0,0,Verified,n/a,425210.3549,3346535.009,30.24811855,-81.7773719
25685004,2023,5/30/2023 20:40,5/30/2023 23:00,323117,L,1,1,2,38,Duval,Jacksonville,Urban,5/30/2023 20:42,5/30/2023 20:45,5/30/2023 20:54,5/30/2023 23:45,Y,Law Enforcement,TOUCHTON RD,8550,30.26962232,-81.56340027,0,,4300 DEERWOOD LAKE PKWY,,Local,Curb,Roundabout,N,Dark - Lighted,Clear,Dry,N,Other,Curb,Off Roadway,N,Non-Junction,None,,,None,,,N,,,,,OFFICER,Jacksonville Sheriff's Office,Sheriff's Office (SO),5/31/2023 14:52,Y,Off Road,Off Road,Serious Injury,Incapacitating Injury,NIGHT,N,N,N,N,N,N,N,Y,N,0,1,0,0,1,0,0,0,0,1,0,0,0,0,1,0,0,0,0,0,0,0,1,1,0,N,0,0,N,0,0,0,0,0,0,1,1000,1000,1,0,0,Preliminary,Editor Mapped,445814.4066,3348798.357,30.26963836,-81.56333798
25325177,2023,5/22/2023 17:52,5/22/2023 18:11,305677,L,2,2,2,38,Duval,Jacksonville,Urban,5/22/2023 17:52,5/22/2023 17:53,5/22/2023 17:53,5/22/2023 18:12,Y,Law Enforcement,OLD BAYMEADOWS RD,,30.22079048,-81.55320585,5,South,SOUTHSIDE BLVD,,Local,Paved,Not at Intersection,N,Dusk,Rain,Wet,N,Other,Motor Vehicle in Transport,On Roadway,N,Non-Junction,None,,,None,,,N,,,,,OFFICER,Jacksonville Sheriff's Office,Sheriff's Office (SO),5/23/2023 14:55,Y,Left Rear,Left Turn,Serious Injury,Incapacitating Injury,DAY,N,N,N,N,N,N,N,N,N,0,2,1,0,1,0,0,0,0,0,0,0,0,0,2,0,0,0,0,0,0,0,0,0,0,N,0,0,N,0,0,2,0,0,0,2,10000,10000,1,0,0,Preliminary,Editor Mapped,446762.9777,3343379.868,30.22078477,-81.55320263
25332585,2023,5/15/2023 19:25,5/15/2023 20:05,290167,L,1,1,2,38,Duval,Jacksonville,Urban,5/15/2023 19:28,5/15/2023 19:30,5/15/2023 19:36,5/15/2023 23:15,N,Law Enforcement,RICKER RD,,30.25941286,-81.7731559,0,,SHARBETH DR S,,Local,Unpaved,T-Intersection,N,Daylight,Cloudy,Dry,N,Angle,Motor Vehicle in Transport,On Roadway,N,Intersection,None,,,None,,,N,,,,,OFFICER,Jacksonville Sheriff's Office,Sheriff's Office (SO),5/17/2023 14:56,Y,Single Vehicle,Other,Serious Injury,Incapacitating Injury,NIGHT,N,N,N,N,N,Y,Y,N,N,0,1,0,0,1,0,0,0,0,0,0,1,0,0,0,0,0,0,0,0,0,0,0,0,0,N,0,0,N,0,0,0,0,0,0,0,0,0,1,0,0,Preliminary,Editor Mapped,425624.8029,3347783.214,30.25940715,-81.77315262
25046578,2023,3/2/2023 4:19,2/9/2024 15:44,FHP23ON0110211,L,2,3,2,38,Duval,Jacksonville,Urban,3/2/2023 4:24,3/2/2023 4:26,3/2/2023 4:55,3/2/2023 10:12,Y,Law Enforcement,INTERSTATE 95,,30.10515825,-81.50465506,13615,North,RACE TRACK ROAD,,Interstate,Paved,Not at Intersection,Y,Dark - Lighted,Cloudy,Dry,N,Front to Rear,Motor Vehicle in Transport,On Roadway,N,Non-Junction,None,,,None,,,N,,,,,CPL,Florida Highway Patrol,Florida Highway Patrol (FHP),3/9/2023 14:49,Y,Rear End,Rear End,Fatality,Fatal (within 30 days),NIGHT,N,N,Y,N,N,N,N,N,N,0,2,1,1,0,1,1,0,1,0,0,0,0,0,2,0,0,1,0,0,0,0,0,0,0,N,0,0,N,0,0,1,0,0,0,2,150000,150000,2,0,1,Verified,n/a,451384.7497,3330546.876,30.10517329,-81.50458789
25336006,2023,5/11/2023 22:25,7/5/2023 7:56,282177,L,1,3,2,38,Duval,Jacksonville,Urban,5/11/2023 22:29,5/11/2023 22:29,5/11/2023 22:30,5/12/2023 0:00,Y,Law Enforcement,MERRILL RD,6140,30.35172039,-81.59435354,20,South,RED OAK DR,,Local,Curb,Not at Intersection,Y,Dark - Lighted,Clear,Dry,N,Angle,Pedestrian,On Roadway,N,Non-Junction,None,,,None,,,N,,,,,DETECTIVE,Jacksonville Sheriff's Office,Sheriff's Office (SO),5/13/2023 15:22,Y,Pedestrian,Pedestrian,Fatality,Fatal (within 30 days),NIGHT,N,N,N,N,N,N,N,N,N,2,0,0,0,0,1,1,0,0,0,0,1,0,1,1,0,0,1,0,0,0,0,0,0,0,Y,0,1,N,0,0,0,0,0,0,1,1000,1000,1,0,0,Preliminary,Editor Mapped,442879.0019,3357908.939,30.35171465,-81.59435031
89595753,2023,3/12/2023 14:37,3/12/2023 16:15,FHP23ON0130766,L,1,1,2,38,Duval,Jacksonville,Urban,3/12/2023 14:42,3/12/2023 15:22,3/12/2023 15:28,3/12/2023 16:37,Y,Law Enforcement,INTERSTATE 95 (NORTHBOUND),,30.53969589,-81.63738648,3918,North,PECAN PARK RD,,Interstate,Paved,Not at Intersection,N,Daylight,Clear,Dry,N,Other,Other Non-Collision,On Roadway,N,Non-Junction,None,,,None,,,N,,,,,TPR,Florida Highway Patrol,Florida Highway Patrol (FHP),3/26/2023 14:16,Y,Single Vehicle,Other,Serious Injury,Incapacitating Injury,DAY,N,N,N,N,N,N,N,Y,N,0,1,0,0,1,0,0,0,0,1,0,0,0,0,1,0,0,0,0,0,0,0,1,1,0,N,0,0,N,0,0,2,0,0,0,1,1000,1000,1,0,0,Preliminary,Editor Mapped,438936.3611,3377914.086,30.53203704,-81.63654355
83403959,2023,4/15/2023 20:00,4/15/2023 20:36,224083,L,2,2,2,38,Duval,Jacksonville,Urban,4/15/2023 20:00,4/15/2023 20:01,4/15/2023 20:06,4/15/2023 21:27,Y,Law Enforcement,SAN JUAN AVE,,30.28206189,-81.74806333,79,West,JAMMES RD,,State,Curb,Not at Intersection,N,Dark - Lighted,Cloudy,Dry,N,Front to Front,Motor Vehicle in Transport,On Roadway,N,Non-Junction,None,,,None,,,N,,,,,OFFICER,Jacksonville Sheriff's Office,Sheriff's Office (SO),4/16/2023 15:22,Y,Left Entering,Left Turn,Serious Injury,Incapacitating Injury,NIGHT,N,N,N,Y,N,N,N,Y,N,1,1,0,0,1,0,0,0,0,1,0,0,0,0,2,0,0,0,0,0,0,0,1,1,0,N,0,0,N,0,0,1,0,0,0,2,20000,20000,1,0,0,Preliminary,Editor Mapped,428051.0103,3350278.448,30.28206925,-81.74810401