REPORT_NUMBER,CRASH_YEAR,CRASH_DATE_AND_TIME,REPORT_DATE_AND_TIME,INVESTIGATING_AGENCY_REPORT_NUMBER,FORM_TYPE,TOTAL_NUMBER_OF_VEHICLES,TOTAL_NUMBER_OF_PERSONS,COUNTY_CODE,CITY_CODE,COUNTY_NAME,CITY_NAME,RURAL_OR_URBAN,NOTIFIED_TIME,DISPATCHED_TIME,ARRIVED_TIME,CLEARED_TIME,COMPLETED_FLAG,NOTIFIED_BY,ON_STREET_ROAD_HIGHWAY,STREET_ADDRESS_NUMBER,LATITUDE,LONGITUDE,FEET_FROM_INTERSECTION,DIRECTION_FROM_INTERSECTION,FROM_INTERSECTION_OF,MILEPOST_NUMBER,ROAD_SYSTEM_IDENTIFER,TYPE_OF_SHOULDER,TYPE_OF_INTERSECTION,PHOTOS_TAKEN,LIGHT_CONDITION,WEATHER_CONDITION,ROAD_SURFACE_CONDITION,SCHOOL_BUS_RELATED_CODE,TYPE_OF_IMPACT,FIRST_HARMFUL_EVENT,LOCATION,INTERCHANGE_FLAG,JUNCTION_FLAG,ROAD_CIRCUMSTANCES_1,ROAD_CIRCUMSTANCES_2,ROAD_CIRCUMSTANCES_3,ENVIRONMENT_CIRCUMSTANCES_1,ENVIRONMENT_CIRCUMSTANCES_2,ENVIRONMENT_CIRCUMSTANCES_3,WORK_ZONE_RELATED_FLAG,CRASH_IN_WORK_ZONE,TYPE_OF_WORK_ZONE,WORKERS_PRESENT,LAW_ENFORCEMENT_PRESENT,INVESTIGATOR_RANK,INVESTIGATING_AGENCY_NAME,INVESTIGATING_AGENCY_TYPE,LOAD_DATE,CODEABLE,S4_CRASH_TYPE,S4_CRASH_TYPE_SIMPLIFIED,S4_CRASH_SEVERITY,S4_CRASH_SEVERITY_DETAIL,S4_DAY_OR_NIGHT,S4_IS_AGGRESSIVE_DRIVING,S4_IS_ALCOHOL_RELATED,S4_IS_CMV_INVOLVED,S4_IS_DISTRACTED,S4_IS_DRUG_RELATED,S4_IS_HIT_AND_RUN,S4_IS_INTERSECTION_RELATED,S4_IS_LANE_DEPARTURE_RELATED,S4_IS_SPEEDING_RELATED,S4_NONE_INJURY_COUNT,S4_INJURY_COUNT,S4_POSSIBLE_INJURY_COUNT,S4_NON_INCAPACITATING_INJURY_COUNT,S4_INCAPACITATING_INJURY_COUNT,S4_FATALITY_COUNT,S4_FATALITY_WITHIN_30_DAYS_COUNT,S4_NON_TRAFFIC_FATALITY_COUNT,S4_TRAILER_COUNT,S4_MOTORCYCLE_COUNT,S4_MOPED_COUNT,S4_NON_MOTORIST_COUNT,S4_BICYCLIST_COUNT,S4_PEDESTRIAN_COUNT,S4_DRIVER_COUNT,S4_AGING_DRIVER_COUNT,S4_TEENAGER_DRIVER_COUNT,S4_PASSENGER_COUNT,S4_UNRESTRAINED_COUNT,S4_UNRESTRAINED_INJURY_COUNT,S4_UNRESTRAINED_INCAPACITATING_INJURY_COUNT,S4_UNRESTRAINED_FATALITY_COUNT,S4_MOTORCYCLIST_COUNT,S4_MOTORCYCLIST_INCAPACITATING_INJURY_COUNT,S4_MOTORCYCLIST_FATALITY_COUNT,S4_IS_PEDESTRIAN_INVOLVED,S4_PEDESTRIAN_INCAPACITATING_INJURY_COUNT,S4_PEDESTRIAN_FATALITY_COUNT,S4_IS_BICYCLIST_INVOLVED,S4_BICYCLIST_INCAPACITATING_INJURY_COUNT,S4_BICYCLIST_FATALITY_COUNT,S4_CITATION_COUNT,S4_CITATION_AMOUNT,S4_PROPERTY_DAMAGE_COUNT,S4_PROPERTY_DAMAGE_AMOUNT,S4_VEHICLE_DAMAGE_COUNT,S4_VEHICLE_DAMAGE_AMOUNT,S4_TOTAL_DAMAGE_AMOUNT,S4_TRANSPORT_BY_EMS_COUNT,S4_TRANSPORT_BY_LAW_ENFORCEMENT_COUNT,S4_TRANSPORT_BY_OTHER_COUNT,S4_GEOLOCATION_STATUS,S4_PRELIMINARY_GEOLOCATION_STATUS,S4_X,S4_Y,S4_LATITUDE,S4_LONGITUDE
25337780,2023,3/25/2023 0:45,3/25/2023 1:56,176841,L,4,5,2,38,Duval,Jacksonville,Urban,3/25/2023 0:55,3/25/2023 1:05,3/25/2023 1:16,3/25/2023 1:56,Y,Law Enforcement,TIMUQUANA RD,,30.24739177,-81.71424302,125,East,ORTEGA FARMS BLVD,,State,Paved,Not at Intersection,N,Dark - Lighted,Clear,Dry,N,Front to Rear,Motor Vehicle in Transport,On Roadway,N,Other,None,,,None,,,N,,,,,OFFICER,Jacksonville Sheriff's Office,Sheriff's Office (SO),3/26/2023 14:16,Y,Rear End,Rear End,Serious Injury,Incapacitating Injury,NIGHT,Y,N,N,Y,N,N,N,N,Y,1,4,0,3,1,0,0,0,0,0,0,0,0,0,4,0,0,1,0,0,0,0,0,0,0,N,0,0,N,0,0,1,0,0,0,4,12000,12000,1,0,0,Preliminary,Editor Mapped,431363.896,3346426.766,30.24750573,-81.7134086
89611969,2023,3/4/2023 1:46,5/14/2023 10:56,FHP23ON0114438,L,2,2,2,38,Duval,Jacksonville,Urban,3/4/2023 1:51,3/4/2023 1:53,3/4/2023 1:57,3/4/2023 4:33,Y,Law Enforcement,INTERSTATE 10,,30.3148,-81.7925,4325,West,HAMMOND BLVD,,Interstate,Paved,Not at Intersection,N,Dark - Lighted,Clear,Dry,N,"Sideswipe, Same Direction",Motor Vehicle in Transport,On Roadway,Y,Entrance/Exit Ramp,None,,,None,,,N,,,,,TPR,Florida Highway Patrol,Florida Highway Patrol (FHP),3/13/2023 14:17,Y,Same Direction Sideswipe,Sideswipe,Serious Injury,Incapacitating Injury,NIGHT,N,N,Y,N,N,N,N,Y,N,1,1,0,0,1,0,0,0,1,0,0,0,0,0,2,0,0,0,0,0,0,0,0,0,0,N,0,0,N,0,0,0,0,0,0,2,13500,13500,1,0,0,Preliminary,Editor Mapped,423668.6657,3353927.512,30.31472767,-81.79393199
89596739,2023,3/5/2023 11:29,3/5/2023 12:11,FHP23ON0116851,L,3,6,2,38,Duval,Jacksonville,Urban,3/5/2023 11:32,3/5/2023 11:34,3/5/2023 11:51,3/5/2023 13:23,Y,Law Enforcement,INTERSTATE 295,,30.18824,-81.51386,2717,North,MM57,,Interstate,Paved,Not at Intersection,N,Daylight,Cloudy,Dry,N,"Sideswipe, Same Direction",Motor Vehicle in Transport,On Roadway,N,Non-Junction,None,,,None,,,N,,,,,TPR,Florida Highway Patrol,Florida Highway Patrol (FHP),3/14/2023 15:10,Y,Same Direction Sideswipe,Sideswipe,Serious Injury,Incapacitating Injury,DAY,Y,N,N,N,N,N,N,Y,N,2,4,2,1,1,0,0,0,0,0,0,0,0,0,3,1,0,3,1,1,1,0,0,0,0,N,0,0,N,0,0,2,0,1,10000,3,31500,41500,2,0,0,Preliminary,Editor Mapped,450567.2181,3339808.66,30.18871919,-81.51350563
25068971,2023,12/18/2023 13:31,12/18/2023 14:02,FHP23ON0663214,L,2,2,2,38,Duval,Jacksonville,Urban,12/18/2023 13:41,12/18/2023 13:52,12/18/2023 13:52,12/18/2023 14:32,Y,Law Enforcement,I-295 NORTHBOUND,,30.43284084,-81.72775759,45151531,South,DUNN AVENUE,,Interstate,Paved,Not at Intersection,N,Daylight,Clear,Dry,N,"Sideswipe, Same Direction",Motor Vehicle in Transport,On Roadway,N,Non-Junction,None,,,None,,,N,,,,,TPR,Florida Highway Patrol,Florida Highway Patrol (FHP),1/5/2024 19:23,Y,Same Direction Sideswipe,Sideswipe,Serious Injury,Incapacitating Injury,DAY,N,N,Y,N,N,N,N,Y,N,1,1,0,0,1,0,0,0,0,0,0,0,0,0,2,0,0,0,0,0,0,0,0,0,0,N,0,0,N,0,0,1,0,0,0,2,10500,10500,1,0,0,Preliminary,Editor Mapped,430115.3719,3366968.803,30.43279371,-81.72775488
89638484,2023,5/3/2023 20:49,5/3/2023 21:34,FHP23ON0232147,L,2,3,2,38,Duval,Jacksonville,Urban,5/3/2023 20:49,5/3/2023 20:53,5/3/2023 21:04,5/3/2023 23:08,N,Law Enforcement,INTERSTATE 95 SB,,30.24854,-81.59332,1555,South,STATE ROAD 202,,Interstate,Paved,Not at Intersection,N,Dark - Lighted,Clear,Dry,N,Other,Motor Vehicle in Transport,On Roadway,N,Non-Junction,None,,,None,,,N,,,,,TPR,Florida Highway Patrol,Florida Highway Patrol (FHP),6/26/2023 15:19,Y,Same Direction Sideswipe,Sideswipe,Serious Injury,Incapacitating Injury,NIGHT,N,N,N,N,N,Y,N,N,N,1,2,1,0,1,0,0,0,0,0,0,0,0,0,1,0,1,2,0,0,0,0,0,0,0,N,0,0,N,0,0,0,0,0,0,2,7500,7500,1,0,0,Preliminary,Editor Mapped,441872.4917,3347611.267,30.25874365,-81.60425247
25332085,2023,2/15/2023 20:05,1/8/2024 12:12,97072,L,2,4,2,38,Duval,Jacksonville,Urban,2/15/2023 20:05,2/15/2023 20:07,2/15/2023 20:08,2/15/2023 22:44,Y,Law Enforcement,BLOCK OF AVENUE B,5300,30.37037597,-81.69896014,120,North,W 43RD ST,,Local,Curb,Not at Intersection,Y,Dark - Lighted,Clear,Dry,N,,Pedestrian,On Roadway,N,Non-Junction,None,,,None,,,N,,,,,DETECTIVE,Jacksonville Sheriff's Office,Sheriff's Office (SO),2/22/2023 17:05,Y,Pedestrian,Pedestrian,Fatality,Fatal (within 30 days),NIGHT,N,N,N,N,N,Y,N,N,N,2,1,0,1,0,1,1,0,0,0,0,2,0,2,2,0,0,0,0,0,0,0,0,0,0,Y,0,1,N,0,0,2,0,0,0,2,9000,9000,1,0,0,Verified,n/a,432837.2032,3360033.54,30.37036912,-81.69896661
88330937,2023,7/3/2023 19:02,4/12/2024 18:01,FHP23ON0347006,L,3,4,2,38,Duval,Jacksonville,Urban,7/3/2023 19:07,7/3/2023 19:07,7/3/2023 19:07,7/3/2023 20:39,Y,Law Enforcement,STATE ROAD 23,,30.28674047,-81.87890054,3660,North,MEMORIAL PARKWAY,,State,Paved,Not at Intersection,Y,Daylight,Clear,Dry,N,Front to Front,Motor Vehicle in Transport,On Roadway,N,Non-Junction,None,,,None,,,N,,,,,TPR,Florida Highway Patrol,Florida Highway Patrol (FHP),9/11/2023 17:16,Y,Head On,Head On,Fatality,Fatal (within 30 days),NIGHT,N,Y,N,N,Y,N,N,Y,N,0,3,0,0,3,1,1,0,0,0,0,0,0,0,3,0,0,1,1,0,0,1,0,0,0,N,0,0,N,0,0,0,0,0,0,3,28000,28000,3,0,1,Verified,n/a,415475.4313,3350884.662,30.28672677,-81.87889793
89695369,2023,10/19/2023 0:27,3/16/2024 14:07,FHP23ON0548864,L,1,2,2,38,Duval,Jacksonville,Urban,10/19/2023 0:32,10/19/2023 0:34,10/19/2023 0:52,10/19/2023 4:41,Y,Law Enforcement,INTERSTATE 95 (STATE ROAD 9),,30.41345228,-81.65699889,45285859,North,CLARK RD,,Interstate,Paved,Not at Intersection,Y,Dark - Not Lighted,Clear,Dry,N,Other,Pedestrian,On Roadway,N,Non-Junction,Obstruction in Roadway,,,Physical Obstruction(s),,,N,,,,,TPR,Florida Highway Patrol,Florida Highway Patrol (FHP),10/20/2023 20:05,Y,Pedestrian,Pedestrian,Fatality,Fatal (within 30 days),NIGHT,N,N,N,N,N,N,N,N,N,0,1,1,0,0,1,1,0,0,0,0,1,0,1,1,0,0,0,0,0,0,0,0,0,0,Y,0,1,N,0,0,0,0,0,0,1,5000,5000,0,0,1,Preliminary,Editor Mapped,436891.4425,3364783.475,30.41344889,-81.65706313
25671657,2023,3/9/2023 18:00,3/10/2023 19:18,144474,L,2,4,2,38,Duval,Jacksonville,Urban,3/9/2023 18:03,3/9/2023 18:09,3/9/2023 18:16,3/9/2023 19:16,Y,Law Enforcement,SOUTEL DR,,30.40379004,-81.72041087,47,West,NORFOLK BLVD,,County,Paved,Four-Way Intersection,N,Daylight,Clear,Dry,N,Angle,Motor Vehicle in Transport,On Roadway,N,Non-Junction,None,,,None,,,N,,,,,OFFICER,Jacksonville Sheriff's Office,Sheriff's Office (SO),3/11/2023 14:20,Y,Unknown,Unknown,Serious Injury,Incapacitating Injury,DAY,N,N,N,Y,N,Y,N,Y,N,0,4,3,0,1,0,0,0,0,0,0,0,0,0,2,0,1,2,0,0,0,0,0,0,0,N,0,0,N,0,0,3,0,1,500,2,2000,2500,1,0,0,Preliminary,Editor Mapped,430800.7107,3363753.198,30.40381788,-81.7204053
25680300,2023,4/10/2023 9:30,4/10/2023 10:04,211504,L,3,2,2,38,Duval,Jacksonville,Urban,4/10/2023 9:36,4/10/2023 9:41,4/10/2023 9:52,4/10/2023 10:55,N,Law Enforcement,ARLINGTON EXPY,,30.32733494,-81.61440384,2093,West,UNIVERSITY BLVD N OFF RAMP,,State,Curb,Not at Intersection,N,Daylight,Cloudy,Dry,N,Front to Rear,Motor Vehicle in Transport,On Roadway,N,Non-Junction,None,,,None,,,N,,,,,CSO,Jacksonville Sheriff's Office,Sheriff's Office (SO),4/12/2023 15:40,Y,Rear End,Rear End,Serious Injury,Incapacitating Injury,DAY,N,N,N,N,N,Y,N,N,N,1,1,0,0,1,0,0,0,0,0,0,0,0,0,2,0,0,0,0,0,0,0,0,0,0,N,0,0,N,0,0,2,0,0,0,2,16000,16000,1,0,0,Preliminary,Editor Mapped,440937.3623,3355216.89,30.32732921,-81.6144006
89603434,2023,2/5/2023 15:03,3/16/2023 13:26,FHP23ON0063501,L,1,1,2,38,Duval,Jacksonville,Urban,2/5/2023 15:03,2/5/2023 15:03,2/5/2023 15:03,2/5/2023 19:27,Y,Law Enforcement,INTERSTATE 295,,30.43430521,-81.5808143,4067,West,ALTA DR,,Interstate,Paved,Not at Intersection,Y,Daylight,Clear,Dry,N,Other,"Other Post, Pole or Support",On Roadway,N,Non-Junction,None,,,None,,,N,,,,,CPL,Florida Highway Patrol,Florida Highway Patrol (FHP),2/16/2023 18:53,Y,Off Road,Off Road,Fatality,Fatal (within 30 days),DAY,N,N,N,N,N,N,N,Y,N,0,0,0,0,0,1,1,0,0,0,0,0,0,0,1,0,1,0,1,0,0,1,0,0,0,N,0,0,N,0,0,0,0,0,0,1,12000,12000,0,0,1,Verified,n/a,443419.5629,3367778.797,30.44080161,-81.58926036
89603488,2023,3/14/2023 9:53,3/14/2023 10:20,FHP23ON0134084,L,2,2,2,38,Duval,Jacksonville,Urban,3/14/2023 9:53,3/14/2023 9:53,3/14/2023 9:53,3/14/2023 12:07,Y,Law Enforcement,INTERSTATE 295 SB,,30.18998,-81.67041,9672,East,BUCKMAN BRIDGE,,Interstate,Paved,Not at Intersection,N,Daylight,Clear,Dry,N,Other,Motor Vehicle in Transport,On Roadway,N,Non-Junction,None,,,None,,,N,,,,,TPR,Florida Highway Patrol,Florida Highway Patrol (FHP),3/23/2023 14:24,Y,Other,Other,Serious Injury,Incapacitating Injury,DAY,N,N,N,N,N,N,N,Y,N,0,2,0,1,1,0,0,0,0,0,0,0,0,0,2,0,0,0,0,0,0,0,0,0,0,N,0,0,N,0,0,0,0,0,0,2,16200,16200,1,0,0,Preliminary,Editor Mapped,435597.6073,3340008.037,30.18981734,-81.66901362
25068947,2023,3/22/2023 7:50,3/22/2023 8:32,FHP23ON0148858,L,2,2,2,38,Duval,Jacksonville,Urban,3/22/2023 8:00,3/22/2023 8:08,3/22/2023 8:26,3/22/2023 9:23,Y,Law Enforcement,I-295 (NORTHBOUND),,30.45999804,-81.68504164,2327,West,DUVAL ROAD,,Interstate,Paved,Not at Intersection,N,Daylight,Clear,Dry,N,Front to Rear,Motor Vehicle in Transport,On Roadway,N,Non-Junction,None,,,None,,,N,,,,,TPR,Florida Highway Patrol,Florida Highway Patrol (FHP),4/8/2023 14:14,Y,Rear End,Rear End,Serious Injury,Incapacitating Injury,DAY,N,N,N,Y,N,N,N,N,N,0,2,1,0,1,0,0,0,0,0,0,0,0,0,2,0,0,0,1,1,1,0,0,0,0,N,0,0,N,0,0,4,0,0,0,2,20000,20000,1,0,0,Preliminary,Editor Mapped,434263.2766,3369956.929,30.45999029,-81.68475113
89610096,2023,2/19/2023 19:28,7/17/2023 13:50,FHP23ON0090390,L,4,7,2,38,Duval,Jacksonville,Urban,2/19/2023 19:44,2/19/2023 20:00,2/19/2023 20:15,2/20/2023 1:18,Y,Law Enforcement,STATE ROAD 202,,30.24589809,-81.59769595,119,North,BONNEVAL RD,,State,Curb,Four-Way Intersection,Y,Dark - Lighted,Cloudy,Dry,N,Front to Rear,Motor Vehicle in Transport,On Roadway,N,Intersection-Related,None,,,None,,,N,,,,,TPR,Florida Highway Patrol,Florida Highway Patrol (FHP),2/23/2023 14:17,Y,Rear End,Rear End,Fatality,Fatal (within 30 days),NIGHT,N,N,N,N,N,N,Y,N,N,1,5,1,3,1,1,1,0,0,0,0,0,0,0,4,0,0,3,1,1,1,0,0,0,0,N,0,0,N,0,0,0,0,0,0,4,12500,12500,5,0,0,Verified,n/a,442509.295,3346195.529,30.24599873,-81.59755569
25671660,2023,3/19/2023 12:50,3/19/2023 16:46,164032,L,2,4,2,38,Duval,Jacksonville,Urban,3/19/2023 12:58,3/19/2023 13:00,3/19/2023 13:11,3/19/2023 13:30,Y,Law Enforcement,BEAVER ST W,,30.32897692,-81.72257193,47,West,MELSON AVE,,U.S.,Paved,Four-Way Intersection,N,Daylight,Clear,Dry,N,"Sideswipe, Same Direction",Motor Vehicle in Transport,On Roadway,N,Non-Junction,None,,,None,,,N,,,,,OFFICER,Jacksonville Sheriff's Office,Sheriff's Office (SO),3/20/2023 14:18,Y,Right/Through,Right Turn,Serious Injury,Incapacitating Injury,DAY,N,N,N,N,N,N,N,Y,N,2,2,0,1,1,0,0,0,0,0,0,0,0,0,2,1,0,2,0,0,0,0,0,0,0,N,0,0,N,0,0,0,0,0,0,2,1000,1000,2,0,0,Preliminary,Editor Mapped,430535.7597,3355452.729,30.3289043,-81.72261248
89603486,2023,3/13/2023 13:34,3/13/2023 14:07,FHP23ON0132613,L,2,2,2,38,Duval,Jacksonville,Urban,3/13/2023 13:34,3/13/2023 13:37,3/13/2023 13:53,3/14/2023 15:07,Y,Law Enforcement,ALTA DR,,30.43333,-81.58005,0,,INTERSTATE 295 SB ENTRANCE RAMP,,County,Paved,Not at Intersection,N,Daylight,Cloudy,Wet,N,Other,Motor Vehicle in Transport,On Roadway,N,Non-Junction,None,,,None,,,N,,,,,TPR,Florida Highway Patrol,Florida Highway Patrol (FHP),3/20/2023 14:18,Y,Left Rear,Left Turn,Serious Injury,Incapacitating Injury,DAY,N,N,N,N,N,N,N,N,N,1,1,0,0,1,0,0,0,0,0,0,0,0,0,2,0,0,0,0,0,0,0,0,0,0,N,0,0,N,0,0,0,0,0,0,2,8000,8000,1,0,0,Preliminary,Editor Mapped,444305.4511,3366846.005,30.43242584,-81.57998481
89622235,2023,10/4/2023 1:29,10/4/2023 2:15,FHP23ON0521449,L,1,1,2,38,Duval,Jacksonville,Urban,10/4/2023 1:34,10/4/2023 1:38,10/4/2023 2:08,10/4/2023 2:50,Y,Law Enforcement,INTERSTATE 295 SOUTHBOUND,,30.24863728,-81.51536363,308703151,North,JTB BOULEVARD,,Interstate,Paved,Not at Intersection,N,Dark - Lighted,Cloudy,Dry,N,Other,Concrete Traffic Barrier,On Roadway,N,Non-Junction,None,,,None,,,N,,,,,TPR,Florida Highway Patrol,Florida Highway Patrol (FHP),11/12/2023 19:11,Y,Off Road,Off Road,Serious Injury,Incapacitating Injury,NIGHT,N,N,N,N,N,N,N,Y,N,0,1,0,0,1,0,0,0,0,0,0,0,0,0,1,0,0,0,0,0,0,0,0,0,0,N,0,0,N,0,0,0,0,0,0,1,5000,5000,1,0,0,Preliminary,Editor Mapped,450418.5835,3346447.97,30.2486259,-81.51536181
25047276,2023,2/20/2023 23:45,3/13/2023 3:21,FHP23ON0092450,L,2,2,1,66,Miami-Dade,Miami,Urban,2/21/2023 0:52,2/21/2023 1:01,2/21/2023 1:01,2/21/2023 2:28,Y,Law Enforcement,INTERSTATE 95 (SR-9A),,25.79899673,-80.20562982,3418,South,STATE ROAD 836 (DOLPHIN EXPRESSWAY),,Interstate,Paved,Not at Intersection,Y,Dark - Lighted,Clear,Dry,N,Front to Rear,Motor Vehicle in Transport,On Roadway,N,Non-Junction,Work Zone,,,None,,,Y,Activity Area,Lane Closure,Y,Y,TPR,Florida Highway Patrol,Florida Highway Patrol (FHP),2/27/2023 14:14,Y,Rear End,Rear End,Serious Injury,Incapacitating Injury,NIGHT,N,N,N,Y,N,Y,N,N,N,1,1,0,0,1,0,0,0,0,0,0,0,0,0,2,0,0,0,0,0,0,0,0,0,0,N,0,0,N,0,0,4,0,0,0,2,16000,16000,1,0,0,Preliminary,Editor Mapped,434628.2559,3355007.202,30.32511235,-81.68001448
84292206,2023,1/11/2023 18:47,3/14/2023 10:29,22490,L,2,2,2,38,Duval,Jacksonville,Urban,1/11/2023 18:50,1/11/2023 18:53,1/11/2023 18:59,1/11/2023 21:19,Y,Law Enforcement,MONUMENT RD,2771,30.36211565,-81.50273259,0,,ASHBROOK CIR E,,Local,Curb,Four-Way Intersection,N,Dark - Lighted,Clear,Dry,N,Angle,Motor Vehicle in Transport,On Roadway,N,Intersection,None,,,None,,,N,,,,,DETECTIVE,Jacksonville Sheriff's Office,Sheriff's Office (SO),1/12/2023 14:55,Y,Left Leaving,Left Turn,Fatality,Fatal (within 30 days),DAY,N,Y,N,N,Y,N,Y,N,N,0,1,1,0,0,1,1,0,0,0,0,0,0,0,2,0,0,0,0,0,0,0,0,0,0,N,0,0,N,0,0,0,0,0,0,2,75000,75000,1,0,0,Verified,n/a,451687.504,3359018.557,30.36211211,-81.5027513
25325896,2023,1/5/2023 23:51,1/6/2023 3:05,10167,L,1,1,2,38,Duval,Jacksonville,Urban,1/5/2023 23:51,1/5/2023 23:52,1/6/2023 0:00,1/6/2023 1:45,Y,Law Enforcement,PHILIPS HWY,10564,30.17742641,-81.55036847,580,North,,,Local,Paved,Not at Intersection,N,Dark - Lighted,Clear,Dry,N,Angle,Tree (standing),Off Roadway,N,Non-Junction,None,,,None,,,N,,,,,OFFICER,Jacksonville Sheriff's Office,Sheriff's Office (SO),1/7/2023 14:49,Y,Off Road,Off Road,Serious Injury,Incapacitating Injury,NIGHT,N,N,N,N,N,N,N,Y,N,0,1,0,0,1,0,0,0,0,0,0,0,0,0,1,0,0,0,0,0,0,0,0,0,0,N,0,0,N,0,0,0,0,0,0,1,15000,15000,1,0,0,Preliminary,Editor Mapped,447011.6416,3338562.262,30.17732197,-81.5503769
89617370,2023,4/17/2023 6:31,4/17/2023 7:27,FHP23ON0200340,L,4,4,2,38,Duval,Jacksonville,Urban,4/17/2023 6:36,4/17/2023 6:38,4/17/2023 6:49,4/17/2023 8:20,Y,Law Enforcement,SR-202 (BUTLER BVD),,30.25270112,-81.45149779,2728,East,SAN PABLO ROAD,,State,Paved,Not at Intersection,N,Dawn,Cloudy,Dry,N,Front to Rear,Motor Vehicle in Transport,On Roadway,N,Non-Junction,None,,,None,,,N,,,,,TPR,Florida Highway Patrol,Florida Highway Patrol (FHP),4/27/2023 20:27,Y,Rear End,Rear End,Serious Injury,Incapacitating Injury,NIGHT,N,N,N,N,N,N,N,N,N,3,1,0,0,1,0,0,0,0,0,0,0,0,0,4,0,0,0,0,0,0,0,0,0,0,N,0,0,N,0,0,2,0,0,0,4,12700,12700,1,0,0,Preliminary,Editor Mapped,456580.8557,3346887.178,30.25282562,-81.45132949
89638474,2023,4/20/2023 23:51,4/21/2023 1:41,FHP23ON0207837,L,2,1,2,38,Duval,Jacksonville,Urban,4/20/2023 23:51,4/20/2023 23:54,4/21/2023 0:04,4/21/2023 1:41,Y,Law Enforcement,STATE ROAD 21 (BLANDING BLVD),,30.19683,-81.73956,212,North,INTERSTATE 295,,State,Paved,Not at Intersection,N,Daylight,Clear,Dry,N,Other,Motor Vehicle in Transport,On Roadway,N,Intersection-Related,None,,,None,,,N,,,,,TPR,Florida Highway Patrol,Florida Highway Patrol (FHP),4/30/2023 14:42,Y,Rear End,Rear End,Serious Injury,Incapacitating Injury,NIGHT,N,N,N,N,N,Y,Y,N,N,0,1,0,0,1,0,0,0,0,1,0,0,0,0,1,0,0,0,0,0,0,0,1,1,0,N,0,0,N,0,0,0,0,0,0,1,1200,1200,1,0,0,Preliminary,Editor Mapped,428836.7626,3340691.952,30.19561167,-81.73928687
25677159,2023,2/16/2023 15:10,2/16/2023 15:47,98767,L,1,2,2,38,Duval,Jacksonville,Urban,2/16/2023 15:15,2/16/2023 15:18,2/16/2023 15:39,2/16/2023 16:20,Y,Law Enforcement,S UNIVERSITY BLVD,3191,30.29341248,-81.60217268,,,,,Local,Curb,Not at Intersection,N,Daylight,Clear,Dry,N,Other,Pedestrian,Off Roadway,N,Non-Junction,None,,,None,,,N,,,,,CSO,Jacksonville Sheriff's Office,Sheriff's Office (SO),3/21/2023 14:31,Y,Pedestrian,Pedestrian,Serious Injury,Incapacitating Injury,DAY,N,N,N,N,N,N,N,N,N,1,1,0,0,1,0,0,0,0,0,0,1,0,1,1,0,0,0,0,0,0,0,0,0,0,Y,1,0,N,0,0,0,0,0,0,1,1,1,1,0,0,Preliminary,Editor Mapped,442094.9418,3351449.774,30.29339195,-81.60215156
25020399,2023,2/19/2023 1:37,3/14/2023 16:49,FHP23ON0089181,L,1,1,2,38,Duval,Jacksonville,Urban,2/19/2023 1:42,2/19/2023 1:51,2/19/2023 2:28,2/19/2023 4:55,Y,Law Enforcement,STATE ROAD 115 ARLINGTON EXPRESSWAY ON RAMP,,30.32740412,-81.58372959,602,East,STATE ROAD 115 ARLINGTON EXPRESSWAY,,State,Curb,Y-Intersection,Y,Dark - Lighted,Clear,Dry,N,Other,Curb,Shoulder,Y,Entrance/Exit Ramp,None,,,None,,,N,,,,,CPL,Florida Highway Patrol,Florida Highway Patrol (FHP),2/23/2023 14:17,Y,Off Road,Off Road,Fatality,Fatal (within 30 days),NIGHT,N,Y,N,N,N,N,N,Y,N,0,0,0,0,0,1,1,0,0,1,0,0,0,0,1,0,0,0,0,0,0,0,1,0,1,N,0,0,N,0,0,0,0,1,500,1,8000,8500,0,0,0,Verified,n/a,443861.134,3355203.155,30.32734459,-81.58398661
25334005,2023,8/29/2023 23:15,6/6/2024 11:26,524563,L,1,2,2,38,Duval,Jacksonville,Urban,8/29/2023 23:21,8/29/2023 23:21,8/29/2023 23:24,8/30/2023 2:01,Y,Law Enforcement,PHILIPS HWY (U.S 1),4000,30.28242689,-81.62971764,45206719,North,CLINTON AVENUE,,U.S.,Curb,Not at Intersection,Y,Dark - Lighted,Cloudy,Wet,N,Other,Pedestrian,On Roadway,N,Non-Junction,None,,,None,,,N,,,,,DETECTIVE,Jacksonville Sheriff's Office,Sheriff's Office (SO),8/31/2023 14:46,Y,Pedestrian,Pedestrian,Fatality,Fatal (within 30 days),NIGHT,N,N,N,N,N,Y,N,N,N,1,0,0,0,0,1,1,0,0,0,0,1,0,1,1,0,0,0,0,0,0,0,0,0,0,Y,0,1,N,0,0,1,0,0,0,1,2500,2500,1,0,0,Verified,n/a,439439.4111,3350247.626,30.28241422,-81.62969562