REPORT_NUMBER,CRASH_YEAR,CRASH_DATE_AND_TIME,REPORT_DATE_AND_TIME,INVESTIGATING_AGENCY_REPORT_NUMBER,FORM_TYPE,TOTAL_NUMBER_OF_VEHICLES,TOTAL_NUMBER_OF_PERSONS,COUNTY_CODE,CITY_CODE,COUNTY_NAME,CITY_NAME,RURAL_OR_URBAN,NOTIFIED_TIME,DISPATCHED_TIME,ARRIVED_TIME,CLEARED_TIME,COMPLETED_FLAG,NOTIFIED_BY,ON_STREET_ROAD_HIGHWAY,STREET_ADDRESS_NUMBER,LATITUDE,LONGITUDE,FEET_FROM_INTERSECTION,DIRECTION_FROM_INTERSECTION,FROM_INTERSECTION_OF,MILEPOST_NUMBER,ROAD_SYSTEM_IDENTIFER,TYPE_OF_SHOULDER,TYPE_OF_INTERSECTION,PHOTOS_TAKEN,LIGHT_CONDITION,WEATHER_CONDITION,ROAD_SURFACE_CONDITION,SCHOOL_BUS_RELATED_CODE,TYPE_OF_IMPACT,FIRST_HARMFUL_EVENT,LOCATION,INTERCHANGE_FLAG,JUNCTION_FLAG,ROAD_CIRCUMSTANCES_1,ROAD_CIRCUMSTANCES_2,ROAD_CIRCUMSTANCES_3,ENVIRONMENT_CIRCUMSTANCES_1,ENVIRONMENT_CIRCUMSTANCES_2,ENVIRONMENT_CIRCUMSTANCES_3,WORK_ZONE_RELATED_FLAG,CRASH_IN_WORK_ZONE,TYPE_OF_WORK_ZONE,WORKERS_PRESENT,LAW_ENFORCEMENT_PRESENT,INVESTIGATOR_RANK,INVESTIGATING_AGENCY_NAME,INVESTIGATING_AGENCY_TYPE,LOAD_DATE,CODEABLE,S4_CRASH_TYPE,S4_CRASH_TYPE_SIMPLIFIED,S4_CRASH_SEVERITY,S4_CRASH_SEVERITY_DETAIL,S4_DAY_OR_NIGHT,S4_IS_AGGRESSIVE_DRIVING,S4_IS_ALCOHOL_RELATED,S4_IS_CMV_INVOLVED,S4_IS_DISTRACTED,S4_IS_DRUG_RELATED,S4_IS_HIT_AND_RUN,S4_IS_INTERSECTION_RELATED,S4_IS_LANE_DEPARTURE_RELATED,S4_IS_SPEEDING_RELATED,S4_NONE_INJURY_COUNT,S4_INJURY_COUNT,S4_POSSIBLE_INJURY_COUNT,S4_NON_INCAPACITATING_INJURY_COUNT,S4_INCAPACITATING_INJURY_COUNT,S4_FATALITY_COUNT,S4_FATALITY_WITHIN_30_DAYS_COUNT,S4_NON_TRAFFIC_FATALITY_COUNT,S4_TRAILER_COUNT,S4_MOTORCYCLE_COUNT,S4_MOPED_COUNT,S4_NON_MOTORIST_COUNT,S4_BICYCLIST_COUNT,S4_PEDESTRIAN_COUNT,S4_DRIVER_COUNT,S4_AGING_DRIVER_COUNT,S4_TEENAGER_DRIVER_COUNT,S4_PASSENGER_COUNT,S4_UNRESTRAINED_COUNT,S4_UNRESTRAINED_INJURY_COUNT,S4_UNRESTRAINED_INCAPACITATING_INJURY_COUNT,S4_UNRESTRAINED_FATALITY_COUNT,S4_MOTORCYCLIST_COUNT,S4_MOTORCYCLIST_INCAPACITATING_INJURY_COUNT,S4_MOTORCYCLIST_FATALITY_COUNT,S4_IS_PEDESTRIAN_INVOLVED,S4_PEDESTRIAN_INCAPACITATING_INJURY_COUNT,S4_PEDESTRIAN_FATALITY_COUNT,S4_IS_BICYCLIST_INVOLVED,S4_BICYCLIST_INCAPACITATING_INJURY_COUNT,S4_BICYCLIST_FATALITY_COUNT,S4_CITATION_COUNT,S4_CITATION_AMOUNT,S4_PROPERTY_DAMAGE_COUNT,S4_PROPERTY_DAMAGE_AMOUNT,S4_VEHICLE_DAMAGE_COUNT,S4_VEHICLE_DAMAGE_AMOUNT,S4_TOTAL_DAMAGE_AMOUNT,S4_TRANSPORT_BY_EMS_COUNT,S4_TRANSPORT_BY_LAW_ENFORCEMENT_COUNT,S4_TRANSPORT_BY_OTHER_COUNT,S4_GEOLOCATION_STATUS,S4_PRELIMINARY_GEOLOCATION_STATUS,S4_X,S4_Y,S4_LATITUDE,S4_LONGITUDE
25335483,2023,3/21/2023 21:05,3/21/2023 21:57,169435,L,2,2,2,38,Duval,Jacksonville,Urban,3/21/2023 21:11,3/21/2023 21:15,3/21/2023 21:15,3/21/2023 23:06,Y,Law Enforcement,SR 212 (BEACH BLVD),,30.28741601,-81.49683364,636,West,SANS PAREIL ST,,State,Paved,Not at Intersection,N,Dark - Lighted,Rain,Wet,N,Other,Motor Vehicle in Transport,On Roadway,N,Non-Junction,None,,,None,,,N,,,,,OFFICER,Jacksonville Sheriff's Office,Sheriff's Office (SO),3/23/2023 14:24,Y,Left Entering,Left Turn,Serious Injury,Incapacitating Injury,NIGHT,N,N,N,N,N,N,N,N,N,1,1,0,0,1,0,0,0,0,1,0,0,0,0,2,0,0,0,0,0,0,0,1,1,0,N,0,0,N,0,0,1,0,0,0,2,4000,4000,1,0,0,Preliminary,Editor Mapped,452219.4559,3350733.597,30.28737128,-81.49683839
24909652,2023,3/13/2023 6:25,3/13/2023 7:01,FHP23ON0131849,L,1,1,2,38,Duval,Jacksonville,Urban,3/13/2023 6:29,3/13/2023 6:31,3/13/2023 6:52,3/13/2023 7:45,Y,Law Enforcement,I-95 S,,30.24766506,-81.59319164,500,West,I-95,,Interstate,Paved,Not at Intersection,N,Dark - Lighted,Rain,Wet,N,Other,Concrete Traffic Barrier,On Roadway,Y,Entrance/Exit Ramp,Road Surface Condition,,,Weather Conditions,,,N,,,,,LT,Florida Highway Patrol,Florida Highway Patrol (FHP),3/23/2023 14:24,Y,Off Road,Off Road,Serious Injury,Incapacitating Injury,NIGHT,Y,N,N,N,N,N,N,Y,Y,0,1,0,0,1,0,0,0,0,0,0,0,0,0,1,0,0,0,0,0,0,0,0,0,0,N,0,0,N,0,0,1,0,0,0,1,5500,5500,1,0,0,Preliminary,Editor Mapped,442691.238,3346427.02,30.24809626,-81.59567727
25061143,2023,1/6/2023 9:15,4/2/2023 14:28,FHP23ON0008900,L,2,3,2,38,Duval,Jacksonville,Urban,1/6/2023 9:26,1/6/2023 9:35,1/6/2023 9:50,1/6/2023 15:44,Y,Law Enforcement,U.S. HIGHWAY 1,,30.21652,-81.58326,0,,BAYMEADOWS WAY,,U.S.,Paved,Four-Way Intersection,Y,Daylight,Clear,Dry,N,Other,Motor Vehicle in Transport,On Roadway,N,Intersection,None,,,None,,,N,,,,,TPR,Florida Highway Patrol,Florida Highway Patrol (FHP),1/28/2023 14:48,Y,Left Entering,Left Turn,Fatality,Fatal (within 30 days),DAY,N,N,Y,N,N,N,Y,N,N,0,1,0,1,0,2,2,0,1,0,0,0,0,0,2,1,0,1,0,0,0,0,0,0,0,N,0,0,N,0,0,0,0,1,100,2,115000,115100,2,0,1,Verified,n/a,443849.4565,3342916.467,30.21647184,-81.58345198
25053237,2023,2/18/2023 22:23,5/3/2023 15:38,FHP23ON0089025,L,2,3,2,38,Duval,Jacksonville,Urban,2/18/2023 22:45,2/18/2023 23:19,2/18/2023 23:54,2/19/2023 3:08,Y,Law Enforcement,US-17,,30.54694,-81.6214,1267,North,YELLOW BLUFF ROAD,,U.S.,Paved,Not at Intersection,Y,Dark - Not Lighted,Clear,Dry,N,Front to Front,Motor Vehicle in Transport,On Roadway,N,Non-Junction,None,,,None,,,N,,,,,TPR,Florida Highway Patrol,Florida Highway Patrol (FHP),2/20/2023 15:58,Y,Head On,Head On,Fatality,Fatal (within 30 days),NIGHT,N,Y,N,N,Y,N,N,Y,N,0,2,0,0,2,1,1,0,0,0,0,0,0,0,2,0,0,1,3,2,2,1,0,0,0,N,0,0,N,0,0,0,0,0,0,2,12000,12000,2,0,1,Verified,n/a,440437.1971,3380018.66,30.55110281,-81.62102005
25330899,2023,2/19/2023 22:56,3/29/2023 8:10,105209,L,1,1,2,38,Duval,Jacksonville,Urban,2/19/2023 22:57,2/19/2023 22:59,2/19/2023 23:03,2/20/2023 2:15,Y,Law Enforcement,LIME ST,,30.32404428,-81.68374775,0,,LEWIS ST,,Local,Unpaved,T-Intersection,N,Dark - Lighted,Clear,Dry,N,Other,Utility Pole/Light Support,Off Roadway,N,Intersection,None,,,None,,,N,,,,,DETECTIVE,Jacksonville Sheriff's Office,Sheriff's Office (SO),2/24/2023 14:18,Y,Off Road,Off Road,Serious Injury,Incapacitating Injury,NIGHT,N,N,N,N,N,N,Y,N,N,0,1,0,0,1,0,0,0,0,0,0,0,0,0,1,0,0,0,0,0,0,0,0,0,0,N,0,0,N,0,0,0,0,0,0,1,1000,1000,1,0,0,Preliminary,Editor Mapped,434265.5102,3354892.418,30.32405692,-81.68378044
25382322,2023,4/2/2023 18:33,4/2/2023 0:00,230001197,L,2,3,2,40,Duval,Jacksonville Beach,Urban,4/2/2023 18:36,4/2/2023 18:36,4/2/2023 18:45,4/2/2023 19:08,Y,Law Enforcement,1ST AVE N,,30.289979,-81.392352,49,West,3RD ST N,,Local,Curb,Four-Way Intersection,N,Daylight,Clear,Dry,N,Angle,Motor Vehicle in Transport,On Roadway,N,Intersection-Related,None,,,None,,,N,,,,,PATROL OFFICER,Jacksonville Beach Police Department,Police Department (PD),4/10/2023 14:14,Y,Right Angle,Angle,Serious Injury,Incapacitating Injury,DAY,N,N,N,N,N,N,Y,N,N,2,1,0,0,1,0,0,0,0,1,0,0,0,0,2,0,0,1,0,0,0,0,1,1,0,N,0,0,N,0,0,0,0,0,0,2,2500,2500,1,0,0,Preliminary,Editor Mapped,462269.2111,3350982.564,30.28997287,-81.39234888
25678784,2023,3/23/2023 5:54,3/23/2023 6:22,172236,L,1,1,2,38,Duval,Jacksonville,Urban,3/23/2023 5:54,3/23/2023 5:59,3/23/2023 6:04,3/23/2023 9:55,Y,Law Enforcement,ARLINGTON EXPY,,30.32164099,-81.55465985,311,West,REGENCY COURT MALL,,Local,Curb,Not at Intersection,N,Dark - Lighted,Clear,Dry,N,Other,Fell/Jumped From Motor Vehicle,On Roadway,N,Non-Junction,None,,,None,,,N,,,,,CSO,Jacksonville Sheriff's Office,Sheriff's Office (SO),3/25/2023 14:21,Y,Single Vehicle,Other,Serious Injury,Incapacitating Injury,NIGHT,N,N,N,N,N,N,N,Y,N,0,1,0,0,1,0,0,0,0,1,0,0,0,0,1,0,0,0,0,0,0,0,1,1,0,N,0,0,N,0,0,3,0,0,0,1,5000,5000,1,0,0,Preliminary,Editor Mapped,446678.9679,3354565.912,30.32172186,-81.55464278
89603493,2023,3/22/2023 14:38,3/22/2023 15:30,FHP23ON0149582,L,1,1,2,38,Duval,Jacksonville,Urban,3/22/2023 14:38,3/22/2023 14:40,3/22/2023 15:27,3/23/2023 16:15,Y,Law Enforcement,INTERSTATE 95 NB,,30.48151,-81.6438,720,North,AIRPORT ROAD,,Interstate,Paved,Not at Intersection,N,Daylight,Clear,Dry,N,Other,Concrete Traffic Barrier,On Roadway,N,Non-Junction,None,,,None,,,N,,,,,TPR,Florida Highway Patrol,Florida Highway Patrol (FHP),3/29/2023 14:48,Y,Off Road,Off Road,Serious Injury,Incapacitating Injury,DAY,N,N,N,N,N,N,N,Y,N,0,1,0,0,1,0,0,0,0,0,0,0,0,0,1,0,0,0,0,0,0,0,0,0,0,N,0,0,N,0,0,0,0,0,0,1,3500,3500,1,0,0,Preliminary,Editor Mapped,438215.641,3372079.555,30.47935315,-81.64370926
25683252,2023,5/18/2023 17:45,5/18/2023 18:25,297187,L,3,4,2,38,Duval,Jacksonville,Urban,5/18/2023 17:50,5/18/2023 18:00,5/18/2023 18:15,5/18/2023 19:14,Y,Law Enforcement,HODGES BLVD,,30.2589731,-81.46672335,647,North,GLEN KERNAN PKWY,,Local,Unpaved,Not at Intersection,N,Daylight,Clear,Dry,N,Front to Rear,Motor Vehicle in Transport,On Roadway,N,Non-Junction,None,,,None,,,N,,,,,OFFICER,Jacksonville Sheriff's Office,Sheriff's Office (SO),5/20/2023 14:48,Y,Rear End,Rear End,Serious Injury,Incapacitating Injury,DAY,N,N,N,N,N,N,N,N,N,2,2,0,0,2,0,0,0,0,0,0,0,0,0,3,0,0,1,0,0,0,0,0,0,0,N,0,0,N,0,0,0,0,0,0,3,15100,15100,2,0,0,Preliminary,Editor Mapped,455103.0092,3347573.749,30.25896738,-81.46672015
25682406,2023,4/27/2023 7:49,4/27/2023 8:14,249457,L,2,2,2,38,Duval,Jacksonville,Urban,4/27/2023 7:49,4/27/2023 7:49,4/27/2023 7:54,4/27/2023 9:37,Y,Law Enforcement,SR 105,,30.41208777,-81.56069637,0,,LEGEND LN,,State,Curb,Four-Way Intersection,N,Daylight,Clear,Dry,N,Angle,Motor Vehicle in Transport,On Roadway,N,Intersection,None,,,None,,,N,,,,,OFFICER,Jacksonville Sheriff's Office,Sheriff's Office (SO),4/28/2023 14:51,Y,Right Angle,Angle,Serious Injury,Incapacitating Injury,DAY,N,N,Y,Y,N,N,Y,N,N,1,1,0,0,1,0,0,0,1,0,0,0,0,0,2,0,0,0,0,0,0,0,0,0,0,N,0,0,N,0,0,1,0,0,0,2,20000,20000,1,0,0,Preliminary,Editor Mapped,446134.8654,3364577.176,30.41203611,-81.56081757
25068953,2023,4/5/2023 7:51,4/5/2023 8:09,FHP23ON0176540,L,2,2,2,38,Duval,Jacksonville,Urban,4/5/2023 8:01,4/5/2023 8:02,4/5/2023 8:02,4/5/2023 8:40,Y,Law Enforcement,INTERSTATE 95 (NB),,30.3618072,-81.66863526,323,North,GOLFAIR BOULEVARD,,Interstate,Paved,Not at Intersection,N,Daylight,Cloudy,Dry,N,Front to Rear,Motor Vehicle in Transport,On Roadway,Y,Non-Junction,None,,,None,,,N,,,,,TPR,Florida Highway Patrol,Florida Highway Patrol (FHP),4/10/2023 14:14,Y,Rear End,Rear End,Serious Injury,Incapacitating Injury,DAY,N,N,Y,Y,N,N,N,Y,N,1,1,0,0,1,0,0,0,0,0,0,0,0,0,2,0,0,0,1,1,1,0,0,0,0,N,0,0,N,0,0,3,0,0,0,2,10500,10500,1,0,0,Preliminary,Editor Mapped,435746.5692,3359124.848,30.36232797,-81.66863467
25322332,2023,6/25/2023 4:33,6/25/2023 9:30,378645,L,2,2,2,38,Duval,Jacksonville,Urban,6/25/2023 4:33,6/25/2023 4:33,6/25/2023 4:39,6/25/2023 9:30,N,Law Enforcement,PERGRAN CT,,30.17520029,-81.58564693,29,West,LIPPIZAN DR,,Local,Unpaved,T-Intersection,Y,Dark - Lighted,Cloudy,Dry,N,Unknown,Parked Motor Vehicle,Off Roadway,N,Intersection-Related,None,,,None,,,N,,,,,OFFICER,Jacksonville Sheriff's Office,Sheriff's Office (SO),6/26/2023 15:19,Y,Parked Vehicle,Other,Serious Injury,Incapacitating Injury,NIGHT,N,Y,N,N,N,N,Y,N,N,0,2,0,1,1,0,0,0,0,1,0,0,0,0,1,0,0,1,0,0,0,0,2,1,0,N,0,0,N,0,0,0,0,0,0,2,13000,13000,1,0,0,Preliminary,Editor Mapped,443614.9142,3338344.892,30.17520768,-81.58564476
89638501,2023,5/23/2023 13:56,5/23/2023 14:42,FHP23ON0269040,L,3,2,2,38,Duval,Jacksonville,Urban,5/23/2023 13:57,5/23/2023 14:02,5/23/2023 14:31,5/23/2023 15:33,Y,Law Enforcement,INTERSTATE 95 SB,,30.29071,-81.62971,275,East,EMERSON ST,,Interstate,Paved,Not at Intersection,N,Daylight,Cloudy,Wet,N,Front to Rear,Motor Vehicle in Transport,On Roadway,N,Non-Junction,None,,,None,,,N,,,,,TPR,Florida Highway Patrol,Florida Highway Patrol (FHP),5/29/2023 14:43,Y,Rear End,Rear End,Serious Injury,Incapacitating Injury,DAY,N,N,N,N,N,Y,N,N,N,0,2,1,0,1,0,0,0,0,0,0,0,0,0,2,0,0,0,0,0,0,0,0,0,0,N,0,0,N,0,0,2,0,0,0,2,7800,7800,1,0,0,Preliminary,Editor Mapped,439685.264,3350880.737,30.28813948,-81.62717577
25683437,2023,5/11/2023 7:50,5/11/2023 8:17,280336,L,2,3,2,38,Duval,Jacksonville,Urban,5/11/2023 7:55,5/11/2023 7:56,5/11/2023 8:00,5/11/2023 9:04,Y,Law Enforcement,BROADWAY AVE,,30.33269379,-81.73109983,0,,EDGEWOOD AVE N,,State,Paved,Four-Way Intersection,N,Daylight,Clear,Dry,N,Angle,Motor Vehicle in Transport,On Roadway,N,Intersection-Related,None,,,None,,,N,,,,,OFFICER,Jacksonville Sheriff's Office,Sheriff's Office (SO),5/12/2023 15:27,Y,Right Angle,Angle,Serious Injury,Incapacitating Injury,DAY,N,N,N,N,N,N,Y,N,N,0,3,0,2,1,0,0,0,0,0,0,0,0,0,2,0,0,1,0,0,0,0,0,0,0,N,0,0,N,0,0,0,0,0,0,2,10000,10000,3,0,0,Preliminary,Editor Mapped,429722.8722,3355877.263,30.33268806,-81.73109655
25075225,2023,3/16/2023 15:42,3/16/2023 16:33,FHP23ON0138409,L,3,4,2,38,Duval,Jacksonville,Urban,3/16/2023 15:44,3/16/2023 15:44,3/16/2023 15:44,3/16/2023 17:55,Y,Law Enforcement,US HIGHWAY 17,,30.56675,-81.61465,618,South,LANKFORD AVE,,U.S.,Unpaved,Not at Intersection,N,Daylight,Clear,Dry,N,Angle,Motor Vehicle in Transport,On Roadway,N,Non-Junction,None,,,None,,,N,,,,,TPR,Florida Highway Patrol,Florida Highway Patrol (FHP),4/4/2023 14:24,Y,Left Leaving,Left Turn,Serious Injury,Incapacitating Injury,DAY,N,N,N,N,N,Y,N,Y,N,1,3,2,0,1,0,0,0,0,0,0,0,0,0,3,1,0,1,2,1,0,0,0,0,0,N,0,0,N,0,0,2,0,0,0,3,100000,100000,1,0,0,Preliminary,Editor Mapped,440961.5029,3381586.239,30.56527352,-81.61564303
89603492,2023,3/22/2023 9:57,3/22/2023 10:28,FHP23ON0149073,L,3,3,2,38,Duval,Jacksonville,Urban,3/22/2023 9:57,3/22/2023 10:02,3/22/2023 10:19,3/22/2023 12:27,Y,Law Enforcement,INTERSTATE 295 NB,,30.41209,-81.56456,644,North,HECKSCHER DRQ,,Interstate,Paved,Not at Intersection,N,Daylight,Clear,Dry,N,Front to Rear,Motor Vehicle in Transport,On Roadway,N,Non-Junction,None,,,None,,,N,,,,,TPR,Florida Highway Patrol,Florida Highway Patrol (FHP),3/29/2023 14:48,Y,Rear End,Rear End,Serious Injury,Incapacitating Injury,DAY,N,N,N,N,N,N,N,N,N,1,2,0,0,2,0,0,0,1,0,0,0,0,0,3,0,0,0,0,0,0,0,0,0,0,N,0,0,N,0,0,1,0,0,0,3,25100,25100,2,0,0,Preliminary,Editor Mapped,445771.1706,3364172.653,30.40836954,-81.56458302
25035008,2023,3/22/2023 20:37,3/22/2023 21:43,FHP23ON0150324,L,2,3,2,38,Duval,Jacksonville,Urban,3/22/2023 20:42,3/22/2023 20:52,3/22/2023 21:20,3/22/2023 22:48,Y,Law Enforcement,INTERSTATE 95 NB,,30.14133,-81.54041,277,North,OLD ST. AUGUSTINIE ROAD,,Interstate,Paved,Not at Intersection,N,Dark - Lighted,Clear,Dry,N,Front to Rear,Motor Vehicle in Transport,On Roadway,N,Non-Junction,None,,,None,,,N,,,,,TPR,Florida Highway Patrol,Florida Highway Patrol (FHP),3/31/2023 14:22,Y,Rear End,Rear End,Serious Injury,Incapacitating Injury,NIGHT,N,N,N,N,N,N,N,N,N,0,3,2,0,1,0,0,0,0,0,0,0,0,0,2,0,0,1,0,0,0,0,0,0,0,N,0,0,N,0,0,1,0,0,0,2,11000,11000,1,0,0,Preliminary,Editor Mapped,448018.5171,3334488.355,30.14060253,-81.53971887
25382369,2023,4/16/2023 13:55,4/16/2023 0:00,230001400,L,1,2,2,40,Duval,Jacksonville Beach,Urban,4/16/2023 13:55,4/16/2023 13:55,4/16/2023 14:00,4/16/2023 14:45,Y,Law Enforcement,6TH AVE S,,30.28158,-81.397208,0,,9TH ST S,,Local,Curb,Four-Way Intersection,N,Daylight,Clear,Dry,N,,Overturn/Rollover,On Roadway,N,Intersection,None,,,None,,,N,,,,,POLICE,Jacksonville Beach Police Department,Police Department (PD),4/17/2023 15:28,Y,Rollover,Rollover,Serious Injury,Incapacitating Injury,DAY,Y,Y,N,N,N,N,Y,N,Y,1,1,0,0,1,0,0,0,0,0,0,0,0,0,1,0,0,1,0,0,0,0,0,0,0,N,0,0,N,0,0,1,0,0,0,1,500,500,1,0,0,Preliminary,Editor Mapped,461798.9848,3350053.453,30.28157382,-81.39720472
89850422,2023,9/14/2023 16:25,9/14/2023 0:00,230003543,L,1,2,34,0,DeSoto,Unincorporated,Urban,9/14/2023 16:25,9/14/2023 16:25,9/14/2023 16:28,9/14/2023 17:30,Y,Law Enforcement,9TH AVE N,,30.297472,-81.393778,45274225,,3RD ST N,,State,Curb,Four-Way Intersection,Y,Daylight,Cloudy,Dry,N,,Pedestrian,On Roadway,N,Intersection,None,,,None,,,N,,,,,POLICE,Jacksonville Beach Police Department,Police Department (PD),9/22/2023 19:23,Y,Pedestrian,Pedestrian,Serious Injury,Incapacitating Injury,DAY,N,N,N,N,N,N,Y,N,N,1,1,0,0,1,0,0,0,0,0,0,1,1,0,1,0,0,0,0,0,0,0,0,0,0,N,0,0,Y,1,0,1,0,0,0,1,5000,5000,1,0,0,Verified,n/a,462134.9257,3351813.389,30.29746603,-81.39377519
89650278,2023,10/22/2023 20:45,10/22/2023 22:07,FHP23ON0556060,L,2,2,2,38,Duval,Jacksonville,Urban,10/22/2023 20:50,10/22/2023 20:54,10/22/2023 21:26,10/22/2023 22:34,Y,Law Enforcement,INTERSTATE 295,,30.23136,-81.76267,1001894664,North,COLLINS ROAD,,Interstate,Paved,Not at Intersection,N,Dark - Lighted,Clear,Dry,N,Angle,Motor Vehicle in Transport,On Roadway,N,Non-Junction,None,,,None,,,N,,,,,TPR,Florida Highway Patrol,Florida Highway Patrol (FHP),12/1/2023 19:11,Y,Unknown,Unknown,Serious Injury,Incapacitating Injury,NIGHT,N,N,Y,N,N,N,N,N,N,1,1,0,0,1,0,0,0,1,0,0,0,0,0,2,0,0,0,0,0,0,0,0,0,0,N,0,0,N,0,0,0,0,0,0,2,12500,12500,1,0,0,Preliminary,Editor Mapped,426618.035,3343902.904,30.2244538,-81.76255806
89647868,2023,7/23/2023 2:24,7/23/2023 3:08,FHP23ON0383372,L,1,2,2,38,Duval,Jacksonville,Urban,7/23/2023 2:28,7/23/2023 2:34,7/23/2023 2:55,7/23/2023 3:55,Y,Law Enforcement,SR-21 (BLANDING BLVD),,30.19215,-81.7395,305119838,South,ARGYLE FOREST BLVD,,State,Curb,T-Intersection,N,Dark - Lighted,Clear,Dry,N,Other,Pedestrian,On Roadway,N,Intersection,None,,,None,,,N,,,,,TPR,Florida Highway Patrol,Florida Highway Patrol (FHP),8/1/2023 14:56,Y,Pedestrian,Pedestrian,Serious Injury,Incapacitating Injury,NIGHT,N,N,N,N,N,N,Y,N,N,1,1,0,0,1,0,0,0,0,0,0,1,0,1,1,1,0,0,0,0,0,0,0,0,0,Y,1,0,N,0,0,0,0,0,0,1,3500,3500,1,0,0,Verified,n/a,428831.3573,3340265.659,30.19176466,-81.73931429
25681850,2023,5/8/2023 8:46,5/8/2023 9:14,273347,L,2,3,2,38,Duval,Jacksonville,Urban,5/8/2023 8:46,5/8/2023 8:46,5/8/2023 8:58,5/8/2023 9:14,Y,Law Enforcement,AIRPORT CENTER DR E,,30.47574459,-81.62612061,0,,GILLESPIE AVE,,Local,Curb,Four-Way Intersection,N,Daylight,Clear,Dry,N,Angle,Motor Vehicle in Transport,On Roadway,N,Intersection,None,,,None,,,N,,,,,CSO,Jacksonville Sheriff's Office,Sheriff's Office (SO),5/11/2023 15:27,Y,Right Angle,Angle,Serious Injury,Incapacitating Injury,DAY,N,N,N,N,N,N,Y,N,N,2,1,0,0,1,0,0,0,0,0,0,0,0,0,2,1,0,1,0,0,0,0,0,0,0,N,0,0,N,0,0,3,0,0,0,2,18000,18000,1,0,0,Preliminary,Editor Mapped,439901.9565,3371669.525,30.47573882,-81.62611736
25133488,2023,4/9/2023 18:40,4/9/2023 18:52,210424,L,1,1,2,38,Duval,Jacksonville,Urban,4/9/2023 18:42,4/9/2023 18:43,4/9/2023 18:44,4/9/2023 19:06,Y,Law Enforcement,E 44TH ST,,30.37262511,-81.65126508,42,East,N MAIN ST,,Local,Paved,Four-Way Intersection,N,Dusk,Rain,Wet,N,"Sideswipe, Same Direction",Utility Pole/Light Support,On Roadway,Y,Intersection,Unknown,Other,Unknown,Weather Conditions,None,Unknown,N,,,,,OFFICER,Jacksonville Sheriff's Office,Sheriff's Office (SO),4/10/2023 14:14,Y,Off Road,Off Road,Serious Injury,Incapacitating Injury,DAY,Y,N,N,N,N,N,Y,N,Y,0,1,0,0,1,0,0,0,0,0,0,0,0,0,1,0,0,0,0,0,0,0,0,0,0,N,0,0,N,0,0,1,0,0,0,1,8000,8000,1,0,0,Preliminary,Editor Mapped,437432.4571,3360257.247,30.37263475,-81.65115963
25681666,2023,4/7/2023 23:10,4/8/2023 3:05,207207,L,3,6,2,38,Duval,Jacksonville,Urban,4/7/2023 23:12,4/7/2023 23:15,4/7/2023 23:15,4/8/2023 0:16,Y,Law Enforcement,ROOSEVELT BLVD,,30.31092634,-81.70528384,0,,MCDUFF AVE S,,U.S.,Curb,Four-Way Intersection,N,Dark - Lighted,Clear,Dry,N,Angle,Motor Vehicle in Transport,On Roadway,N,Intersection,None,,,None,,,N,,,,,OFFICER,Jacksonville Sheriff's Office,Sheriff's Office (SO),4/9/2023 14:10,Y,Left Entering,Left Turn,Serious Injury,Incapacitating Injury,NIGHT,N,Y,N,N,N,N,Y,N,N,4,2,1,0,1,0,0,0,0,0,0,0,0,0,3,0,1,3,0,0,0,0,0,0,0,N,0,0,N,0,0,0,0,0,0,3,54000,54000,2,0,0,Preliminary,Editor Mapped,432191.4888,3353450.386,30.31093022,-81.70526018
25331340,2023,3/31/2023 21:18,4/1/2023 22:42,191972,L,2,2,2,38,Duval,Jacksonville,Urban,3/31/2023 21:18,3/31/2023 21:19,3/31/2023 21:35,4/1/2023 0:05,Y,Law Enforcement,PHILIPS HWY,,30.12131043,-81.49562934,4726,East,SR-9B,,U.S.,Paved,Not at Intersection,N,Dark - Not Lighted,Clear,Dry,N,Other,Motor Vehicle in Transport,On Roadway,N,Non-Junction,None,,,None,,,N,,,,,OFFICER,Jacksonville Sheriff's Office,Sheriff's Office (SO),4/1/2023 14:21,Y,Other,Other,Serious Injury,Incapacitating Injury,NIGHT,N,N,N,N,N,N,N,N,N,1,1,0,0,1,0,0,0,0,1,0,0,0,0,2,0,0,0,0,0,0,0,1,1,0,N,0,0,N,0,0,2,0,0,0,2,20000,20000,1,0,0,Preliminary,Editor Mapped,452011.3335,3332607.806,30.12379617,-81.49817797
24730512,2023,2/19/2023 15:50,4/13/2023 7:54,104570,L,1,1,2,38,Duval,Jacksonville,Urban,2/19/2023 15:55,2/19/2023 15:55,2/19/2023 16:07,2/19/2023 21:26,Y,Law Enforcement,DAVIS RD,,30.43518793,-81.58937853,,,FAYE RD,,Local,Unpaved,Not at Intersection,Y,Daylight,Clear,"Mud, Dirt, Gravel",N,,Ditch,Off Roadway,N,Non-Junction,None,,,None,,,N,,,,,DETECTIVE,Jacksonville Sheriff's Office,Sheriff's Office (SO),2/28/2023 14:22,Y,Off Road,Off Road,Serious Injury,Incapacitating Injury,DAY,N,N,N,N,N,N,N,Y,N,0,1,0,0,1,0,0,0,0,0,0,0,0,0,1,0,0,0,0,0,0,0,0,0,0,N,0,0,N,0,0,0,0,0,0,1,200,200,1,0,0,Preliminary,Editor Mapped,443405.282,3367156.118,30.43518217,-81.58937529