REPORT_NUMBER,CRASH_YEAR,CRASH_DATE_AND_TIME,REPORT_DATE_AND_TIME,INVESTIGATING_AGENCY_REPORT_NUMBER,FORM_TYPE,TOTAL_NUMBER_OF_VEHICLES,TOTAL_NUMBER_OF_PERSONS,COUNTY_CODE,CITY_CODE,COUNTY_NAME,CITY_NAME,RURAL_OR_URBAN,NOTIFIED_TIME,DISPATCHED_TIME,ARRIVED_TIME,CLEARED_TIME,COMPLETED_FLAG,NOTIFIED_BY,ON_STREET_ROAD_HIGHWAY,STREET_ADDRESS_NUMBER,LATITUDE,LONGITUDE,FEET_FROM_INTERSECTION,DIRECTION_FROM_INTERSECTION,FROM_INTERSECTION_OF,MILEPOST_NUMBER,ROAD_SYSTEM_IDENTIFER,TYPE_OF_SHOULDER,TYPE_OF_INTERSECTION,PHOTOS_TAKEN,LIGHT_CONDITION,WEATHER_CONDITION,ROAD_SURFACE_CONDITION,SCHOOL_BUS_RELATED_CODE,TYPE_OF_IMPACT,FIRST_HARMFUL_EVENT,LOCATION,INTERCHANGE_FLAG,JUNCTION_FLAG,ROAD_CIRCUMSTANCES_1,ROAD_CIRCUMSTANCES_2,ROAD_CIRCUMSTANCES_3,ENVIRONMENT_CIRCUMSTANCES_1,ENVIRONMENT_CIRCUMSTANCES_2,ENVIRONMENT_CIRCUMSTANCES_3,WORK_ZONE_RELATED_FLAG,CRASH_IN_WORK_ZONE,TYPE_OF_WORK_ZONE,WORKERS_PRESENT,LAW_ENFORCEMENT_PRESENT,INVESTIGATOR_RANK,INVESTIGATING_AGENCY_NAME,INVESTIGATING_AGENCY_TYPE,LOAD_DATE,CODEABLE,S4_CRASH_TYPE,S4_CRASH_TYPE_SIMPLIFIED,S4_CRASH_SEVERITY,S4_CRASH_SEVERITY_DETAIL,S4_DAY_OR_NIGHT,S4_IS_AGGRESSIVE_DRIVING,S4_IS_ALCOHOL_RELATED,S4_IS_CMV_INVOLVED,S4_IS_DISTRACTED,S4_IS_DRUG_RELATED,S4_IS_HIT_AND_RUN,S4_IS_INTERSECTION_RELATED,S4_IS_LANE_DEPARTURE_RELATED,S4_IS_SPEEDING_RELATED,S4_NONE_INJURY_COUNT,S4_INJURY_COUNT,S4_POSSIBLE_INJURY_COUNT,S4_NON_INCAPACITATING_INJURY_COUNT,S4_INCAPACITATING_INJURY_COUNT,S4_FATALITY_COUNT,S4_FATALITY_WITHIN_30_DAYS_COUNT,S4_NON_TRAFFIC_FATALITY_COUNT,S4_TRAILER_COUNT,S4_MOTORCYCLE_COUNT,S4_MOPED_COUNT,S4_NON_MOTORIST_COUNT,S4_BICYCLIST_COUNT,S4_PEDESTRIAN_COUNT,S4_DRIVER_COUNT,S4_AGING_DRIVER_COUNT,S4_TEENAGER_DRIVER_COUNT,S4_PASSENGER_COUNT,S4_UNRESTRAINED_COUNT,S4_UNRESTRAINED_INJURY_COUNT,S4_UNRESTRAINED_INCAPACITATING_INJURY_COUNT,S4_UNRESTRAINED_FATALITY_COUNT,S4_MOTORCYCLIST_COUNT,S4_MOTORCYCLIST_INCAPACITATING_INJURY_COUNT,S4_MOTORCYCLIST_FATALITY_COUNT,S4_IS_PEDESTRIAN_INVOLVED,S4_PEDESTRIAN_INCAPACITATING_INJURY_COUNT,S4_PEDESTRIAN_FATALITY_COUNT,S4_IS_BICYCLIST_INVOLVED,S4_BICYCLIST_INCAPACITATING_INJURY_COUNT,S4_BICYCLIST_FATALITY_COUNT,S4_CITATION_COUNT,S4_CITATION_AMOUNT,S4_PROPERTY_DAMAGE_COUNT,S4_PROPERTY_DAMAGE_AMOUNT,S4_VEHICLE_DAMAGE_COUNT,S4_VEHICLE_DAMAGE_AMOUNT,S4_TOTAL_DAMAGE_AMOUNT,S4_TRANSPORT_BY_EMS_COUNT,S4_TRANSPORT_BY_LAW_ENFORCEMENT_COUNT,S4_TRANSPORT_BY_OTHER_COUNT,S4_GEOLOCATION_STATUS,S4_PRELIMINARY_GEOLOCATION_STATUS,S4_X,S4_Y,S4_LATITUDE,S4_LONGITUDE
25334184,2023,4/12/2023 19:30,4/12/2023 21:30,217473,L,4,1,2,38,Duval,Jacksonville,Urban,4/12/2023 19:34,4/12/2023 19:34,4/12/2023 19:50,4/12/2023 20:45,Y,Law Enforcement,MINDANAO DR,1700,30.32136614,-81.52015959,,,,,Parking Lot,Curb,Not at Intersection,N,Daylight,Clear,Dry,N,Rear to Rear,Motor Vehicle in Transport,In Parking Lane or Zone,N,Non-Junction,None,,,Other,,,N,,,,,OFFICER,Jacksonville Sheriff's Office,Sheriff's Office (SO),4/13/2023 15:35,Y,Parked Vehicle,Other,Serious Injury,Incapacitating Injury,NIGHT,N,N,N,N,N,N,N,Y,N,0,1,0,0,1,0,0,0,0,0,0,0,0,0,1,0,0,0,0,0,0,0,0,0,0,N,0,0,N,0,0,0,0,0,0,4,17000,17000,1,0,0,Preliminary,Editor Mapped,449994.2092,3354510.157,30.3213604,-81.52015637
25681212,2023,4/11/2023 8:50,4/11/2023 9:19,213678,L,2,2,2,38,Duval,Jacksonville,Urban,4/11/2023 8:55,4/11/2023 8:56,4/11/2023 8:56,4/11/2023 9:35,Y,Law Enforcement,BELFORT RD,,30.25771196,-81.58100983,306,South,BOWDEN CIR E,,Local,Curb,Not at Intersection,N,Daylight,Rain,Wet,N,Front to Rear,Motor Vehicle in Transport,On Roadway,N,Non-Junction,None,,,None,,,N,,,,,CSO,Jacksonville Sheriff's Office,Sheriff's Office (SO),4/14/2023 15:34,Y,Rear End,Rear End,Serious Injury,Incapacitating Injury,DAY,N,N,N,N,N,N,N,N,N,1,1,0,0,1,0,0,0,0,0,0,0,0,0,2,0,0,0,0,0,0,0,0,0,0,N,0,0,N,0,0,0,0,0,0,2,9500,9500,1,0,0,Preliminary,Editor Mapped,444108.1343,3347484.65,30.25770624,-81.5810066
24730148,2023,4/15/2023 20:17,4/15/2023 20:57,224115,L,2,9,2,38,Duval,Jacksonville,Urban,4/15/2023 20:19,4/15/2023 20:20,4/15/2023 20:24,4/15/2023 22:32,N,Law Enforcement,BROWARD RD,,30.42155507,-81.6892662,468,East,OAKRIDGE ST,,Local,Paved,Not at Intersection,N,Dark - Lighted,Clear,Dry,N,Front to Front,Motor Vehicle in Transport,On Roadway,N,Non-Junction,None,,,None,,,N,,,,,OFFICER,Jacksonville Sheriff's Office,Sheriff's Office (SO),4/22/2023 15:30,Y,Head On,Head On,Serious Injury,Incapacitating Injury,NIGHT,N,N,N,N,N,Y,N,Y,N,3,6,2,3,1,0,0,0,0,0,0,0,0,0,1,0,0,8,9,6,1,0,0,0,0,N,0,0,N,0,0,1,0,0,0,2,20000,20000,6,0,0,Preliminary,Editor Mapped,433804.1636,3365699.554,30.42154932,-81.68926293
25681398,2023,4/5/2023 16:10,4/20/2023 9:54,201907,L,2,2,2,38,Duval,Jacksonville,Urban,4/5/2023 16:17,4/5/2023 16:17,4/5/2023 16:32,4/5/2023 18:44,Y,Law Enforcement,ORTEGA BLVD,,30.25846805,-81.69774844,0,,MOHEGAN ST,,County,Unpaved,Four-Way Intersection,Y,Daylight,Clear,Dry,N,Angle,Motor Vehicle in Transport,On Roadway,N,Intersection,None,,,None,,,N,,,,,DETECTIVE,Jacksonville Sheriff's Office,Sheriff's Office (SO),4/7/2023 14:23,Y,Right Angle,Angle,Serious Injury,Incapacitating Injury,DAY,Y,N,N,N,N,N,Y,N,N,1,1,0,0,1,0,0,0,0,1,0,0,0,0,2,0,0,0,0,0,0,0,1,1,0,N,0,0,N,0,0,0,0,0,0,2,5000,5000,1,0,0,Preliminary,Editor Mapped,432878.3409,3347631.59,30.25846234,-81.69774517
89628086,2023,4/13/2023 14:38,6/4/2023 19:13,FHP23ON0193145,L,1,3,2,38,Duval,Jacksonville,Urban,4/13/2023 15:40,4/13/2023 15:55,4/13/2023 16:21,4/13/2023 18:16,Y,Law Enforcement,STATE ROAD 212 (BEACH BLVD),,30.28687661,-81.52331519,45240536,East,ST JOHNS BLUFF ROAD,,State,Curb,Not at Intersection,Y,Daylight,Cloudy,Dry,N,Angle,Pedestrian,On Roadway,N,Non-Junction,None,,,None,,,N,,,,,TPR,Florida Highway Patrol,Florida Highway Patrol (FHP),4/24/2023 15:28,Y,Pedestrian,Pedestrian,Serious Injury,Incapacitating Injury,DAY,N,N,N,N,N,N,N,N,N,2,1,0,0,1,0,0,0,0,0,0,1,1,0,1,0,0,1,0,0,0,0,0,0,0,N,0,0,Y,1,0,0,0,1,200,1,1500,1700,1,0,0,Verified,n/a,449337.1206,3350686.604,30.28683004,-81.5268066
26099335,2023,11/9/2023 19:04,1/17/2024 13:03,681100,L,2,2,2,38,Duval,Jacksonville,Urban,11/9/2023 19:05,11/9/2023 19:05,11/9/2023 19:06,11/9/2023 22:18,Y,Law Enforcement,COLLINS RD,,30.20360119,-81.78115501,45115616,,WESTPORT RD,,Local,Curb,T-Intersection,N,Dark - Lighted,Clear,Dry,N,Angle,Motor Vehicle in Transport,On Roadway,Y,Intersection,None,,,None,,,N,,,,,DETECTIVE,Jacksonville Sheriff's Office,Sheriff's Office (SO),11/19/2023 19:19,Y,Left Entering,Left Turn,Fatality,Fatal (within 30 days),NIGHT,N,N,N,N,N,N,Y,N,N,1,0,0,0,0,1,1,0,0,1,0,0,0,0,2,0,0,0,0,0,0,0,1,0,1,N,0,0,N,0,0,1,0,0,0,2,10000,10000,1,0,0,Verified,n/a,424815.9704,3341608.847,30.20364315,-81.78111946
89619152,2023,5/18/2023 14:40,5/18/2023 15:11,FHP23ON0259716,L,2,2,2,38,Duval,Jacksonville,Urban,5/18/2023 14:50,5/18/2023 14:51,5/18/2023 15:01,5/18/2023 15:47,Y,Law Enforcement,INTERSTATE 295,,30.18351916,-81.63422173,527,East,SAN JOSE BLVD,,Interstate,Paved,Not at Intersection,N,Daylight,Clear,Dry,N,Front to Rear,Motor Vehicle in Transport,On Roadway,Y,Non-Junction,None,,,None,,,N,,,,,TPR,Florida Highway Patrol,Florida Highway Patrol (FHP),5/29/2023 14:43,Y,Rear End,Rear End,Serious Injury,Incapacitating Injury,DAY,N,N,N,N,N,N,N,N,N,1,1,0,0,1,0,0,0,0,0,0,0,0,0,2,0,0,0,0,0,0,0,0,0,0,N,0,0,N,0,0,1,0,0,0,2,700,700,1,0,0,Preliminary,Editor Mapped,439159.1551,3339197.485,30.18268658,-81.63197142
25681929,2023,4/18/2023 6:25,4/18/2023 6:48,228772,L,2,2,2,38,Duval,Jacksonville,Urban,4/18/2023 6:28,4/18/2023 6:28,4/18/2023 6:34,4/18/2023 7:36,Y,Law Enforcement,I-295 NB OFF-RAMP,,30.32388654,-81.5268253,62,South,ATLANTIC BLVD,,Interstate,Paved,Four-Way Intersection,N,Dark - Lighted,Clear,Dry,N,Front to Rear,Motor Vehicle in Transport,On Roadway,Y,Entrance/Exit Ramp,None,,,None,,,N,,,,,CSO,Jacksonville Sheriff's Office,Sheriff's Office (SO),4/19/2023 15:35,Y,Rear End,Rear End,Serious Injury,Incapacitating Injury,NIGHT,N,N,N,Y,N,N,N,N,N,1,1,0,0,1,0,0,0,0,0,0,0,0,0,2,0,0,0,0,0,0,0,0,0,0,N,0,0,N,0,0,1,0,0,0,2,8000,8000,1,0,0,Preliminary,Editor Mapped,449354.6814,3354792.413,30.3238808,-81.52682209
25398211,2023,5/13/2023 15:15,5/13/2023 0:00,ABPD-2023-82008031,L,1,2,2,30,Duval,Atlantic Beach,Urban,5/13/2023 15:16,5/13/2023 15:17,5/13/2023 15:19,5/13/2023 15:50,Y,Law Enforcement,MAYPORT RD,,30.329108,-81.41781,43,West,W 7TH ST,,Local,Curb,T-Intersection,Y,Daylight,Clear,Dry,N,,Utility Pole/Light Support,Roadside,N,Other,None,,,None,,,N,,,,,OFC.,Atlantic Beach Police Department,Police Department (PD),5/14/2023 15:17,Y,Off Road,Off Road,Serious Injury,Incapacitating Injury,DAY,N,N,N,Y,N,N,N,Y,N,0,2,0,0,2,0,0,0,0,0,0,0,0,0,1,0,0,1,0,0,0,0,0,0,0,N,0,0,N,0,0,0,0,0,0,1,40000,40000,2,0,0,Preliminary,Editor Mapped,459836.916,3355327.421,30.32910236,-81.41780716
89619132,2023,4/6/2023 15:51,4/6/2023 16:19,FHP23ON0179611,L,3,3,2,38,Duval,Jacksonville,Urban,4/6/2023 16:01,4/6/2023 16:03,4/6/2023 16:16,4/6/2023 17:10,Y,Law Enforcement,INTERSTATE 95,,30.19456148,-81.55652155,398,South,SOUTHSIDE BLVD,,Interstate,Paved,Not at Intersection,N,Daylight,Clear,Dry,N,Front to Rear,Motor Vehicle in Transport,On Roadway,Y,Non-Junction,None,,,None,,,N,,,,,TPR,Florida Highway Patrol,Florida Highway Patrol (FHP),4/18/2023 15:36,Y,Rear End,Rear End,Serious Injury,Incapacitating Injury,DAY,N,N,N,Y,N,N,N,N,N,2,1,0,0,1,0,0,0,0,0,0,0,0,0,3,0,0,0,0,0,0,0,0,0,0,N,0,0,N,0,0,1,0,0,0,3,31000,31000,1,0,0,Preliminary,Editor Mapped,446403.9881,3340296.774,30.19294745,-81.55677622
25682859,2023,4/26/2023 15:34,4/26/2023 16:05,248036,L,2,2,2,38,Duval,Jacksonville,Urban,4/26/2023 15:34,4/26/2023 15:35,4/26/2023 15:41,4/26/2023 16:12,Y,Law Enforcement,HART BRIDGE EXPY,,30.30600974,-81.6164055,264,West,ATLANTIC BLVD,,U.S.,Paved,Not at Intersection,N,Daylight,Clear,Dry,N,Angle,Motor Vehicle in Transport,On Roadway,N,Non-Junction,None,,,None,,,N,,,,,CSO,Jacksonville Sheriff's Office,Sheriff's Office (SO),4/28/2023 14:51,Y,Unknown,Unknown,Serious Injury,Incapacitating Injury,DAY,N,N,N,N,N,N,N,Y,N,0,2,0,0,2,0,0,0,0,0,0,0,0,0,2,1,0,0,0,0,0,0,0,0,0,N,0,0,N,0,0,0,0,0,0,2,20000,20000,2,0,0,Preliminary,Editor Mapped,440732.1045,3352854.747,30.30600401,-81.61640226
89644190,2023,4/22/2023 16:35,4/22/2023 17:19,FHP23ON0211065,L,2,3,2,38,Duval,Jacksonville,Urban,4/22/2023 16:37,4/22/2023 16:43,4/22/2023 16:57,4/22/2023 18:01,Y,Law Enforcement,I-295 (BUCKMAN BRG),,30.19056,-81.67456,6401,East,SR 13 (SAN JAOSE BLVD),,Interstate,Paved,Not at Intersection,N,Daylight,Cloudy,Dry,N,Front to Rear,Motor Vehicle in Transport,On Roadway,N,Non-Junction,None,,,None,,,N,,,,,TPR,Florida Highway Patrol,Florida Highway Patrol (FHP),4/28/2023 14:51,Y,Rear End,Rear End,Serious Injury,Incapacitating Injury,DAY,N,N,N,Y,N,N,N,Y,N,0,3,0,2,1,0,0,0,0,0,0,0,0,0,2,0,0,1,0,0,0,0,0,0,0,N,0,0,N,0,0,2,0,0,0,2,16000,16000,1,0,0,Preliminary,Editor Mapped,435074.3605,3340092.792,30.19055431,-81.67445402
25682648,2023,5/12/2023 9:01,5/12/2023 9:18,282794,L,2,5,2,38,Duval,Jacksonville,Urban,5/12/2023 9:01,5/12/2023 9:02,5/12/2023 9:09,5/12/2023 9:45,Y,Law Enforcement,E 21ST ST,,30.35762219,-81.63273577,74,West,BUCKMAN ST,,Local,Curb,Four-Way Intersection,N,Daylight,Clear,Dry,N,Front to Rear,Motor Vehicle in Transport,On Roadway,N,Intersection,None,,,None,,,N,,,,,CSO,Jacksonville Sheriff's Office,Sheriff's Office (SO),5/16/2023 14:59,Y,Rear End,Rear End,Serious Injury,Incapacitating Injury,DAY,N,N,N,N,N,N,Y,N,N,1,4,0,3,1,0,0,0,0,0,0,0,0,0,2,0,0,3,0,0,0,0,0,0,0,N,0,0,N,0,0,2,0,0,0,2,15500,15500,4,0,0,Preliminary,Editor Mapped,439170.0567,3358573.477,30.35753001,-81.63297898
89624047,2023,5/3/2023 7:36,5/3/2023 8:43,FHP23ON0230666,L,5,5,2,38,Duval,Jacksonville,Urban,5/3/2023 7:41,5/3/2023 7:43,5/3/2023 7:53,5/3/2023 10:05,Y,Law Enforcement,INTERSTATE 10 (STATE ROAD 8),,30.31040406,-81.83350325,45126406,East,CHAFFEE RD (351 MILE MARKER),,Interstate,Paved,Not at Intersection,N,Daylight,Clear,Dry,N,Front to Rear,Motor Vehicle in Transport,On Roadway,N,Non-Junction,None,,,None,,,N,,,,,TPR,Florida Highway Patrol,Florida Highway Patrol (FHP),5/10/2023 15:27,Y,Rear End,Rear End,Serious Injury,Incapacitating Injury,DAY,N,N,Y,N,N,N,N,N,N,2,3,1,0,2,0,0,0,3,0,0,0,0,0,5,0,0,0,0,0,0,0,0,0,0,N,0,0,N,0,0,0,0,1,20000,5,21000,41000,2,0,0,Verified,n/a,418682.4889,3353380.677,30.30946849,-81.84574689
89259322,2023,5/9/2023 5:00,5/9/2023 5:19,275276,L,2,2,2,38,Duval,Jacksonville,Urban,5/9/2023 5:04,5/9/2023 5:05,5/9/2023 5:07,5/9/2023 6:00,Y,Law Enforcement,MYRTLE AVE N,,30.34283258,-81.67558135,87,North,GROTHE ST,,Local,Curb,Four-Way Intersection,N,Dark - Lighted,Clear,Dry,N,Front to Rear,Motor Vehicle in Transport,On Roadway,N,Intersection-Related,None,,,None,,,N,,,,,OFFICER,Jacksonville Sheriff's Office,Sheriff's Office (SO),5/11/2023 15:27,Y,Rear End,Rear End,Serious Injury,Incapacitating Injury,NIGHT,N,N,N,N,N,N,Y,N,N,1,1,0,0,1,0,0,0,0,1,0,0,0,0,2,0,0,0,0,0,0,0,1,1,0,N,0,0,N,0,0,2,0,0,0,2,7500,7500,1,0,0,Preliminary,Editor Mapped,435066.9927,3356992.226,30.3430479,-81.67557385
25680073,2023,3/24/2023 14:13,5/2/2023 10:28,175621,L,2,2,2,38,Duval,Jacksonville,Urban,3/24/2023 14:17,3/24/2023 14:18,3/24/2023 14:24,3/24/2023 17:26,Y,Law Enforcement,BARNES ROAD S,6300,30.27023111,-81.59807107,87,West,VICTORIA PARK RD,,Local,Curb,Not at Intersection,Y,Daylight,Clear,Dry,N,Front to Rear,Motor Vehicle in Transport,On Roadway,N,Intersection-Related,None,,,None,,,N,,,,,DETECTIVE,Jacksonville Sheriff's Office,Sheriff's Office (SO),3/25/2023 14:21,Y,Rear End,Rear End,Fatality,Fatal (within 30 days),DAY,Y,N,N,N,N,N,Y,N,Y,1,0,0,0,0,1,1,0,0,1,0,0,0,0,2,0,1,0,0,0,0,0,1,0,1,N,0,0,N,0,0,0,0,0,0,2,22000,22000,1,0,0,Preliminary,Editor Mapped,442480.875,3348877.132,30.27019552,-81.59799765
25898099,2023,8/17/2023 12:32,8/17/2023 0:00,3.72308E+11,L,2,3,10,60,Broward,Margate,Urban,8/17/2023 12:32,8/17/2023 12:32,8/17/2023 12:37,8/17/2023 12:46,Y,Law Enforcement,W ATLANTIC BLVD,,,,0,,NW 76TH AVE,,Local,Curb,Four-Way Intersection,N,Daylight,Clear,Dry,N,Other,Motor Vehicle in Transport,On Roadway,N,Non-Junction,None,,,None,,,N,,,,,,Margate Police Department,Police Department (PD),8/29/2023 14:53,Y,Right Angle,Angle,Serious Injury,Incapacitating Injury,DAY,N,N,N,N,N,N,N,N,N,1,2,0,0,2,0,0,0,0,0,0,0,0,0,2,2,0,1,0,0,0,0,0,0,0,N,0,0,N,0,0,0,0,0,0,2,11000,11000,2,0,0,Preliminary,Editor Mapped,423647.255,3340460.135,30.19320488,-81.79317768
25670970,2023,5/27/2023 20:52,5/27/2023 21:12,316888,L,2,5,2,38,Duval,Jacksonville,Urban,5/27/2023 20:52,5/27/2023 20:52,5/27/2023 20:56,5/27/2023 21:55,Y,Law Enforcement,CASSAT AVE,,30.29195896,-81.73037553,0,,PARK ST,,State,Curb,Four-Way Intersection,N,Dark - Lighted,Clear,Dry,N,Angle,Motor Vehicle in Transport,On Roadway,Y,Intersection,None,,,None,,,N,,,,,OFFICER,Jacksonville Sheriff's Office,Sheriff's Office (SO),5/28/2023 14:39,Y,Left Rear,Left Turn,Serious Injury,Incapacitating Injury,NIGHT,N,N,N,N,N,N,Y,N,N,0,5,4,0,1,0,0,0,0,0,0,0,0,0,2,0,1,3,0,0,0,0,0,0,0,N,0,0,N,0,0,1,0,0,0,2,15000,15000,2,0,0,Preliminary,Editor Mapped,429763.4531,3351362.669,30.29195323,-81.73037225
84663494,2023,12/22/2023 18:53,3/29/2024 9:52,770986,L,1,2,2,38,Duval,Jacksonville,Urban,12/22/2023 18:53,12/22/2023 18:53,12/22/2023 19:02,12/22/2023 21:07,Y,Law Enforcement,KINGS RD,,30.34141343,-81.67708868,45209077,East,BARNETT ST,,U.S.,Curb,Not at Intersection,N,Dark - Lighted,Clear,Dry,N,Other,Pedestrian,On Roadway,N,Non-Junction,None,,,None,,,N,,,,,DETECTIVE,Jacksonville Sheriff's Office,Sheriff's Office (SO),12/28/2023 0:14,Y,Pedestrian,Pedestrian,Serious Injury,Incapacitating Injury,DAY,N,N,N,N,N,N,N,N,N,1,1,0,0,1,0,0,0,0,0,0,1,0,1,1,0,0,0,0,0,0,0,0,0,0,Y,1,0,N,0,0,0,0,0,0,1,500,500,1,0,0,Verified,n/a,434920.6187,3356811.329,30.3414077,-81.67708542
25683284,2023,4/30/2023 14:27,4/30/2023 14:52,256674,L,2,7,2,38,Duval,Jacksonville,Urban,4/30/2023 14:29,4/30/2023 14:29,4/30/2023 14:30,4/30/2023 15:53,Y,Law Enforcement,KEVIN RD,,30.2059945,-81.59534505,0,,SUNBEAM RD,,Local,Paved,Four-Way Intersection,N,Daylight,Clear,Dry,N,Angle,Motor Vehicle in Transport,On Roadway,N,Non-Junction,None,,,None,,,N,,,,,OFFICER,Jacksonville Sheriff's Office,Sheriff's Office (SO),5/1/2023 14:45,Y,Left Leaving,Left Turn,Serious Injury,Incapacitating Injury,DAY,N,N,N,N,N,N,N,N,N,0,7,3,2,2,0,0,0,0,0,0,0,0,0,2,0,1,5,0,0,0,0,0,0,0,N,0,0,N,0,0,2,0,0,0,2,6000,6000,2,0,0,Preliminary,Editor Mapped,442696.5587,3341762.822,30.20600768,-81.59536836
89701253,2023,9/1/2023 6:02,9/1/2023 6:29,FHP23ON0459321,L,1,1,2,38,Duval,Jacksonville,Urban,9/1/2023 6:07,9/1/2023 6:11,9/1/2023 6:21,9/1/2023 10:09,Y,Law Enforcement,INTERSTATE 95 SB,,30.17938,-81.55885,679,North,INTERSTATE 295,,Interstate,Paved,Not at Intersection,N,Dark - Lighted,Rain,Wet,N,Other,Tree (standing),Off Roadway,N,Non-Junction,Road Surface Condition,,,Weather Conditions,,,N,,,,,TPR,Florida Highway Patrol,Florida Highway Patrol (FHP),9/11/2023 17:16,Y,Off Road,Off Road,Serious Injury,Incapacitating Injury,NIGHT,N,N,Y,N,N,N,N,Y,N,0,1,0,0,1,0,0,0,0,0,0,0,0,0,1,1,0,0,0,0,0,0,0,0,0,N,0,0,N,0,0,0,0,0,0,1,20000,20000,1,0,0,Preliminary,Editor Mapped,446164.3218,3338622.677,30.17782993,-81.55918053
25680136,2023,4/27/2023 14:40,4/27/2023 15:21,250363,L,5,6,2,38,Duval,Jacksonville,Urban,4/27/2023 14:45,4/27/2023 14:50,4/27/2023 14:55,4/27/2023 18:12,Y,Law Enforcement,SB US 1 (NEW KINGS RD),9900,30.41689878,-81.75045976,364,North,TROUT RIVER BLVD,,U.S.,Paved,Not at Intersection,N,Daylight,Cloudy,Dry,N,Other,Motor Vehicle in Transport,On Roadway,N,Non-Junction,None,,,None,,,N,,,,,OFFICER,Jacksonville Sheriff's Office,Sheriff's Office (SO),5/2/2023 14:55,Y,Rear End,Rear End,Serious Injury,Incapacitating Injury,DAY,N,N,N,N,N,N,N,N,N,4,2,1,0,1,0,0,0,1,0,0,0,0,0,5,0,0,1,0,0,0,0,0,0,0,N,0,0,N,0,0,1,0,0,0,5,30500,30500,2,0,0,Preliminary,Editor Mapped,427923.6415,3365220.936,30.41689303,-81.75045648
83563921,2023,12/28/2023 19:20,3/22/2024 16:32,782120,L,1,2,2,38,Duval,Jacksonville,Urban,12/28/2023 19:24,12/28/2023 19:26,12/28/2023 19:29,12/28/2023 22:43,Y,Law Enforcement,SOUTEL DR,5000,30.39808388,-81.72538621,45148957,South,ARCHERY AVE,,County,Paved,Not at Intersection,Y,Dark - Lighted,Cloudy,Dry,N,Other,Pedestrian,On Roadway,N,Non-Junction,None,,,None,,,N,,,,,DETECTIVE,Jacksonville Sheriff's Office,Sheriff's Office (SO),12/29/2023 19:23,Y,Pedestrian,Pedestrian,Serious Injury,Incapacitating Injury,NIGHT,N,N,N,N,N,N,N,N,N,1,1,0,0,1,0,0,0,0,0,0,1,0,1,1,0,0,0,0,0,0,0,0,0,0,Y,1,0,N,0,0,0,0,0,0,1,10000,10000,1,0,0,Verified,n/a,430318.4909,3363120.177,30.39807814,-81.72538294
25682888,2023,5/2/2023 5:55,5/2/2023 6:21,259940,L,2,2,2,38,Duval,Jacksonville,Urban,5/2/2023 5:55,5/2/2023 5:55,5/2/2023 6:04,5/2/2023 7:30,Y,Law Enforcement,ROGERO RD,,30.34086977,-81.58919505,0,,S TERRY PARKER DR,,Local,Curb,Four-Way Intersection,N,Dark - Lighted,Clear,Dry,N,Angle,Motor Vehicle in Transport,On Roadway,N,Intersection,None,,,None,,,N,,,,,CSO,Jacksonville Sheriff's Office,Sheriff's Office (SO),5/4/2023 15:31,Y,Right Angle,Angle,Serious Injury,Incapacitating Injury,NIGHT,N,N,N,N,N,N,Y,N,N,0,2,0,1,1,0,0,0,0,0,0,0,0,0,2,0,0,0,0,0,0,0,0,0,0,N,0,0,N,0,0,1,0,0,0,2,20000,20000,2,0,0,Preliminary,Editor Mapped,443368.5284,3356703.921,30.34086404,-81.58919182
89654590,2023,5/22/2023 2:30,5/22/2023 2:52,FHP23ON0266219,L,1,1,2,38,Duval,Jacksonville,Urban,5/22/2023 2:36,5/22/2023 2:38,5/22/2023 2:46,5/22/2023 3:07,Y,Law Enforcement,INTERSTATE 295 NORTHBOUND,,30.20432497,-81.75444056,200,North,COLLINS ROAD,,Interstate,Curb,Not at Intersection,N,Dark - Lighted,Cloudy,Wet,N,Other,Curb,Shoulder,N,Entrance/Exit Ramp,None,,,None,,,N,,,,,TPR,Florida Highway Patrol,Florida Highway Patrol (FHP),5/30/2023 14:46,Y,Off Road,Off Road,Serious Injury,Incapacitating Injury,NIGHT,N,N,N,N,N,N,N,Y,N,0,1,0,0,1,0,0,0,0,1,0,0,0,0,1,0,0,0,0,0,0,0,1,1,0,N,0,0,N,0,0,1,0,0,0,1,2000,2000,1,0,0,Preliminary,Editor Mapped,427291.2526,3341713.942,30.20474215,-81.75541182