REPORT_NUMBER,CRASH_YEAR,CRASH_DATE_AND_TIME,REPORT_DATE_AND_TIME,INVESTIGATING_AGENCY_REPORT_NUMBER,FORM_TYPE,TOTAL_NUMBER_OF_VEHICLES,TOTAL_NUMBER_OF_PERSONS,COUNTY_CODE,CITY_CODE,COUNTY_NAME,CITY_NAME,RURAL_OR_URBAN,NOTIFIED_TIME,DISPATCHED_TIME,ARRIVED_TIME,CLEARED_TIME,COMPLETED_FLAG,NOTIFIED_BY,ON_STREET_ROAD_HIGHWAY,STREET_ADDRESS_NUMBER,LATITUDE,LONGITUDE,FEET_FROM_INTERSECTION,DIRECTION_FROM_INTERSECTION,FROM_INTERSECTION_OF,MILEPOST_NUMBER,ROAD_SYSTEM_IDENTIFER,TYPE_OF_SHOULDER,TYPE_OF_INTERSECTION,PHOTOS_TAKEN,LIGHT_CONDITION,WEATHER_CONDITION,ROAD_SURFACE_CONDITION,SCHOOL_BUS_RELATED_CODE,TYPE_OF_IMPACT,FIRST_HARMFUL_EVENT,LOCATION,INTERCHANGE_FLAG,JUNCTION_FLAG,ROAD_CIRCUMSTANCES_1,ROAD_CIRCUMSTANCES_2,ROAD_CIRCUMSTANCES_3,ENVIRONMENT_CIRCUMSTANCES_1,ENVIRONMENT_CIRCUMSTANCES_2,ENVIRONMENT_CIRCUMSTANCES_3,WORK_ZONE_RELATED_FLAG,CRASH_IN_WORK_ZONE,TYPE_OF_WORK_ZONE,WORKERS_PRESENT,LAW_ENFORCEMENT_PRESENT,INVESTIGATOR_RANK,INVESTIGATING_AGENCY_NAME,INVESTIGATING_AGENCY_TYPE,LOAD_DATE,CODEABLE,S4_CRASH_TYPE,S4_CRASH_TYPE_SIMPLIFIED,S4_CRASH_SEVERITY,S4_CRASH_SEVERITY_DETAIL,S4_DAY_OR_NIGHT,S4_IS_AGGRESSIVE_DRIVING,S4_IS_ALCOHOL_RELATED,S4_IS_CMV_INVOLVED,S4_IS_DISTRACTED,S4_IS_DRUG_RELATED,S4_IS_HIT_AND_RUN,S4_IS_INTERSECTION_RELATED,S4_IS_LANE_DEPARTURE_RELATED,S4_IS_SPEEDING_RELATED,S4_NONE_INJURY_COUNT,S4_INJURY_COUNT,S4_POSSIBLE_INJURY_COUNT,S4_NON_INCAPACITATING_INJURY_COUNT,S4_INCAPACITATING_INJURY_COUNT,S4_FATALITY_COUNT,S4_FATALITY_WITHIN_30_DAYS_COUNT,S4_NON_TRAFFIC_FATALITY_COUNT,S4_TRAILER_COUNT,S4_MOTORCYCLE_COUNT,S4_MOPED_COUNT,S4_NON_MOTORIST_COUNT,S4_BICYCLIST_COUNT,S4_PEDESTRIAN_COUNT,S4_DRIVER_COUNT,S4_AGING_DRIVER_COUNT,S4_TEENAGER_DRIVER_COUNT,S4_PASSENGER_COUNT,S4_UNRESTRAINED_COUNT,S4_UNRESTRAINED_INJURY_COUNT,S4_UNRESTRAINED_INCAPACITATING_INJURY_COUNT,S4_UNRESTRAINED_FATALITY_COUNT,S4_MOTORCYCLIST_COUNT,S4_MOTORCYCLIST_INCAPACITATING_INJURY_COUNT,S4_MOTORCYCLIST_FATALITY_COUNT,S4_IS_PEDESTRIAN_INVOLVED,S4_PEDESTRIAN_INCAPACITATING_INJURY_COUNT,S4_PEDESTRIAN_FATALITY_COUNT,S4_IS_BICYCLIST_INVOLVED,S4_BICYCLIST_INCAPACITATING_INJURY_COUNT,S4_BICYCLIST_FATALITY_COUNT,S4_CITATION_COUNT,S4_CITATION_AMOUNT,S4_PROPERTY_DAMAGE_COUNT,S4_PROPERTY_DAMAGE_AMOUNT,S4_VEHICLE_DAMAGE_COUNT,S4_VEHICLE_DAMAGE_AMOUNT,S4_TOTAL_DAMAGE_AMOUNT,S4_TRANSPORT_BY_EMS_COUNT,S4_TRANSPORT_BY_LAW_ENFORCEMENT_COUNT,S4_TRANSPORT_BY_OTHER_COUNT,S4_GEOLOCATION_STATUS,S4_PRELIMINARY_GEOLOCATION_STATUS,S4_X,S4_Y,S4_LATITUDE,S4_LONGITUDE
83404477,2023,2/24/2023 19:42,5/1/2023 11:28,116148,L,1,1,2,38,Duval,Jacksonville,Urban,2/24/2023 19:43,2/24/2023 19:43,2/24/2023 19:53,2/25/2023 0:31,Y,Law Enforcement,STRATTON RD,,30.26167857,-81.83915353,371,East,GRACY RD,,Local,Unpaved,Not at Intersection,N,Dark - Lighted,Clear,Dry,N,,Ditch,Off Roadway,N,Non-Junction,None,,,None,,,N,,,,,DETECTIVE,Jacksonville Sheriff's Office,Sheriff's Office (SO),2/27/2023 14:14,Y,Off Road,Off Road,Serious Injury,Incapacitating Injury,NIGHT,Y,Y,N,N,N,N,N,Y,Y,0,1,0,0,1,0,0,0,0,0,0,0,0,0,1,0,0,0,0,0,0,0,0,0,0,N,0,0,N,0,0,0,0,0,0,1,20000,20000,1,0,0,Preliminary,Editor Mapped,419278.4709,3348076.375,30.26164639,-81.83914145
89702643,2023,10/8/2023 15:33,10/8/2023 16:31,FHP23ON0529957,L,3,3,2,38,Duval,Jacksonville,Urban,10/8/2023 15:38,10/8/2023 15:42,10/8/2023 15:51,10/8/2023 17:06,Y,Law Enforcement,I-295,,30.18619501,-81.63975694,2249,West,SAN JOSE BLVD,,Interstate,Paved,Not at Intersection,N,Daylight,Cloudy,Dry,N,Other,Motor Vehicle in Transport,On Roadway,N,Non-Junction,None,,,None,,,N,,,,,TPR,Florida Highway Patrol,Florida Highway Patrol (FHP),10/22/2023 19:10,Y,Rear End,Rear End,Serious Injury,Incapacitating Injury,DAY,N,N,N,N,N,N,N,Y,N,2,1,0,0,1,0,0,0,0,1,0,0,0,0,3,1,0,0,0,0,0,0,1,1,0,N,0,0,N,0,0,0,0,0,0,3,11000,11000,1,0,0,Preliminary,Editor Mapped,438413.1431,3339588.158,30.18617437,-81.63974284
89619167,2023,5/31/2023 11:30,5/31/2023 12:09,FHP23ON0284032,L,1,1,2,38,Duval,Jacksonville,Urban,5/31/2023 11:40,5/31/2023 11:48,5/31/2023 11:57,5/31/2023 12:40,Y,Law Enforcement,STATE ROAD 9B,,30.16768255,-81.51164811,872201244,South,E TOWN PARKWAY,,State,Paved,Not at Intersection,N,Daylight,Cloudy,Dry,N,Other,Guardrail Face,Off Roadway,Y,Non-Junction,None,,,None,,,N,,,,,TPR,Florida Highway Patrol,Florida Highway Patrol (FHP),6/11/2023 15:15,Y,Off Road,Off Road,Serious Injury,Incapacitating Injury,DAY,N,N,N,N,N,N,N,Y,N,0,1,0,0,1,0,0,0,0,0,0,0,0,0,1,0,0,0,1,1,1,0,0,0,0,N,0,0,N,0,0,2,0,1,5000,1,15000,20000,1,0,0,Verified,n/a,450736.789,3337472.003,30.16764007,-81.51163523
89713632,2023,9/11/2023 13:05,9/11/2023 13:38,FHP23ON0478037,L,2,2,2,38,Duval,Jacksonville,Urban,9/11/2023 13:05,9/11/2023 13:13,9/11/2023 13:32,9/11/2023 14:42,Y,Law Enforcement,INTERSTATE 295 SB,,30.41227,-81.74749,4202,North,OLD KINGS ROAD,,Interstate,Paved,Not at Intersection,N,Daylight,Clear,Dry,N,Front to Rear,Motor Vehicle in Transport,On Roadway,N,Non-Junction,None,,,None,,,N,,,,,TPR,Florida Highway Patrol,Florida Highway Patrol (FHP),9/20/2023 19:54,Y,Rear End,Rear End,Serious Injury,Incapacitating Injury,DAY,N,N,N,N,N,N,N,N,N,1,1,0,0,1,0,0,0,0,1,0,0,0,0,2,0,0,0,0,0,0,0,1,1,0,N,0,0,N,0,0,2,0,0,0,2,12000,12000,1,0,0,Preliminary,Editor Mapped,427060.5806,3362001.402,30.38779039,-81.75921719
25677222,2023,4/20/2023 23:31,5/18/2023 10:18,235739,L,1,2,2,38,Duval,Jacksonville,Urban,4/20/2023 23:31,4/20/2023 23:32,4/20/2023 23:35,4/21/2023 1:52,Y,Law Enforcement,KERNAN BLVD S,,30.31753989,-81.48920524,614,South,STATE ROAD 10 (ATLANTIC BOULEVARD),,Local,Curb,Not at Intersection,N,Dark - Lighted,Clear,Dry,N,,Pedestrian,On Roadway,N,Non-Junction,None,,,None,,,N,,,,,DETECTIVE,Jacksonville Sheriff's Office,Sheriff's Office (SO),4/21/2023 18:32,Y,Pedestrian,Pedestrian,Fatality,Fatal (within 30 days),NIGHT,N,N,N,N,N,N,N,N,N,1,0,0,0,0,1,1,0,0,0,0,1,0,1,1,1,0,0,0,0,0,0,0,0,0,Y,0,1,N,0,0,0,0,0,0,1,3000,3000,1,0,0,Preliminary,Editor Mapped,452968.2468,3354072.916,30.31753415,-81.48920204
24728736,2023,1/28/2023 1:08,5/11/2023 7:46,56795,L,2,2,2,38,Duval,Jacksonville,Urban,1/28/2023 1:10,1/28/2023 1:11,1/28/2023 1:15,1/28/2023 6:40,Y,Law Enforcement,LANE AVE S,,30.27186778,-81.75613105,240,South,MISTY VIEW DR,,State,Paved,Not at Intersection,Y,Dark - Lighted,Clear,Dry,N,Angle,Motor Vehicle in Transport,On Roadway,N,Non-Junction,None,,,None,,,N,,,,,DETECTIVE,Jacksonville Sheriff's Office,Sheriff's Office (SO),2/3/2023 14:53,Y,Unknown,Unknown,Fatality,Fatal (within 30 days),NIGHT,N,Y,N,N,Y,N,N,Y,N,0,1,1,0,0,1,1,0,0,0,0,0,0,0,2,0,0,0,1,0,0,1,0,0,0,N,0,0,N,0,0,0,0,0,0,2,20000,20000,1,0,0,Verified,n/a,427271.7759,3349152.421,30.27186206,-81.75612777
25514715,2023,5/7/2023 1:50,5/8/2023 0:00,80230493,L,2,2,2,44,Duval,Neptune Beach,Urban,5/7/2023 1:53,5/7/2023 1:53,5/7/2023 1:54,5/7/2023 6:00,Y,Law Enforcement,S.R. 10 / ATLANTIC BLVD,,30.324404,-81.408155,297,East,PENMAN RD,,State,Curb,Not at Intersection,N,Dark - Lighted,Clear,Dry,N,Front to Rear,Motor Vehicle in Transport,On Roadway,N,Non-Junction,None,,,None,,,N,,,,,PATROLMAN,Neptune Beach Police Department,Police Department (PD),5/8/2023 15:20,Y,Rear End,Rear End,Serious Injury,Incapacitating Injury,NIGHT,Y,Y,N,Y,N,N,N,N,N,1,1,0,0,1,0,0,0,0,0,0,0,0,0,2,0,0,0,0,0,0,0,0,0,0,N,0,0,N,0,0,3,0,0,0,2,15000,15000,1,0,0,Preliminary,Editor Mapped,460763.1968,3354802.736,30.32439806,-81.40815185
26098022,2023,9/24/2023 18:10,9/27/2023 15:02,580430,L,2,4,2,38,Duval,Jacksonville,Urban,9/24/2023 18:10,9/24/2023 18:10,9/24/2023 18:15,9/24/2023 18:43,Y,Law Enforcement,N MAIN ST,,30.45564466,-81.63641413,0,,MAIN ST/US-17/SR-5/S I-295/I-295 EAS,,U.S.,Unpaved,T-Intersection,N,Daylight,Clear,Dry,N,Front to Front,Motor Vehicle in Transport,On Roadway,N,Intersection-Related,None,,,None,,,N,,,,,OFFICER,Jacksonville Sheriff's Office,Sheriff's Office (SO),9/25/2023 19:20,Y,Head On,Head On,Serious Injury,Incapacitating Injury,DAY,N,N,N,Y,N,N,Y,N,N,0,4,1,1,2,0,0,0,0,0,0,0,0,0,2,0,0,2,0,0,0,0,0,0,0,N,0,0,N,0,0,1,0,0,0,2,55000,55000,4,0,0,Preliminary,Editor Mapped,438900.7553,3369454.267,30.45569914,-81.63641763
25320233,2023,5/6/2023 22:10,5/6/2023 22:38,270610,L,2,4,2,38,Duval,Jacksonville,Urban,5/6/2023 22:12,5/6/2023 22:14,5/6/2023 22:17,5/6/2023 23:28,Y,Law Enforcement,FINCH AVE,,30.4002038,-81.74067239,0,,NEW KINGS RD,,U.S.,Paved,Four-Way Intersection,N,Dark - Lighted,Clear,Dry,N,Rear to Rear,Motor Vehicle in Transport,On Roadway,N,Intersection-Related,None,,,None,,,N,,,,,OFFICER,Jacksonville Sheriff's Office,Sheriff's Office (SO),5/8/2023 15:20,Y,Right Angle,Angle,Serious Injury,Incapacitating Injury,NIGHT,N,N,N,N,N,N,Y,N,N,0,4,2,1,1,0,0,0,0,0,0,0,0,0,2,0,0,2,0,0,0,0,0,0,0,N,0,0,N,0,0,0,0,0,0,2,20000,20000,2,0,0,Preliminary,Editor Mapped,428852.9378,3363361.528,30.40017031,-81.74065469
25075648,2023,3/11/2023 6:33,11/16/2023 11:00,FHP23ON0128242,L,1,2,2,38,Duval,Jacksonville,Urban,3/11/2023 6:38,3/11/2023 6:44,3/11/2023 7:18,3/11/2023 11:30,Y,Law Enforcement,I-10,,30.28672025,-82.01851338,3754,West,US-301,,Interstate,Paved,Not at Intersection,Y,Dawn,Cloudy,Wet,N,Other,Traffic Sign Support,Off Roadway,N,Non-Junction,Road Surface Condition,,,None,,,N,,,,,CPL,Florida Highway Patrol,Florida Highway Patrol (FHP),3/17/2023 14:24,Y,Off Road,Off Road,Fatality,Fatal (within 30 days),NIGHT,N,N,N,N,N,N,N,Y,N,0,1,0,1,0,1,1,0,0,0,0,0,0,0,1,0,1,1,0,0,0,0,0,0,0,N,0,0,N,0,0,3,0,0,0,1,8300,8300,1,0,1,Verified,n/a,403675.8574,3351102.425,30.2878104,-82.0015967
25133664,2023,6/3/2023 0:19,6/3/2023 1:00,330462,L,2,2,2,38,Duval,Jacksonville,Urban,6/3/2023 0:20,6/3/2023 0:20,6/3/2023 0:25,6/3/2023 4:04,N,Law Enforcement,ASHCROFT LANDING DR,388,30.32581382,-81.46307407,0,,13300 JOEANDY RD N,,Local,Unpaved,T-Intersection,N,Dark - Lighted,Clear,Dry,N,Other,Motor Vehicle in Transport,On Roadway,Y,Intersection,None,,,None,,,N,,,,,OFFICER,Jacksonville Sheriff's Office,Sheriff's Office (SO),6/9/2023 14:58,Y,Other,Other,Serious Injury,Incapacitating Injury,NIGHT,N,N,N,N,N,Y,Y,N,N,1,1,0,0,1,0,0,0,0,1,0,0,0,0,2,0,0,0,0,0,0,0,1,1,0,N,0,0,N,0,0,0,0,0,0,2,6001,6001,1,0,0,Preliminary,Editor Mapped,455486.2113,3354978.968,30.32580557,-81.46305055
25687850,2023,8/17/2023 6:29,8/17/2023 7:04,495456,L,2,2,2,38,Duval,Jacksonville,Urban,8/17/2023 6:29,8/17/2023 6:29,8/17/2023 6:35,8/17/2023 7:33,Y,Law Enforcement,ST,103RD,30.24774695,-81.81235012,363,West,SADDLE CREEK APARTMENTS,,State,Paved,Not at Intersection,N,Dawn,Clear,Dry,N,Front to Rear,Motor Vehicle in Transport,On Roadway,N,Non-Junction,None,,,None,,,N,,,,,OFFICER,Jacksonville Sheriff's Office,Sheriff's Office (SO),8/18/2023 14:52,Y,Rear End,Rear End,Serious Injury,Incapacitating Injury,NIGHT,N,N,N,N,N,N,N,N,N,1,1,0,0,1,0,0,0,0,1,0,0,0,0,2,0,0,0,0,0,0,0,1,1,0,N,0,0,N,0,0,4,0,0,0,2,4000,4000,1,0,0,Preliminary,Editor Mapped,421957.0709,3346514.604,30.24772942,-81.8111826
25674626,2023,5/25/2023 18:38,5/25/2023 19:53,312793,L,2,2,2,38,Duval,Jacksonville,Urban,5/25/2023 18:40,5/25/2023 18:42,5/25/2023 18:58,5/25/2023 19:56,Y,Law Enforcement,BEAVER ST W (US 90),10200,30.31660088,-81.82754569,0,,00 EDNALEE AVE N,,U.S.,Unpaved,T-Intersection,N,Daylight,Cloudy,Dry,N,Front to Front,Motor Vehicle in Transport,On Roadway,Y,Intersection,None,,,None,,,N,,,,,OFFICER,Jacksonville Sheriff's Office,Sheriff's Office (SO),5/27/2023 14:49,Y,Left Entering,Left Turn,Serious Injury,Incapacitating Injury,DAY,N,Y,N,N,Y,N,Y,N,N,0,2,1,0,1,0,0,0,0,0,0,0,0,0,2,0,0,0,0,0,0,0,0,0,0,N,0,0,N,0,0,4,0,0,0,2,10000,10000,1,0,0,Preliminary,Editor Mapped,420433.1285,3354158.329,30.31660184,-81.82759985
25674627,2023,5/26/2023 1:10,5/26/2023 2:08,313379,L,2,2,2,38,Duval,Jacksonville,Urban,5/26/2023 1:11,5/26/2023 1:13,5/26/2023 1:28,5/26/2023 3:23,Y,Law Enforcement,CHAFFEE RD N,,30.31800519,-81.84854234,0,,FLAMINGO AVE,,Local,Unpaved,T-Intersection,N,Dark - Not Lighted,Cloudy,Wet,N,Front to Front,Motor Vehicle in Transport,On Roadway,Y,Intersection,None,,,None,,,N,,,,,OFFICER,Jacksonville Sheriff's Office,Sheriff's Office (SO),5/27/2023 14:49,Y,Head On,Head On,Serious Injury,Incapacitating Injury,NIGHT,N,Y,N,N,Y,Y,Y,N,N,1,1,0,0,1,0,0,0,0,1,0,0,0,0,2,0,0,0,0,0,0,0,1,1,0,N,0,0,N,0,0,3,0,0,0,2,10000,10000,1,0,0,Preliminary,Editor Mapped,418421.086,3354328.078,30.31799947,-81.84853903
25673504,2023,1/12/2023 14:20,4/11/2023 6:41,24260,L,1,3,2,38,Duval,Jacksonville,Urban,1/12/2023 14:22,1/12/2023 14:25,1/12/2023 14:39,1/12/2023 16:08,Y,Law Enforcement,YELLOW BLUFF RD,,30.50864474,-81.58290096,59,North,MARSHLAND DR,,Local,Unpaved,Not at Intersection,Y,Daylight,Clear,Dry,N,,Overturn/Rollover,Off Roadway,N,Non-Junction,None,,,None,,,N,,,,,DETECTIVE,Jacksonville Sheriff's Office,Sheriff's Office (SO),1/14/2023 14:50,Y,Rollover,Rollover,Fatality,Fatal (within 30 days),DAY,N,N,N,N,N,N,N,Y,N,0,2,0,0,2,1,1,0,0,0,0,0,0,0,1,0,0,2,3,2,2,1,0,0,0,N,0,0,N,0,0,1,0,0,0,1,5500,5500,2,0,0,Verified,n/a,444058.5686,3375312.927,30.50881561,-81.58301061
25061180,2023,2/28/2023 3:17,5/16/2023 20:37,FHP23ON0106101,L,2,2,2,38,Duval,Jacksonville,Urban,2/28/2023 3:27,2/28/2023 3:28,2/28/2023 3:33,2/28/2023 10:05,Y,Law Enforcement,INTERSTATE 295,,30.18971165,-81.6580069,8233,West,SAN JOSE BLVD,,Interstate,Paved,Not at Intersection,Y,Dark - Lighted,Clear,Dry,N,Front to Rear,Motor Vehicle in Transport,On Roadway,N,Non-Junction,None,,,None,,,N,,,,,TPR,Florida Highway Patrol,Florida Highway Patrol (FHP),3/7/2023 15:28,Y,Rear End,Rear End,Fatality,Fatal (within 30 days),NIGHT,N,Y,N,N,Y,N,N,Y,N,0,1,1,0,0,1,1,0,0,0,0,0,0,0,2,0,0,0,0,0,0,0,0,0,0,N,0,0,N,0,0,1,0,0,0,2,35000,35000,0,0,1,Verified,n/a,436656.8295,3339995.074,30.18975603,-81.65801023
89619151,2023,5/18/2023 7:10,5/18/2023 7:37,FHP23ON0258914,L,2,2,2,38,Duval,Jacksonville,Urban,5/18/2023 7:20,5/18/2023 7:22,5/18/2023 7:29,5/18/2023 8:47,Y,Law Enforcement,STATE ROAD 202 (J TURNER BUTLER BLVD),,30.24939706,-81.59158531,364,East,INTERSTATE 95,,State,Curb,T-Intersection,N,Daylight,Clear,Dry,N,Angle,Motor Vehicle in Transport,On Roadway,Y,Intersection,None,,,None,,,N,,,,,TPR,Florida Highway Patrol,Florida Highway Patrol (FHP),5/29/2023 14:43,Y,Left Entering,Left Turn,Serious Injury,Incapacitating Injury,DAY,N,N,N,N,N,N,Y,N,N,0,2,1,0,1,0,0,0,0,0,0,0,0,0,2,0,0,0,0,0,0,0,0,0,0,N,0,0,N,0,0,1,0,0,0,2,30000,30000,1,0,0,Preliminary,Editor Mapped,443074.5643,3346527.633,30.24902222,-81.59169852
89641948,2023,5/25/2023 20:44,5/25/2023 22:16,FHP23ON0274055,L,4,4,2,38,Duval,Jacksonville,Urban,5/25/2023 20:49,5/25/2023 21:06,5/25/2023 21:36,5/25/2023 22:47,Y,Law Enforcement,I-295,,30.20827611,-81.51402559,1291,North,BAYMEADOWS ROAD,,Interstate,Paved,Not at Intersection,N,Dark - Lighted,Cloudy,Dry,N,Front to Rear,Motor Vehicle in Transport,On Roadway,N,Non-Junction,None,,,None,,,N,,,,,TPR,Florida Highway Patrol,Florida Highway Patrol (FHP),6/4/2023 14:40,Y,Rear End,Rear End,Serious Injury,Incapacitating Injury,NIGHT,Y,N,N,N,N,N,N,Y,N,2,2,0,1,1,0,0,0,0,2,0,0,0,0,4,0,0,0,0,0,0,0,2,1,0,N,0,0,N,0,0,3,0,0,0,4,5200,5200,2,0,0,Preliminary,Editor Mapped,450519.4605,3342600.295,30.21390887,-81.51413262
24928069,2023,10/11/2023 12:40,11/16/2023 10:30,FHP23ON0534833,L,1,1,2,38,Duval,Jacksonville,Urban,10/11/2023 12:47,10/11/2023 12:52,10/11/2023 13:07,10/11/2023 16:23,Y,Law Enforcement,I-295,,30.23094038,-81.51379794,17617018,South,GATE PARKWAY,,Interstate,Paved,Not at Intersection,Y,Daylight,Clear,Dry,N,Other,Utility Pole/Light Support,On Roadway,N,Entrance/Exit Ramp,None,,,None,,,N,,,,,CPL,Florida Highway Patrol,Florida Highway Patrol (FHP),10/14/2023 19:18,Y,Off Road,Off Road,Fatality,Fatal (within 30 days),DAY,N,N,N,N,Y,N,N,Y,N,0,0,0,0,0,1,1,0,0,0,0,0,0,0,1,0,0,0,1,0,0,1,0,0,0,N,0,0,N,0,0,0,0,0,0,1,15000,15000,0,0,1,Verified,n/a,450559.8148,3344376.202,30.2299362,-81.51379662
25322897,2023,1/28/2023 3:53,3/20/2023 11:45,56906,L,1,2,2,38,Duval,Jacksonville,Urban,1/28/2023 3:57,1/28/2023 4:04,1/28/2023 4:05,1/28/2023 6:30,Y,Law Enforcement,STAPLES MILL DR,,30.19432959,-81.80245977,547,North,IRONGATE DR,,Local,Unpaved,Not at Intersection,Y,Dark - Not Lighted,Clear,Dry,N,,Pedestrian,On Roadway,N,Non-Junction,None,,,None,,,N,,,,,DETECTIVE,Jacksonville Sheriff's Office,Sheriff's Office (SO),1/29/2023 14:44,Y,Pedestrian,Pedestrian,Fatality,Fatal (within 30 days),NIGHT,N,N,N,N,N,N,N,N,N,1,0,0,0,0,1,1,0,0,0,0,1,0,1,1,0,0,0,0,0,0,0,0,0,0,Y,0,1,N,0,0,0,0,0,0,1,3000,3000,0,0,0,Verified,n/a,422754.9049,3340590.395,30.19432389,-81.80245648
89611188,2023,4/11/2023 22:40,4/11/2023 23:43,FHP23ON0190026,L,2,4,2,38,Duval,Jacksonville,Urban,4/11/2023 22:45,4/11/2023 22:46,4/11/2023 23:05,4/12/2023 0:44,Y,Law Enforcement,INTERSTATE 10 WB,,30.3207,-81.72008,45138952,West,LUNA STREET,,Interstate,Paved,Not at Intersection,N,Dark - Lighted,Clear,Dry,N,"Sideswipe, Same Direction",Motor Vehicle in Transport,On Roadway,N,Non-Junction,None,,,None,,,Y,Activity Area,Work on Shoulder or Median,Y,N,TPR,Florida Highway Patrol,Florida Highway Patrol (FHP),4/23/2023 15:23,Y,Same Direction Sideswipe,Sideswipe,Serious Injury,Incapacitating Injury,NIGHT,N,N,N,N,N,N,N,Y,N,0,4,2,0,2,0,0,0,0,0,0,0,0,0,2,0,1,2,0,0,0,0,0,0,0,N,0,0,N,0,0,1,0,1,5500,2,7000,12500,2,0,0,Verified,n/a,430990.5982,3354554.892,30.32082877,-81.71782218
89611195,2023,4/24/2023 15:42,4/24/2023 16:13,FHP23ON0214505,L,1,1,2,38,Duval,Jacksonville,Urban,4/24/2023 15:47,4/24/2023 15:49,4/24/2023 15:59,4/24/2023 17:25,Y,Law Enforcement,STATE ROAD 9B NB,,30.12066,-81.51729,305080360,South,INTERSTATE 95,,State,Paved,Not at Intersection,N,Daylight,Cloudy,Dry,N,Other,Overturn/Rollover,Off Roadway,Y,Entrance/Exit Ramp,None,,,None,,,N,,,,,TPR,Florida Highway Patrol,Florida Highway Patrol (FHP),5/8/2023 15:20,Y,Rollover,Rollover,Serious Injury,Incapacitating Injury,DAY,N,N,N,N,N,N,N,Y,N,0,1,0,0,1,0,0,0,0,0,0,0,0,0,1,1,0,0,0,0,0,0,0,0,0,N,0,0,N,0,0,1,0,1,350,1,40000,40350,1,0,0,Verified,n/a,449902.875,3332298.544,30.12092052,-81.52005085
89611200,2023,4/30/2023 18:59,4/30/2023 20:13,FHP23ON0226283,L,1,2,2,40,Duval,Jacksonville Beach,Urban,4/30/2023 19:04,4/30/2023 19:10,4/30/2023 19:28,4/30/2023 21:36,Y,Law Enforcement,BEACH BOULEVARD WB,,30.28789,-81.44715,45254445,West,ALDRIDGE MALL,,State,Curb,T-Intersection,N,Dusk,Clear,Dry,N,Other,Pedalcycle,On Roadway,N,Intersection-Related,None,,,None,,,N,,,,,TPR,Florida Highway Patrol,Florida Highway Patrol (FHP),5/12/2023 15:27,Y,Bicycle,Bicycle,Serious Injury,Incapacitating Injury,DAY,N,N,N,N,N,N,Y,N,N,0,2,1,0,1,0,0,0,0,0,0,1,1,0,1,0,1,0,0,0,0,0,0,0,0,N,0,0,Y,1,0,1,0,1,200,1,1500,1700,1,0,0,Verified,n/a,457125.0689,3350770.276,30.28788593,-81.44583102
25382503,2023,6/2/2023 9:00,6/2/2023 0:00,230002058,L,3,3,2,40,Duval,Jacksonville Beach,Urban,6/2/2023 9:03,6/2/2023 9:04,6/2/2023 9:08,6/2/2023 10:00,Y,Law Enforcement,3RD ST S,,30.252991,-81.38843,0,,MARSH LANDING PKWY,,State,Curb,Four-Way Intersection,N,Daylight,Clear,Dry,N,Angle,Motor Vehicle in Transport,On Roadway,Y,Intersection,None,,,None,,,N,,,,,PATROL OFFICER,Jacksonville Beach Police Department,Police Department (PD),6/5/2023 14:42,Y,Left Rear,Left Turn,Serious Injury,Incapacitating Injury,DAY,N,N,N,N,N,N,Y,N,N,2,1,0,0,1,0,0,0,0,0,0,0,0,0,3,1,0,0,0,0,0,0,0,0,0,N,0,0,N,0,0,1,0,0,0,3,22000,22000,1,0,0,Preliminary,Editor Mapped,462632.332,3346882.521,30.25298522,-81.38842729
25333917,2023,6/5/2023 20:35,6/5/2023 21:09,336411,L,2,4,2,38,Duval,Jacksonville,Urban,6/5/2023 20:37,6/5/2023 20:46,6/5/2023 20:52,6/5/2023 23:02,Y,Law Enforcement,SR-212 (BEACH BLVD),,30.28671854,-81.53973723,221,West,ANNISTON RD,,State,Curb,Not at Intersection,N,Dark - Lighted,Clear,Dry,N,Front to Rear,Motor Vehicle in Transport,On Roadway,N,Non-Junction,None,,,None,,,N,,,,,OFFICER,Jacksonville Sheriff's Office,Sheriff's Office (SO),6/7/2023 14:55,Y,Rear End,Rear End,Serious Injury,Incapacitating Injury,NIGHT,N,N,N,N,Y,N,N,N,N,1,3,0,0,3,0,0,0,0,0,0,0,0,0,2,0,0,2,1,1,1,0,0,0,0,N,0,0,N,0,0,0,0,0,0,2,6000,6000,3,0,0,Preliminary,Editor Mapped,448093.8141,3350679.45,30.28671282,-81.53973401
25686548,2023,6/22/2023 12:30,6/22/2023 12:44,373096,L,2,2,2,38,Duval,Jacksonville,Urban,6/22/2023 12:38,6/22/2023 12:38,6/22/2023 12:38,6/22/2023 13:24,Y,Law Enforcement,I-295 NB OFF-RAMP,,30.34135979,-81.54052243,43,South,MONUMENT RD,,Other,Paved,Y-Intersection,N,Daylight,Clear,Dry,N,Front to Rear,Motor Vehicle in Transport,On Roadway,N,Entrance/Exit Ramp,None,,,None,,,N,,,,,CSO,Jacksonville Sheriff's Office,Sheriff's Office (SO),6/27/2023 15:33,Y,Rear End,Rear End,Serious Injury,Incapacitating Injury,DAY,N,N,N,N,N,N,N,N,N,1,1,0,0,1,0,0,0,0,0,0,0,0,0,2,0,0,0,0,0,0,0,0,0,0,N,0,0,N,0,0,1,0,0,0,2,3000,3000,1,0,0,Preliminary,Editor Mapped,448047.1336,3356734.924,30.34135405,-81.54051921