REPORT_NUMBER,CRASH_YEAR,CRASH_DATE_AND_TIME,REPORT_DATE_AND_TIME,INVESTIGATING_AGENCY_REPORT_NUMBER,FORM_TYPE,TOTAL_NUMBER_OF_VEHICLES,TOTAL_NUMBER_OF_PERSONS,COUNTY_CODE,CITY_CODE,COUNTY_NAME,CITY_NAME,RURAL_OR_URBAN,NOTIFIED_TIME,DISPATCHED_TIME,ARRIVED_TIME,CLEARED_TIME,COMPLETED_FLAG,NOTIFIED_BY,ON_STREET_ROAD_HIGHWAY,STREET_ADDRESS_NUMBER,LATITUDE,LONGITUDE,FEET_FROM_INTERSECTION,DIRECTION_FROM_INTERSECTION,FROM_INTERSECTION_OF,MILEPOST_NUMBER,ROAD_SYSTEM_IDENTIFER,TYPE_OF_SHOULDER,TYPE_OF_INTERSECTION,PHOTOS_TAKEN,LIGHT_CONDITION,WEATHER_CONDITION,ROAD_SURFACE_CONDITION,SCHOOL_BUS_RELATED_CODE,TYPE_OF_IMPACT,FIRST_HARMFUL_EVENT,LOCATION,INTERCHANGE_FLAG,JUNCTION_FLAG,ROAD_CIRCUMSTANCES_1,ROAD_CIRCUMSTANCES_2,ROAD_CIRCUMSTANCES_3,ENVIRONMENT_CIRCUMSTANCES_1,ENVIRONMENT_CIRCUMSTANCES_2,ENVIRONMENT_CIRCUMSTANCES_3,WORK_ZONE_RELATED_FLAG,CRASH_IN_WORK_ZONE,TYPE_OF_WORK_ZONE,WORKERS_PRESENT,LAW_ENFORCEMENT_PRESENT,INVESTIGATOR_RANK,INVESTIGATING_AGENCY_NAME,INVESTIGATING_AGENCY_TYPE,LOAD_DATE,CODEABLE,S4_CRASH_TYPE,S4_CRASH_TYPE_SIMPLIFIED,S4_CRASH_SEVERITY,S4_CRASH_SEVERITY_DETAIL,S4_DAY_OR_NIGHT,S4_IS_AGGRESSIVE_DRIVING,S4_IS_ALCOHOL_RELATED,S4_IS_CMV_INVOLVED,S4_IS_DISTRACTED,S4_IS_DRUG_RELATED,S4_IS_HIT_AND_RUN,S4_IS_INTERSECTION_RELATED,S4_IS_LANE_DEPARTURE_RELATED,S4_IS_SPEEDING_RELATED,S4_NONE_INJURY_COUNT,S4_INJURY_COUNT,S4_POSSIBLE_INJURY_COUNT,S4_NON_INCAPACITATING_INJURY_COUNT,S4_INCAPACITATING_INJURY_COUNT,S4_FATALITY_COUNT,S4_FATALITY_WITHIN_30_DAYS_COUNT,S4_NON_TRAFFIC_FATALITY_COUNT,S4_TRAILER_COUNT,S4_MOTORCYCLE_COUNT,S4_MOPED_COUNT,S4_NON_MOTORIST_COUNT,S4_BICYCLIST_COUNT,S4_PEDESTRIAN_COUNT,S4_DRIVER_COUNT,S4_AGING_DRIVER_COUNT,S4_TEENAGER_DRIVER_COUNT,S4_PASSENGER_COUNT,S4_UNRESTRAINED_COUNT,S4_UNRESTRAINED_INJURY_COUNT,S4_UNRESTRAINED_INCAPACITATING_INJURY_COUNT,S4_UNRESTRAINED_FATALITY_COUNT,S4_MOTORCYCLIST_COUNT,S4_MOTORCYCLIST_INCAPACITATING_INJURY_COUNT,S4_MOTORCYCLIST_FATALITY_COUNT,S4_IS_PEDESTRIAN_INVOLVED,S4_PEDESTRIAN_INCAPACITATING_INJURY_COUNT,S4_PEDESTRIAN_FATALITY_COUNT,S4_IS_BICYCLIST_INVOLVED,S4_BICYCLIST_INCAPACITATING_INJURY_COUNT,S4_BICYCLIST_FATALITY_COUNT,S4_CITATION_COUNT,S4_CITATION_AMOUNT,S4_PROPERTY_DAMAGE_COUNT,S4_PROPERTY_DAMAGE_AMOUNT,S4_VEHICLE_DAMAGE_COUNT,S4_VEHICLE_DAMAGE_AMOUNT,S4_TOTAL_DAMAGE_AMOUNT,S4_TRANSPORT_BY_EMS_COUNT,S4_TRANSPORT_BY_LAW_ENFORCEMENT_COUNT,S4_TRANSPORT_BY_OTHER_COUNT,S4_GEOLOCATION_STATUS,S4_PRELIMINARY_GEOLOCATION_STATUS,S4_X,S4_Y,S4_LATITUDE,S4_LONGITUDE
25138287,2023,9/9/2023 22:43,3/28/2024 14:22,548273,L,1,1,2,38,Duval,Jacksonville,Urban,9/9/2023 22:44,9/9/2023 22:45,9/9/2023 22:50,9/10/2023 1:34,Y,Law Enforcement,KINGS RD,,30.33581209,-81.66705097,0,West,N DAVIS ST,,U.S.,Paved,Four-Way Intersection,Y,Dark - Lighted,Cloudy,Dry,N,Other,Pedestrian,On Roadway,Y,Intersection,None,,,None,,,N,,,,,DETECTIVE,Jacksonville Sheriff's Office,Sheriff's Office (SO),9/11/2023 17:16,Y,Pedestrian,Pedestrian,Fatality,Fatal (within 30 days),NIGHT,N,N,N,N,N,Y,Y,N,N,0,0,0,0,0,1,1,0,0,0,0,1,0,1,0,0,0,0,0,0,0,0,0,0,0,Y,0,1,N,0,0,0,0,0,0,1,500,500,1,0,0,Preliminary,Editor Mapped,435882.3663,3356183.921,30.33579769,-81.66704159
89631704,2023,7/12/2023 21:10,8/25/2023 12:30,FHP23ON0363597,L,1,1,2,38,Duval,Jacksonville,Urban,7/12/2023 21:19,7/12/2023 21:23,7/12/2023 21:52,7/13/2023 0:42,Y,Law Enforcement,INTERSTATE 295,,30.43333,-81.58005,3587,West,ALTA DR,,Interstate,Paved,Not at Intersection,Y,Dark - Lighted,Clear,Dry,N,Other,Overturn/Rollover,Shoulder,N,Non-Junction,None,,,None,,,N,,,,,CPL,Florida Highway Patrol,Florida Highway Patrol (FHP),7/22/2023 14:48,Y,Rollover,Rollover,Fatality,Fatal (within 30 days),NIGHT,N,Y,N,N,N,N,N,Y,N,0,0,0,0,0,1,1,0,0,0,0,0,0,0,1,0,0,0,1,0,0,1,0,0,0,N,0,0,N,0,0,0,0,0,0,1,20000,20000,1,0,0,Verified,n/a,443519.2006,3367670.678,30.43983067,-81.58821687
89619160,2023,5/23/2023 13:32,5/23/2023 13:53,FHP23ON0269011,L,1,1,2,38,Duval,Jacksonville,Urban,5/23/2023 13:42,5/23/2023 13:46,5/23/2023 13:53,5/23/2023 14:25,Y,Law Enforcement,INTERSTATE 295,,30.16701725,-81.54168031,18,West,PHILIPS HWY,,Interstate,Paved,Not at Intersection,N,Daylight,Rain,Wet,N,Other,Other Non-Collision,On Roadway,N,Non-Junction,None,,,None,,,N,,,,,TPR,Florida Highway Patrol,Florida Highway Patrol (FHP),6/5/2023 14:42,Y,Single Vehicle,Other,Serious Injury,Incapacitating Injury,DAY,N,N,N,N,N,N,N,Y,N,0,1,0,0,1,0,0,0,0,0,0,0,0,0,1,0,0,0,1,1,1,0,0,0,0,N,0,0,N,0,0,2,0,0,0,1,100,100,1,0,0,Preliminary,Editor Mapped,448058.8444,3337469.398,30.16750517,-81.53944656
25137136,2023,5/6/2023 13:10,6/8/2023 10:04,269688,L,1,2,2,38,Duval,Jacksonville,Urban,5/6/2023 13:12,5/6/2023 13:13,5/6/2023 13:17,5/6/2023 15:52,Y,Law Enforcement,ST 103 (2000 SOUTH LANE AVENUE),,30.28227094,-81.75542628,147,North,SAN JUAN AVENUE,,Local,Paved,Not at Intersection,Y,Daylight,Cloudy,Dry,N,Other,Utility Pole/Light Support,Off Roadway,N,Non-Junction,None,,,None,,,N,,,,,DETECTIVE,Jacksonville Sheriff's Office,Sheriff's Office (SO),5/7/2023 15:16,Y,Off Road,Off Road,Fatality,Fatal (within 30 days),DAY,N,N,N,N,N,N,N,Y,N,0,1,0,1,0,1,1,0,0,0,0,0,0,0,1,0,0,1,1,0,0,1,0,0,0,N,0,0,N,0,0,1,0,1,1000,1,15000,16000,2,0,0,Verified,n/a,427341.4501,3350317.916,30.28238302,-81.755484
25137071,2023,6/5/2023 22:40,6/5/2023 23:10,336641,L,2,2,2,38,Duval,Jacksonville,Urban,6/5/2023 22:45,6/5/2023 22:50,6/5/2023 23:00,6/5/2023 23:49,Y,Law Enforcement,VENTURE PL,10500,30.18728261,-81.62768448,0,,10500 SAN JOSE BLVD,,Local,Curb,Four-Way Intersection,N,Dark - Lighted,Clear,Dry,N,Angle,Motor Vehicle in Transport,On Roadway,Y,Intersection,None,,,None,,,N,,,,,OFFICER,Jacksonville Sheriff's Office,Sheriff's Office (SO),6/7/2023 14:55,Y,Left Rear,Left Turn,Serious Injury,Incapacitating Injury,NIGHT,N,N,N,N,N,N,Y,N,N,1,1,0,0,1,0,0,0,0,1,0,0,0,0,2,0,0,0,0,0,0,0,1,1,0,N,0,0,N,0,0,1,0,0,0,2,24000,24000,1,0,0,Preliminary,Editor Mapped,439573.1932,3339701.358,30.18725408,-81.62769973
25382512,2023,6/4/2023 21:53,6/4/2023 0:00,230002096,L,2,3,2,40,Duval,Jacksonville Beach,Urban,6/4/2023 21:55,6/4/2023 21:55,6/4/2023 21:56,6/4/2023 1:06,N,Law Enforcement,1ST ST N,,30.296818,-81.391162,57,South,8TH AVE N,,Local,Curb,Four-Way Intersection,N,Dark - Lighted,Clear,Dry,N,Front to Rear,Motor Vehicle in Transport,On Roadway,N,Intersection,None,,,None,,,N,,,,,OFFICER,Jacksonville Beach Police Department,Police Department (PD),6/5/2023 14:42,Y,Rear End,Rear End,Serious Injury,Incapacitating Injury,NIGHT,N,Y,N,Y,N,N,Y,N,N,2,1,0,0,1,0,0,0,0,1,0,0,0,0,2,0,0,1,0,0,0,0,1,1,0,N,0,0,N,0,0,0,0,0,0,2,10000,10000,1,0,0,Preliminary,Editor Mapped,462386.166,3351728.155,30.29670471,-81.39115943
89670119,2023,6/17/2023 10:15,6/17/2023 12:44,FHP23ON0315866,L,2,2,2,38,Duval,Jacksonville,Urban,6/17/2023 10:15,6/17/2023 10:39,6/17/2023 10:52,6/17/2023 13:59,Y,Law Enforcement,EB JTB BLVD (SR 202) GATE PKWAY EXIT RAMP,,30.24981131,-81.53939807,604,East,EB JTB BLVD (SR 202),,State,Paved,Not at Intersection,N,Daylight,Clear,Dry,N,Front to Rear,Motor Vehicle in Transport,On Roadway,N,Entrance/Exit Ramp,None,,,None,,,N,,,,,TPR,Florida Highway Patrol,Florida Highway Patrol (FHP),6/27/2023 15:33,Y,Rear End,Rear End,Serious Injury,Incapacitating Injury,DAY,N,N,N,N,N,N,N,N,N,0,2,1,0,1,0,0,0,0,0,0,0,0,0,2,0,0,0,2,2,1,0,0,0,0,N,0,0,N,0,0,1,0,0,0,2,10000,10000,1,0,0,Preliminary,Editor Mapped,448109.7175,3346587.076,30.24978457,-81.53936674
25671849,2023,5/2/2023 20:22,5/2/2023 22:27,261703,L,1,2,2,38,Duval,Jacksonville,Urban,5/2/2023 20:23,5/2/2023 20:23,5/2/2023 20:33,5/2/2023 22:27,N,Law Enforcement,103RD ST,9500,30.24768246,-81.81294835,838210522,West,MONROE SMITH RD,,State,Curb,Not at Intersection,N,Dusk,Clear,Dry,N,Other,Pedalcycle,Off Roadway,N,Non-Junction,None,,,None,,,N,,,,,OFFICER,Jacksonville Sheriff's Office,Sheriff's Office (SO),5/3/2023 15:36,Y,Bicycle,Bicycle,Serious Injury,Incapacitating Injury,NIGHT,N,N,N,N,N,Y,N,N,N,0,2,1,0,1,0,0,0,0,0,0,2,2,0,0,0,0,0,0,0,0,0,0,0,0,N,0,0,Y,1,0,0,0,1,500,0,0,500,1,0,0,Verified,n/a,421787.4608,3346509.978,30.24767675,-81.81294505
25676402,2023,10/20/2023 20:38,10/20/2023 20:57,637473,L,1,2,2,38,Duval,Jacksonville,Urban,10/20/2023 20:38,10/20/2023 20:40,10/20/2023 20:46,10/20/2023 20:57,Y,Law Enforcement,CENTURY 21 DR,,30.31243317,-81.57225646,45229347,,TELCO WAY,,Local,Paved,Four-Way Intersection,N,Dark - Not Lighted,Clear,Dry,N,Other,Pedestrian,On Roadway,Y,Intersection,None,,,None,,,N,,,,,OFFICER,Jacksonville Sheriff's Office,Sheriff's Office (SO),10/21/2023 19:16,Y,Pedestrian,Pedestrian,Serious Injury,Incapacitating Injury,NIGHT,N,N,N,N,N,N,Y,N,N,1,1,0,0,1,0,0,0,0,0,0,1,0,1,1,0,0,0,0,0,0,0,0,0,0,Y,1,0,N,0,0,1,0,0,0,1,900,900,1,0,0,Verified,n/a,444980.7526,3353544.345,30.31242744,-81.57225323
25678361,2023,4/8/2023 21:12,5/30/2023 13:25,208938,L,1,1,2,38,Duval,Jacksonville,Urban,4/8/2023 21:12,4/8/2023 21:12,4/8/2023 21:15,4/8/2023 23:57,Y,Law Enforcement,POWERS AVE,3362,30.26431832,-81.62268945,45206560,North,4000 BLOCK OF UNIVERSITY BLVD W,,Local,Curb,Not at Intersection,Y,Dark - Lighted,Rain,Wet,N,,Pedestrian,Shoulder,N,Non-Junction,None,,,None,,,N,,,,,DETECTIVE,Jacksonville Sheriff's Office,Sheriff's Office (SO),4/10/2023 14:14,Y,Pedestrian,Pedestrian,Serious Injury,Incapacitating Injury,NIGHT,N,N,N,N,N,Y,N,N,N,0,1,0,0,1,0,0,0,0,0,0,1,0,1,0,0,0,0,0,0,0,0,0,0,0,Y,1,0,N,0,0,0,0,0,0,1,50,50,1,0,0,Verified,n/a,440104.8903,3348239.49,30.2643265,-81.62266207
25679169,2023,11/28/2023 20:40,11/28/2023 21:00,719655,L,1,2,2,38,Duval,Jacksonville,Urban,11/28/2023 20:40,11/28/2023 20:41,11/28/2023 20:43,11/28/2023 21:13,Y,Law Enforcement,DUNN AVE,,30.4297581,-81.66818847,45285732,West,HAVERFORD RD,,State,Paved,Not at Intersection,N,Dark - Not Lighted,Clear,Dry,N,Other,Pedestrian,On Roadway,N,Non-Junction,None,,,None,,,N,,,,,OFFICER,Jacksonville Sheriff's Office,Sheriff's Office (SO),11/30/2023 19:19,Y,Pedestrian,Pedestrian,Serious Injury,Incapacitating Injury,NIGHT,N,N,N,N,N,N,N,N,N,1,1,0,0,1,0,0,0,0,0,0,1,0,1,1,0,0,0,0,0,0,0,0,0,0,Y,1,0,N,0,0,1,0,0,0,1,1000,1000,1,0,0,Verified,n/a,435833.8529,3366596.462,30.42975235,-81.66818521
25678855,2023,3/31/2023 17:38,5/11/2023 7:33,191536,L,2,5,2,38,Duval,Jacksonville,Urban,3/31/2023 17:38,3/31/2023 17:40,3/31/2023 18:06,3/31/2023 18:22,Y,Law Enforcement,ALTA DR,,30.44412221,-81.57931627,247489743,North,ALTA LAKES BLVD,,Local,Paved,Not at Intersection,N,Daylight,Clear,Dry,N,Front to Front,Motor Vehicle in Transport,On Roadway,N,Non-Junction,None,,,None,,,Y,Transition Area,Work on Shoulder or Median,N,N,DETECTIVE,Jacksonville Sheriff's Office,Sheriff's Office (SO),4/1/2023 14:21,Y,Head On,Head On,Serious Injury,Incapacitating Injury,DAY,N,N,N,N,N,N,N,Y,N,0,5,2,2,1,0,0,0,0,0,0,0,0,0,2,0,1,3,0,0,0,0,0,0,0,N,0,0,N,0,0,1,0,0,0,2,20000,20000,4,0,0,Verified,n/a,444376.5983,3368141.207,30.44411645,-81.57931303
89624054,2023,5/26/2023 17:46,5/26/2023 18:48,FHP23ON0275892,L,3,5,2,38,Duval,Jacksonville,Urban,5/26/2023 17:51,5/26/2023 18:14,5/26/2023 18:32,5/26/2023 19:24,Y,Law Enforcement,INTERSTATE 95 (STATE ROAD 9),,30.35023697,-81.66854027,840,North,8TH STREET (353 D MILE MARKER),,Interstate,Paved,Not at Intersection,N,Daylight,Clear,Dry,N,Front to Rear,Motor Vehicle in Transport,On Roadway,Y,Non-Junction,None,,,None,,,N,,,,,TPR,Florida Highway Patrol,Florida Highway Patrol (FHP),6/1/2023 14:54,Y,Rear End,Rear End,Serious Injury,Incapacitating Injury,DAY,N,N,N,N,N,N,N,N,N,1,4,3,0,1,0,0,0,0,0,0,0,0,0,3,1,0,2,0,0,0,0,0,0,0,N,0,0,N,0,0,2,0,0,0,3,7000,7000,1,0,0,Preliminary,Editor Mapped,435757.3163,3357421.457,30.34695798,-81.66841834
25681060,2023,7/5/2023 17:50,7/5/2023 18:38,402435,L,3,1,2,38,Duval,Jacksonville,Urban,7/5/2023 18:00,7/5/2023 18:10,7/5/2023 18:20,7/5/2023 20:32,Y,Law Enforcement,GILLESPIE AVE,,30.46652954,-81.62591161,45292339,South,NEW BERLIN RD,,Local,Curb,Four-Way Intersection,N,Daylight,Cloudy,Wet,N,Other,Motor Vehicle in Transport,On Roadway,N,Intersection,None,,,None,,,N,,,,,CSO,Jacksonville Sheriff's Office,Sheriff's Office (SO),7/11/2023 15:03,Y,Parked Vehicle,Other,Serious Injury,Incapacitating Injury,DAY,N,N,N,N,N,N,Y,N,N,0,1,0,0,1,0,0,0,0,0,0,0,0,0,1,0,1,0,0,0,0,0,0,0,0,N,0,0,N,0,0,1,0,1,2000,3,25000,27000,1,0,0,Verified,n/a,439916.3607,3370648.209,30.46652377,-81.62590836
25681473,2023,4/10/2023 13:21,4/10/2023 13:51,212003,L,1,2,2,38,Duval,Jacksonville,Urban,4/10/2023 13:21,4/10/2023 13:30,4/10/2023 13:30,4/10/2023 14:22,Y,Law Enforcement,BEACH BLVD,,30.28755364,-81.46404275,45243243,,BROUGHAM AVE,,State,Curb,Four-Way Intersection,N,Daylight,Rain,Wet,N,Angle,Pedestrian,On Roadway,N,Intersection,None,,,None,,,N,,,,,CSO,Jacksonville Sheriff's Office,Sheriff's Office (SO),4/12/2023 15:40,Y,Pedestrian,Pedestrian,Serious Injury,Incapacitating Injury,DAY,N,N,N,N,N,N,Y,N,N,1,1,0,0,1,0,0,0,0,0,0,1,0,1,1,0,0,0,0,0,0,0,0,0,0,Y,1,0,N,0,0,1,0,0,0,1,100,100,1,0,0,Verified,n/a,455373.8086,3350739.831,30.28754791,-81.46403955
25681493,2023,7/20/2023 10:10,7/20/2023 10:45,433761,L,1,2,2,38,Duval,Jacksonville,Urban,7/20/2023 10:13,7/20/2023 10:14,7/20/2023 10:20,7/20/2023 11:30,N,Law Enforcement,ANNISTON RD,,30.32233853,-81.54237672,45230449,,ATLANTIC BLVD,,Local,Curb,T-Intersection,N,Daylight,Clear,Dry,N,Angle,Pedalcycle,On Roadway,Y,Intersection,None,,,None,,,N,,,,,OFFICER,Jacksonville Sheriff's Office,Sheriff's Office (SO),7/25/2023 14:52,Y,Bicycle,Bicycle,Serious Injury,Incapacitating Injury,DAY,N,N,N,N,N,N,Y,N,N,1,1,0,0,1,0,0,0,0,0,0,1,1,0,1,0,0,0,0,0,0,0,0,0,0,N,0,0,Y,1,0,0,0,1,100,1,500,600,1,0,0,Verified,n/a,447858.8264,3354627.912,30.3223328,-81.5423735
25681711,2023,7/2/2023 2:08,7/2/2023 3:06,393837,L,1,1,2,38,Duval,Jacksonville,Urban,7/2/2023 2:09,7/2/2023 2:10,7/2/2023 2:21,7/2/2023 3:10,Y,Law Enforcement,OAKLEAF VILLAGE PKWY,,30.1906082,-81.8261531,964954153,South,MERCHANTS WAY,,Local,Paved,Not at Intersection,N,Dark - Lighted,Clear,Dry,N,Other,Tree (standing),Off Roadway,N,Non-Junction,None,,,None,,,N,,,,,OFFICER,Jacksonville Sheriff's Office,Sheriff's Office (SO),7/3/2023 15:27,Y,Off Road,Off Road,Serious Injury,Incapacitating Injury,NIGHT,N,N,N,N,N,N,N,Y,N,0,1,0,0,1,0,0,0,0,0,0,0,0,0,1,0,0,0,1,1,1,0,0,0,0,N,0,0,N,0,0,0,0,1,2000,1,7000,9000,1,0,0,Verified,n/a,420471.0991,3340194.306,30.1906025,-81.8261498
25681720,2023,4/8/2023 20:50,4/8/2023 21:20,208906,L,1,2,2,38,Duval,Jacksonville,Urban,4/8/2023 20:55,4/8/2023 20:56,4/8/2023 21:01,4/8/2023 21:57,Y,Law Enforcement,US 90 BEACH BLVD,,30.28649833,-81.55570365,45222842,East,EVE DR W,,U.S.,Paved,Four-Way Intersection,N,Dark - Lighted,Rain,Wet,N,Other,Pedalcycle,On Roadway,N,Intersection,Road Surface Condition,None,,Weather Conditions,None,,N,,,,,OFFICER,Jacksonville Sheriff's Office,Sheriff's Office (SO),4/9/2023 14:10,Y,Bicycle,Bicycle,Serious Injury,Incapacitating Injury,NIGHT,N,N,N,N,N,N,Y,N,N,1,1,0,0,1,0,0,0,0,0,0,1,1,0,1,0,1,0,0,0,0,0,0,0,0,N,0,0,Y,1,0,0,0,0,0,1,500,500,1,0,0,Verified,n/a,446652.8788,3350661.407,30.28648737,-81.55471573
25681744,2023,11/12/2023 19:10,11/12/2023 19:40,686848,L,1,3,2,38,Duval,Jacksonville,Urban,11/12/2023 19:16,11/12/2023 19:18,11/12/2023 19:24,11/12/2023 20:36,Y,Law Enforcement,SAINT JOHNS BLUFF RD S,,30.32048216,-81.52324953,45244084,,BAHIA DR,,Local,Unpaved,Four-Way Intersection,N,Dark - Lighted,Rain,Dry,N,Other,Pedestrian,On Roadway,N,Non-Junction,None,,,Weather Conditions,None,,N,,,,,OFFICER,Jacksonville Sheriff's Office,Sheriff's Office (SO),11/13/2023 19:35,Y,Pedestrian,Pedestrian,Serious Injury,Incapacitating Injury,NIGHT,N,N,N,N,N,N,N,N,N,2,1,0,0,1,0,0,0,0,0,0,1,0,1,1,0,0,1,0,0,0,0,0,0,0,Y,1,0,N,0,0,0,0,0,0,1,300,300,1,0,0,Verified,n/a,449696.6985,3354413.563,30.32047642,-81.52324632
25681774,2023,5/17/2023 21:19,6/23/2023 9:56,295309,L,2,1,2,38,Duval,Jacksonville,Urban,5/17/2023 21:21,5/17/2023 21:22,5/17/2023 21:23,5/18/2023 0:37,Y,Law Enforcement,BLOCK OF AVENUE B,4700,30.3655426,-81.69893354,45141448,South,WEAVER RD,,Local,Curb,Not at Intersection,Y,Dark - Lighted,Clear,Dry,N,"Sideswipe, Same Direction",Parked Motor Vehicle,On Roadway,N,Non-Junction,None,,,None,,,N,,,,,DETECTIVE,Jacksonville Sheriff's Office,Sheriff's Office (SO),5/19/2023 14:51,Y,Parked Vehicle,Other,Serious Injury,Incapacitating Injury,NIGHT,N,N,N,N,N,N,N,Y,N,0,1,0,0,1,0,0,0,0,0,0,0,0,0,1,0,0,0,1,1,1,0,0,0,0,N,0,0,N,0,0,0,0,1,2000,2,16000,18000,1,0,0,Verified,n/a,432837.3914,3359498.015,30.36553686,-81.69893028
25678766,2023,3/14/2023 11:30,6/5/2023 9:17,153731,L,2,3,2,38,Duval,Jacksonville,Urban,3/14/2023 11:34,3/14/2023 11:34,3/14/2023 11:40,3/14/2023 12:37,Y,Law Enforcement,ARLINGTON EXPY,,30.32738596,-81.60319113,343,West,UNIVERSITY BLVD N,,State,Curb,Not at Intersection,N,Daylight,Clear,Dry,N,Front to Rear,Motor Vehicle in Transport,On Roadway,N,Non-Junction,None,,,None,,,N,,,,,OFFICER,Jacksonville Sheriff's Office,Sheriff's Office (SO),3/17/2023 14:25,Y,Rear End,Rear End,Serious Injury,Incapacitating Injury,DAY,N,N,N,N,N,N,N,N,N,2,1,0,0,1,0,0,0,0,0,0,0,0,0,2,0,0,1,0,0,0,0,0,0,0,N,0,0,N,0,0,0,0,0,0,2,18000,18000,1,0,0,Preliminary,Editor Mapped,442013.9733,3355214.99,30.32736419,-81.60320155
25326398,2023,4/18/2023 23:00,5/31/2023 18:25,230865,L,2,2,2,38,Duval,Jacksonville,Urban,4/18/2023 23:01,4/18/2023 23:08,4/18/2023 23:09,4/19/2023 1:50,Y,Law Enforcement,UNIVERSITY BLVD S (SR 109),,30.31391914,-81.59941042,0,,ATLANTIC BLVD (SR 10),,State,Curb,Four-Way Intersection,Y,Dark - Lighted,Clear,Dry,N,Angle,Motor Vehicle in Transport,On Roadway,N,Intersection,None,,,None,,,N,,,,,DETECTIVE,Jacksonville Sheriff's Office,Sheriff's Office (SO),4/19/2023 15:35,Y,Right Angle,Angle,Fatality,Fatal (within 30 days),NIGHT,N,N,N,N,Y,N,Y,N,N,0,1,0,1,0,1,1,0,0,1,0,0,0,0,2,0,0,0,0,0,0,0,1,0,1,N,0,0,N,0,0,0,0,0,0,2,25000,25000,2,0,0,Verified,n/a,442370.8393,3353723.288,30.31392062,-81.59940745
25689127,2023,8/22/2023 8:22,8/22/2023 8:32,506988,L,2,2,2,38,Duval,Jacksonville,Urban,8/22/2023 8:22,8/22/2023 8:31,8/22/2023 8:37,8/22/2023 8:54,Y,Law Enforcement,SUNBEAM RD,,30.20596513,-81.5813902,47,West,SUNBEAM CENTER DR,,Local,Curb,Not at Intersection,N,Daylight,Clear,Dry,N,Angle,Motor Vehicle in Transport,On Roadway,N,Non-Junction,None,,,None,,,N,,,,,CSO,Jacksonville Sheriff's Office,Sheriff's Office (SO),8/24/2023 14:54,Y,Same Direction Sideswipe,Sideswipe,Serious Injury,Incapacitating Injury,DAY,N,N,N,N,N,N,N,N,N,1,1,0,0,1,0,0,0,0,0,0,0,0,0,2,0,1,0,0,0,0,0,0,0,0,N,0,0,N,0,0,1,0,0,0,2,10000,10000,1,0,0,Preliminary,Editor Mapped,444017.612,3341754.388,30.20599318,-81.5816431
84591876,2023,4/30/2023 20:22,6/8/2023 12:22,257271,L,2,2,2,38,Duval,Jacksonville,Urban,4/30/2023 20:22,4/30/2023 20:22,4/30/2023 20:22,5/1/2023 1:19,Y,Law Enforcement,TOWN CENTER PKWY,4100,30.2677569,-81.52367854,75,West,ST JOHNS BLUFF RD SOUTH,,Local,Curb,Not at Intersection,Y,Dusk,Cloudy,Dry,N,Front to Rear,Motor Vehicle in Transport,On Roadway,N,Non-Junction,None,,,None,,,N,,,,,DETECTIVE,Jacksonville Sheriff's Office,Sheriff's Office (SO),5/2/2023 14:56,Y,Rear End,Rear End,Fatality,Fatal (within 30 days),NIGHT,N,N,N,N,N,N,N,N,N,1,0,0,0,0,1,1,0,0,1,0,0,0,0,2,0,1,0,0,0,0,0,1,0,1,N,0,0,N,0,0,1,0,0,0,2,7000,7000,0,0,0,Verified,n/a,449628.5151,3348570.986,30.26775117,-81.52367533
25677311,2023,3/1/2023 16:30,4/20/2023 10:08,126350,L,2,2,2,38,Duval,Jacksonville,Urban,3/1/2023 16:31,3/1/2023 16:33,3/1/2023 16:50,3/1/2023 17:05,Y,Law Enforcement,JAMMES RD,7052,30.22027345,-81.74779847,359,North,,,Local,Unpaved,Not at Intersection,N,Daylight,Clear,Dry,N,Angle,Motor Vehicle in Transport,On Roadway,N,Non-Junction,None,,,None,,,N,,,,,DETECTIVE,Jacksonville Sheriff's Office,Sheriff's Office (SO),3/3/2023 14:46,Y,Left Entering,Left Turn,Fatality,Fatal (within 30 days),DAY,N,N,N,N,Y,N,N,N,N,0,1,1,0,0,1,1,0,0,1,0,0,0,0,2,0,0,0,0,0,0,0,1,0,1,N,0,0,N,0,0,1,0,1,2000,2,10000,12000,1,0,0,Verified,n/a,428035.1564,3343391.569,30.2199246,-81.74779802