REPORT_NUMBER,CRASH_YEAR,CRASH_DATE_AND_TIME,REPORT_DATE_AND_TIME,INVESTIGATING_AGENCY_REPORT_NUMBER,FORM_TYPE,TOTAL_NUMBER_OF_VEHICLES,TOTAL_NUMBER_OF_PERSONS,COUNTY_CODE,CITY_CODE,COUNTY_NAME,CITY_NAME,RURAL_OR_URBAN,NOTIFIED_TIME,DISPATCHED_TIME,ARRIVED_TIME,CLEARED_TIME,COMPLETED_FLAG,NOTIFIED_BY,ON_STREET_ROAD_HIGHWAY,STREET_ADDRESS_NUMBER,LATITUDE,LONGITUDE,FEET_FROM_INTERSECTION,DIRECTION_FROM_INTERSECTION,FROM_INTERSECTION_OF,MILEPOST_NUMBER,ROAD_SYSTEM_IDENTIFER,TYPE_OF_SHOULDER,TYPE_OF_INTERSECTION,PHOTOS_TAKEN,LIGHT_CONDITION,WEATHER_CONDITION,ROAD_SURFACE_CONDITION,SCHOOL_BUS_RELATED_CODE,TYPE_OF_IMPACT,FIRST_HARMFUL_EVENT,LOCATION,INTERCHANGE_FLAG,JUNCTION_FLAG,ROAD_CIRCUMSTANCES_1,ROAD_CIRCUMSTANCES_2,ROAD_CIRCUMSTANCES_3,ENVIRONMENT_CIRCUMSTANCES_1,ENVIRONMENT_CIRCUMSTANCES_2,ENVIRONMENT_CIRCUMSTANCES_3,WORK_ZONE_RELATED_FLAG,CRASH_IN_WORK_ZONE,TYPE_OF_WORK_ZONE,WORKERS_PRESENT,LAW_ENFORCEMENT_PRESENT,INVESTIGATOR_RANK,INVESTIGATING_AGENCY_NAME,INVESTIGATING_AGENCY_TYPE,LOAD_DATE,CODEABLE,S4_CRASH_TYPE,S4_CRASH_TYPE_SIMPLIFIED,S4_CRASH_SEVERITY,S4_CRASH_SEVERITY_DETAIL,S4_DAY_OR_NIGHT,S4_IS_AGGRESSIVE_DRIVING,S4_IS_ALCOHOL_RELATED,S4_IS_CMV_INVOLVED,S4_IS_DISTRACTED,S4_IS_DRUG_RELATED,S4_IS_HIT_AND_RUN,S4_IS_INTERSECTION_RELATED,S4_IS_LANE_DEPARTURE_RELATED,S4_IS_SPEEDING_RELATED,S4_NONE_INJURY_COUNT,S4_INJURY_COUNT,S4_POSSIBLE_INJURY_COUNT,S4_NON_INCAPACITATING_INJURY_COUNT,S4_INCAPACITATING_INJURY_COUNT,S4_FATALITY_COUNT,S4_FATALITY_WITHIN_30_DAYS_COUNT,S4_NON_TRAFFIC_FATALITY_COUNT,S4_TRAILER_COUNT,S4_MOTORCYCLE_COUNT,S4_MOPED_COUNT,S4_NON_MOTORIST_COUNT,S4_BICYCLIST_COUNT,S4_PEDESTRIAN_COUNT,S4_DRIVER_COUNT,S4_AGING_DRIVER_COUNT,S4_TEENAGER_DRIVER_COUNT,S4_PASSENGER_COUNT,S4_UNRESTRAINED_COUNT,S4_UNRESTRAINED_INJURY_COUNT,S4_UNRESTRAINED_INCAPACITATING_INJURY_COUNT,S4_UNRESTRAINED_FATALITY_COUNT,S4_MOTORCYCLIST_COUNT,S4_MOTORCYCLIST_INCAPACITATING_INJURY_COUNT,S4_MOTORCYCLIST_FATALITY_COUNT,S4_IS_PEDESTRIAN_INVOLVED,S4_PEDESTRIAN_INCAPACITATING_INJURY_COUNT,S4_PEDESTRIAN_FATALITY_COUNT,S4_IS_BICYCLIST_INVOLVED,S4_BICYCLIST_INCAPACITATING_INJURY_COUNT,S4_BICYCLIST_FATALITY_COUNT,S4_CITATION_COUNT,S4_CITATION_AMOUNT,S4_PROPERTY_DAMAGE_COUNT,S4_PROPERTY_DAMAGE_AMOUNT,S4_VEHICLE_DAMAGE_COUNT,S4_VEHICLE_DAMAGE_AMOUNT,S4_TOTAL_DAMAGE_AMOUNT,S4_TRANSPORT_BY_EMS_COUNT,S4_TRANSPORT_BY_LAW_ENFORCEMENT_COUNT,S4_TRANSPORT_BY_OTHER_COUNT,S4_GEOLOCATION_STATUS,S4_PRELIMINARY_GEOLOCATION_STATUS,S4_X,S4_Y,S4_LATITUDE,S4_LONGITUDE
89701237,2023,8/15/2023 2:33,8/15/2023 3:11,FHP23ON0426562,L,1,1,2,38,Duval,Jacksonville,Urban,8/15/2023 2:38,8/15/2023 2:42,8/15/2023 2:46,8/15/2023 3:45,Y,Law Enforcement,INTERSTATE 295 SB,,30.24843,-81.76299,45130110,North,103RD STREET,,Interstate,Paved,Not at Intersection,N,Dark - Lighted,Clear,Dry,N,Other,Motor Vehicle in Transport,On Roadway,N,Non-Junction,None,,,None,,,N,,,,,TPR,Florida Highway Patrol,Florida Highway Patrol (FHP),8/26/2023 14:51,Y,Single Vehicle,Other,Serious Injury,Incapacitating Injury,NIGHT,N,N,N,N,N,N,N,Y,N,0,1,0,0,1,0,0,0,0,0,0,0,0,0,1,0,0,0,0,0,0,0,0,0,0,N,0,0,N,0,0,2,0,1,120,1,15000,15120,1,0,0,Verified,n/a,426597.2058,3346323.474,30.24629451,-81.76294315
89701242,2023,8/18/2023 23:18,8/19/2023 0:19,FHP23ON0434524,L,1,1,2,38,Duval,Jacksonville,Urban,8/18/2023 23:23,8/18/2023 23:25,8/18/2023 23:33,8/19/2023 1:21,Y,Law Enforcement,INTERSTATE 95 NB,,30.38256,-81.6727,45282579,North,EDGEWOOD AVENUE,,Interstate,Paved,Not at Intersection,N,Dark - Lighted,Clear,Dry,N,Other,Overturn/Rollover,On Roadway,N,Non-Junction,None,,,None,,,N,,,,,TPR,Florida Highway Patrol,Florida Highway Patrol (FHP),8/28/2023 14:44,Y,Rollover,Rollover,Serious Injury,Incapacitating Injury,NIGHT,N,N,N,N,N,Y,N,Y,N,0,1,0,0,1,0,0,0,0,0,0,0,0,0,0,0,0,1,0,0,0,0,0,0,0,N,0,0,N,0,0,0,0,1,240,1,5000,5240,1,0,0,Verified,n/a,435753.91,3361837.376,30.3868048,-81.66872487
89702293,2023,8/30/2023 18:08,8/30/2023 18:45,FHP23ON0456648,L,2,5,2,38,Duval,Jacksonville,Urban,8/30/2023 18:13,8/30/2023 18:17,8/30/2023 18:26,8/30/2023 19:46,Y,Law Enforcement,STATE ROAD 134 EB,,30.24820273,-81.77131308,45130733,East,FIRESTONE RD,,Interstate,Paved,Not at Intersection,N,Daylight,Cloudy,Dry,N,Front to Rear,Motor Vehicle in Transport,On Roadway,N,Non-Junction,None,,,None,,,N,,,,,TPR,Florida Highway Patrol,Florida Highway Patrol (FHP),9/11/2023 17:16,Y,Rear End,Rear End,Serious Injury,Incapacitating Injury,DAY,Y,N,N,N,N,N,N,Y,Y,3,2,0,1,1,0,0,0,0,0,0,0,0,0,2,0,0,3,1,1,1,0,0,0,0,N,0,0,N,0,0,1,0,1,1500,2,8000,9500,2,0,0,Verified,n/a,426203.2006,3346539.327,30.24821835,-81.76705324
25670815,2023,1/22/2023 18:30,3/29/2023 9:06,44839,L,1,3,2,38,Duval,Jacksonville,Urban,1/22/2023 18:35,1/22/2023 18:35,1/22/2023 18:41,1/22/2023 20:45,Y,Law Enforcement,BLOCK OF ATLANTIC BOULEVARD (SR 10),7200,30.31321811,-81.58155021,45226388,East,BECKWITH STREET,,State,Paved,Not at Intersection,Y,Dark - Lighted,Cloudy,Dry,N,,Pedestrian,On Roadway,N,Non-Junction,None,,,None,,,N,,,,,DETECTIVE,Jacksonville Sheriff's Office,Sheriff's Office (SO),1/24/2023 14:52,Y,Pedestrian,Pedestrian,Serious Injury,Incapacitating Injury,DAY,N,N,N,N,N,N,N,N,N,2,1,0,0,1,0,0,0,0,0,0,1,0,1,1,0,0,1,0,0,0,0,0,0,0,Y,1,0,N,0,0,2,0,0,0,1,5000,5000,1,0,0,Verified,n/a,444136.0482,3353642.844,30.31327755,-81.58104384
25670967,2023,4/20/2023 23:41,4/21/2023 0:08,235748,L,1,1,2,38,Duval,Jacksonville,Urban,4/20/2023 23:41,4/20/2023 23:43,4/20/2023 23:47,4/21/2023 0:15,Y,Law Enforcement,COLLINS RD,5480,30.20027558,-81.72398315,,,WHISPERING PINES DR,,Other,Paved,Not at Intersection,N,Dark - Lighted,Clear,Dry,N,Other,Other Fixed Object,In Parking Lane or Zone,N,Non-Junction,None,,,None,,,N,,,,,OFFICER,Jacksonville Sheriff's Office,Sheriff's Office (SO),4/22/2023 15:30,Y,Off Road,Off Road,Serious Injury,Incapacitating Injury,NIGHT,N,N,N,N,N,N,N,Y,N,0,1,0,0,1,0,0,0,0,0,0,0,0,0,1,0,0,0,0,0,0,0,0,0,0,N,0,0,N,0,0,1,0,1,500,1,1000,1500,1,0,0,Verified,n/a,430313.5238,3341198.692,30.20026988,-81.72397988
25671390,2023,9/17/2023 19:35,9/17/2023 20:45,565499,L,2,2,2,38,Duval,Jacksonville,Urban,9/17/2023 19:38,9/17/2023 19:40,9/17/2023 20:02,9/17/2023 20:47,Y,Law Enforcement,S MARYLOU DR,,30.25176084,-81.81186854,,,103RD ST,,Local,Curb,Not at Intersection,N,Dark - Lighted,Clear,Dry,N,Other,Other Fixed Object,Off Roadway,N,Non-Junction,None,,,None,,,N,,,,,OFFICER,Jacksonville Sheriff's Office,Sheriff's Office (SO),9/19/2023 19:36,Y,Off Road,Off Road,Serious Injury,Incapacitating Injury,NIGHT,N,Y,N,Y,Y,N,N,Y,N,1,1,0,0,1,0,0,0,0,0,0,0,0,0,1,0,0,1,1,1,1,0,0,0,0,N,0,0,N,0,0,2,0,1,1000,2,7000,8000,1,0,0,Verified,n/a,421894.5773,3346961.193,30.25175513,-81.81186525
25678617,2023,3/14/2023 11:58,4/13/2023 8:06,153796,L,2,2,2,38,Duval,Jacksonville,Urban,3/14/2023 11:58,3/14/2023 11:58,3/14/2023 12:05,3/14/2023 15:16,Y,Law Enforcement,PRITCHARD RD,,30.37254716,-81.75605506,239,East,PERIMETER INDUSTRIAL PKWY W,,Local,Paved,Not at Intersection,Y,Daylight,Clear,Dry,N,Front to Rear,Motor Vehicle in Transport,On Roadway,N,Non-Junction,None,,,None,,,N,,,,,DETECTIVE,Jacksonville Sheriff's Office,Sheriff's Office (SO),3/16/2023 14:26,Y,Rear End,Rear End,Fatality,Fatal (within 30 days),DAY,Y,Y,Y,N,N,N,N,N,Y,1,0,0,0,0,1,1,0,1,0,0,0,0,0,2,1,0,0,1,0,0,1,0,0,0,N,0,0,N,0,0,0,0,0,0,2,12500,12500,1,0,0,Verified,n/a,427353.4189,3360309.488,30.37254142,-81.75605177
89606961,2023,4/9/2023 18:25,6/8/2023 10:51,FHP23ON0185767,L,1,1,2,38,Duval,Jacksonville,Urban,4/9/2023 18:33,4/9/2023 18:36,4/9/2023 18:36,4/9/2023 20:29,Y,Law Enforcement,INTERSTATE 95 SOUTHBOUND,,30.33733,-81.66917,61,South,KINGS RD,,Interstate,Paved,Not at Intersection,Y,Dark - Lighted,Rain,Wet,N,Other,Ditch,On Roadway,N,Non-Junction,None,,,None,,,N,,,,,CPL,Florida Highway Patrol,Florida Highway Patrol (FHP),4/25/2023 15:37,Y,Off Road,Off Road,Fatality,Fatal (within 30 days),DAY,N,Y,N,Y,Y,N,N,Y,N,0,0,0,0,0,1,1,0,0,0,0,0,0,0,1,0,0,0,1,0,0,1,0,0,0,N,0,0,N,0,0,0,0,0,0,1,8000,8000,1,0,0,Verified,n/a,435283.3713,3355781.035,30.33213031,-81.67324795
25671597,2023,6/10/2023 15:29,6/10/2023 15:35,347242,L,2,6,2,38,Duval,Jacksonville,Urban,6/10/2023 15:29,6/10/2023 15:29,6/10/2023 15:29,6/10/2023 16:19,Y,Law Enforcement,PHILIPS HWY,,30.23789459,-81.59550483,0,,CYPRESS PLAZA DR,,U.S.,Unpaved,Four-Way Intersection,N,Daylight,Rain,Wet,N,Other,Motor Vehicle in Transport,On Roadway,N,Intersection,None,,,Unknown,,,N,,,,,OFFICER,Jacksonville Sheriff's Office,Sheriff's Office (SO),6/15/2023 16:33,Y,Left Leaving,Left Turn,Serious Injury,Incapacitating Injury,DAY,N,N,N,N,N,N,Y,N,N,1,5,0,4,1,0,0,0,0,0,0,0,0,0,2,1,0,4,0,0,0,0,0,0,0,N,0,0,N,0,0,1,0,0,0,2,76000,76000,2,0,0,Preliminary,Editor Mapped,442719.9636,3345303.832,30.23796221,-81.5953176
25037668,2023,2/26/2023 19:40,6/1/2023 8:06,FHP23ON0103855,L,1,2,2,38,Duval,Jacksonville,Urban,2/26/2023 19:48,2/26/2023 20:00,2/26/2023 20:13,2/26/2023 22:56,Y,Law Enforcement,STATE ROAD 115,,30.32736905,-81.59480572,782,East,ARLINGTON EXPY SERVICE ROAD,,State,Curb,Not at Intersection,Y,Dark - Lighted,Clear,Dry,N,Other,Pedestrian,On Roadway,N,Non-Junction,None,,,None,,,N,,,,,TPR,Florida Highway Patrol,Florida Highway Patrol (FHP),3/8/2023 15:02,Y,Pedestrian,Pedestrian,Fatality,Fatal (within 30 days),NIGHT,N,N,N,N,N,N,N,N,N,1,0,0,0,0,1,1,0,0,0,0,1,0,1,1,1,0,0,1,0,0,0,0,0,0,Y,0,1,N,0,0,0,0,0,0,1,7000,7000,0,0,1,Verified,n/a,442768.4052,3355213.622,30.3273878,-81.59535383
89583212,2023,3/30/2023 8:20,3/30/2023 8:51,FHP23ON0164698,L,1,1,2,38,Duval,Jacksonville,Urban,3/30/2023 8:25,3/30/2023 8:28,3/30/2023 8:31,3/30/2023 9:34,Y,Law Enforcement,STATE ROAD 202 EXIT RAMP,,30.24992,-81.5524,45222979,West,STATE ROAD 115,,State,Paved,Not at Intersection,N,Daylight,Clear,Dry,N,Other,Tree (standing),Off Roadway,N,Entrance/Exit Ramp,None,,,None,,,N,,,,,TPR,Florida Highway Patrol,Florida Highway Patrol (FHP),4/8/2023 14:14,Y,Off Road,Off Road,Serious Injury,Incapacitating Injury,DAY,N,N,N,N,N,N,N,Y,N,0,1,0,0,1,0,0,0,0,0,0,0,0,0,1,0,0,0,0,0,0,0,0,0,0,N,0,0,N,0,0,2,0,2,4000,1,8000,12000,1,0,0,Verified,n/a,447084.1561,3346740.107,30.25112117,-81.55003408
25325421,2023,6/17/2023 10:00,6/17/2023 10:34,362002,L,2,2,2,38,Duval,Jacksonville,Urban,6/17/2023 10:01,6/17/2023 10:01,6/17/2023 10:04,6/17/2023 11:51,Y,Law Enforcement,SB SR 21 (BLANDING BLVD),,30.29191052,-81.72417728,48,South,PARK ST,,State,Curb,Four-Way Intersection,N,Daylight,Cloudy,Wet,N,Angle,Motor Vehicle in Transport,On Roadway,N,Intersection,Road Surface Condition,,,None,,,N,,,,,OFFICER,Jacksonville Sheriff's Office,Sheriff's Office (SO),6/18/2023 15:07,Y,Unknown,Unknown,Serious Injury,Incapacitating Injury,DAY,Y,N,Y,N,N,N,Y,N,Y,0,2,0,1,1,0,0,0,0,0,0,0,0,0,2,0,0,0,0,0,0,0,0,0,0,N,0,0,N,0,0,1,0,0,0,2,10000,10000,2,0,0,Preliminary,Editor Mapped,430361.8338,3351352.481,30.29189588,-81.72414958
89590256,2023,3/17/2023 18:00,5/18/2023 12:22,FHP23ON0140952,L,2,2,2,38,Duval,Jacksonville,Urban,3/17/2023 18:18,3/17/2023 18:19,3/17/2023 18:39,3/17/2023 23:03,Y,Law Enforcement,LEM TURNER ROAD,,30.49525368,-81.74085826,161,West,BRADOCK HOME ROAD,,State,Paved,Not at Intersection,Y,Daylight,Clear,Dry,N,Front to Front,Motor Vehicle in Transport,On Roadway,N,Non-Junction,None,,,None,,,N,,,,,TPR,Florida Highway Patrol,Florida Highway Patrol (FHP),4/13/2023 15:35,Y,Head On,Head On,Fatality,Fatal (within 30 days),DAY,N,N,N,N,N,N,N,Y,N,0,1,0,0,1,1,1,0,0,0,0,0,0,0,2,1,0,0,1,1,1,0,0,0,0,N,0,0,N,0,0,2,0,0,0,2,10000,10000,2,0,0,Verified,n/a,428902.8591,3373899.22,30.49525735,-81.74085382
25140431,2023,6/14/2023 21:52,6/14/2023 22:34,356425,L,2,2,2,38,Duval,Jacksonville,Urban,6/14/2023 21:54,6/14/2023 21:54,6/14/2023 22:01,6/15/2023 2:00,Y,Law Enforcement,W 20TH ST EXPY,,30.35679056,-81.6862658,0,,FAIRFAX ST,,U.S.,Unpaved,Not at Intersection,N,Dark - Lighted,Rain,Wet,N,Angle,Motor Vehicle in Transport,On Roadway,N,Non-Junction,None,,,None,,,N,,,,,OFFICER,Jacksonville Sheriff's Office,Sheriff's Office (SO),6/16/2023 14:52,Y,Other,Other,Serious Injury,Incapacitating Injury,NIGHT,N,N,Y,N,N,N,N,N,N,1,1,0,0,1,0,0,0,2,0,0,0,0,0,2,2,0,0,1,1,1,0,0,0,0,N,0,0,N,0,0,3,0,0,0,2,27000,27000,1,0,0,Preliminary,Editor Mapped,434023.4582,3358523.902,30.35681241,-81.68652678
25683781,2023,11/12/2023 1:53,4/26/2024 17:21,685598,L,2,2,2,38,Duval,Jacksonville,Urban,11/12/2023 1:53,11/12/2023 1:55,11/12/2023 2:00,11/12/2023 5:17,Y,Law Enforcement,LANE AVE S,,30.282027,-81.75521568,45132055,,SAN JUAN AVE,,State,Curb,T-Intersection,Y,Dark - Unknown Lighting,Cloudy,Dry,N,Angle,Motor Vehicle in Transport,On Roadway,N,Intersection,None,,,None,,,N,,,,,OFFICER,Jacksonville Sheriff's Office,Sheriff's Office (SO),11/13/2023 19:35,Y,Unknown,Unknown,Fatality,Fatal (within 30 days),NIGHT,Y,Y,N,N,N,N,Y,N,Y,0,1,0,0,1,1,1,0,0,0,0,0,0,0,2,0,0,0,0,0,0,0,0,0,0,N,0,0,N,0,0,2,0,1,1000,2,35000,36000,1,0,0,Verified,n/a,427367.3061,3350277.654,30.28202128,-81.7552124
25055126,2023,1/1/2023 21:57,9/28/2023 6:43,FHP23ON0001505,L,1,2,2,38,Duval,Jacksonville,Urban,1/1/2023 22:01,1/1/2023 22:19,1/1/2023 22:56,1/2/2023 4:12,Y,Law Enforcement,INTERSTATE 295,,30.46018103,-81.66505361,2899,West,DUVAL ROAD,,Interstate,Unpaved,Not at Intersection,Y,Dark - Not Lighted,Clear,Dry,N,Other,Pedestrian,On Roadway,N,Non-Junction,None,,,None,,,Y,Activity Area,Work on Shoulder or Median,N,N,TPR,Florida Highway Patrol,Florida Highway Patrol (FHP),1/7/2023 14:49,Y,Pedestrian,Pedestrian,Fatality,Fatal (within 30 days),NIGHT,N,Y,N,N,N,N,N,N,N,1,0,0,0,0,1,1,0,0,0,0,1,0,1,1,1,0,0,0,0,0,0,0,0,0,Y,0,1,N,0,0,1,0,0,0,1,5000,5000,0,0,1,Verified,n/a,436151.0207,3369951.975,30.46004731,-81.66508814
24730301,2023,2/9/2023 22:10,3/30/2023 11:46,84366,L,1,2,2,38,Duval,Jacksonville,Urban,2/9/2023 22:13,2/9/2023 22:15,2/9/2023 22:18,2/10/2023 1:00,Y,Law Enforcement,LANE AVE S (SR 103),,30.27720701,-81.75538114,55,North,MISS MUFFET LN N,,State,Paved,Not at Intersection,Y,Dark - Lighted,Clear,Dry,N,,Pedestrian,On Roadway,N,Intersection,None,,,None,,,N,,,,,DETECTIVE,Jacksonville Sheriff's Office,Sheriff's Office (SO),2/16/2023 18:54,Y,Pedestrian,Pedestrian,Fatality,Fatal (within 30 days),NIGHT,N,N,N,N,N,N,Y,N,N,0,1,1,0,0,1,1,0,0,0,0,1,0,1,1,0,0,0,0,0,0,0,0,0,0,Y,0,1,N,0,0,0,0,0,0,1,1000,1000,1,0,0,Verified,n/a,427347.841,3349743.621,30.27720129,-81.75537786
89739670,2023,11/6/2023 14:44,11/6/2023 15:27,FHP23ON0583449,L,2,2,2,38,Duval,Jacksonville,Urban,11/6/2023 14:49,11/6/2023 14:52,11/6/2023 15:14,11/6/2023 16:07,Y,Law Enforcement,INTERSTATE 95 NB,,30.3561,-81.6686,45210365,South,MARTIN LUTHER KING JUNIOR PARKWAY,,Interstate,Paved,Not at Intersection,N,Daylight,Clear,Dry,N,Front to Rear,Motor Vehicle in Transport,On Roadway,N,Non-Junction,None,,,None,,,N,,,,,TPR,Florida Highway Patrol,Florida Highway Patrol (FHP),11/20/2023 19:41,Y,Rear End,Rear End,Serious Injury,Incapacitating Injury,DAY,N,N,N,N,N,N,N,N,N,0,2,1,0,1,0,0,0,0,0,0,0,0,0,2,0,0,0,1,1,1,0,0,0,0,N,0,0,N,0,0,2,0,0,0,2,16000,16000,1,0,0,Preliminary,Editor Mapped,435759.7217,3358176.597,30.35377213,-81.66843963
89664520,2023,8/12/2023 8:33,8/12/2023 9:23,FHP23ON0421371,L,3,4,2,38,Duval,Jacksonville,Urban,8/12/2023 8:38,8/12/2023 8:43,8/12/2023 8:51,8/12/2023 9:57,Y,Law Enforcement,I-95,,30.10618179,-81.50565458,119228110,North,SR-9B,,Interstate,Paved,Not at Intersection,N,Daylight,Cloudy,Dry,N,"Sideswipe, Same Direction",Motor Vehicle in Transport,On Roadway,N,Non-Junction,None,,,None,,,N,,,,,TPR,Florida Highway Patrol,Florida Highway Patrol (FHP),8/14/2023 14:47,Y,Same Direction Sideswipe,Sideswipe,Serious Injury,Incapacitating Injury,DAY,N,N,N,N,N,N,N,Y,N,2,2,0,0,2,0,0,0,0,0,0,0,0,0,3,0,0,1,0,0,0,0,0,0,0,N,0,0,N,0,0,1,0,1,4833,3,20100,24933,2,0,0,Verified,n/a,451282.3844,3330658.468,30.10617623,-81.50565546
89638533,2023,6/28/2023 9:55,6/28/2023 10:28,FHP23ON0336310,L,4,6,2,38,Duval,Jacksonville,Urban,6/28/2023 9:55,6/28/2023 9:57,6/28/2023 10:10,6/28/2023 10:58,Y,Law Enforcement,INTERSTATE 10 WB,,30.365,-81.66872,967,East,MCDUFF AVE,,Interstate,Paved,Not at Intersection,N,Daylight,Clear,Dry,N,Front to Rear,Motor Vehicle in Transport,On Roadway,N,Non-Junction,None,,,None,,,N,,,,,TPR,Florida Highway Patrol,Florida Highway Patrol (FHP),7/9/2023 14:42,Y,Rear End,Rear End,Serious Injury,Incapacitating Injury,DAY,N,N,N,N,N,N,N,N,N,2,4,1,0,3,0,0,0,0,0,0,0,0,0,4,0,1,2,0,0,0,0,0,0,0,N,0,0,N,0,0,2,0,0,0,4,13850,13850,3,0,0,Preliminary,Editor Mapped,432130.3543,3354546.299,30.32081574,-81.70596687
89745586,2023,11/17/2023 14:45,11/17/2023 15:19,FHP23ON0605515,L,2,2,2,38,Duval,Jacksonville,Urban,11/17/2023 14:48,11/17/2023 14:51,11/17/2023 15:00,11/17/2023 16:22,Y,Law Enforcement,I-95,,30.48151,-81.6438,45292020,South,AIRPORT RD,,Interstate,Paved,Not at Intersection,N,Daylight,Cloudy,Wet,N,Front to Rear,Motor Vehicle in Transport,On Roadway,N,Non-Junction,None,,,None,,,N,,,,,TPR,Florida Highway Patrol,Florida Highway Patrol (FHP),11/20/2023 19:41,Y,Rear End,Rear End,Serious Injury,Incapacitating Injury,DAY,N,N,N,Y,N,N,N,N,N,1,1,0,0,1,0,0,0,0,1,0,0,0,0,2,0,0,0,0,0,0,0,1,1,0,N,0,0,N,0,0,3,0,0,0,2,9000,9000,1,0,0,Preliminary,Editor Mapped,438124.0749,3371866.015,30.47742159,-81.64465051
25327696,2023,6/22/2023 2:45,6/22/2023 3:16,372217,L,2,2,2,38,Duval,Jacksonville,Urban,6/22/2023 2:53,6/22/2023 2:53,6/22/2023 3:01,6/22/2023 5:00,Y,Law Enforcement,NORWOOD AVE,,30.36785803,-81.66264968,158,North,BRENTWOOD AVE,,State,Curb,Not at Intersection,N,Dark - Lighted,Rain,Wet,N,Angle,Motor Vehicle in Transport,On Roadway,N,Non-Junction,None,,,Weather Conditions,,,N,,,,,OFFICER,Jacksonville Sheriff's Office,Sheriff's Office (SO),6/23/2023 15:24,Y,Unknown,Unknown,Serious Injury,Incapacitating Injury,NIGHT,Y,N,N,N,N,N,N,N,Y,0,2,0,1,1,0,0,0,0,0,0,0,0,0,2,0,0,0,2,2,1,0,0,0,0,N,0,0,N,0,0,2,0,0,0,2,20000,20000,1,0,0,Preliminary,Editor Mapped,436325.6104,3359733.662,30.36785229,-81.66264642
89641962,2023,6/13/2023 5:17,6/13/2023 6:33,FHP23ON0307366,L,1,1,2,38,Duval,Jacksonville,Urban,6/13/2023 5:22,6/13/2023 5:24,6/13/2023 6:16,6/13/2023 7:07,Y,Law Enforcement,I-295 EXIT RAMP,,30.25335363,-81.51160283,886,West,SR-202 (BUTLER BLVD),,Interstate,Paved,Not at Intersection,N,Dark - Not Lighted,Cloudy,Dry,N,Other,Tree (standing),Off Roadway,N,Entrance/Exit Ramp,None,,,None,,,N,,,,,TPR,Florida Highway Patrol,Florida Highway Patrol (FHP),6/23/2023 15:24,Y,Off Road,Off Road,Serious Injury,Incapacitating Injury,NIGHT,N,N,N,N,N,N,N,Y,N,0,1,0,0,1,0,0,0,0,0,0,0,0,0,1,0,0,0,0,0,0,0,0,0,0,N,0,0,N,0,0,0,0,0,0,1,7500,7500,1,0,0,Preliminary,Editor Mapped,450777.0941,3346949.986,30.25317065,-81.51165896
87501179,2023,2/16/2023 20:27,4/5/2023 11:51,99431,L,1,3,2,38,Duval,Jacksonville,Urban,2/16/2023 20:27,2/16/2023 20:27,2/16/2023 20:30,2/16/2023 23:08,Y,Law Enforcement,US 1 (PHILIPS HWY),,30.28422256,-81.63127969,1461,South,EMERSON ST,,U.S.,Unpaved,Not at Intersection,Y,Dark - Not Lighted,Clear,Dry,N,,Pedestrian,On Roadway,N,Non-Junction,None,,,None,,,N,,,,,DETECTIVE,Jacksonville Sheriff's Office,Sheriff's Office (SO),2/22/2023 17:05,Y,Pedestrian,Pedestrian,Fatality,Fatal (within 30 days),NIGHT,N,N,N,N,N,N,N,N,N,2,0,0,0,0,1,1,0,0,0,0,1,0,1,1,0,0,1,0,0,0,0,0,0,0,Y,0,1,N,0,0,0,0,0,0,1,200,200,0,0,0,Verified,n/a,439288.4833,3350448.23,30.28421684,-81.63127645
89648218,2023,7/7/2023 16:40,7/7/2023 17:10,FHP23ON0354047,L,2,2,2,38,Duval,Jacksonville,Urban,7/7/2023 16:41,7/7/2023 16:43,7/7/2023 16:51,7/7/2023 17:44,Y,Law Enforcement,INTERSTATE 295,,30.17886445,-81.62392997,175,East,STATE ROAD 13,,Interstate,Paved,Not at Intersection,N,Daylight,Rain,Wet,N,Other,Motor Vehicle in Transport,On Roadway,N,Non-Junction,None,,,None,,,N,,,,,TPR,Florida Highway Patrol,Florida Highway Patrol (FHP),7/16/2023 14:41,Y,Other,Other,Serious Injury,Incapacitating Injury,DAY,N,N,N,N,N,N,N,Y,N,1,1,0,0,1,0,0,0,0,1,0,0,0,0,2,0,0,0,0,0,0,0,1,1,0,N,0,0,N,0,0,3,0,0,0,2,15000,15000,1,0,0,Preliminary,Editor Mapped,439940.4742,3338771.078,30.1788776,-81.62383179
89611221,2023,2/23/2023 17:10,6/20/2023 20:47,FHP23ON0097812,L,2,3,2,38,Duval,Jacksonville,Urban,2/23/2023 17:15,2/23/2023 17:17,2/23/2023 17:46,2/23/2023 21:15,Y,Law Enforcement,103RD ST,,30.24823,-81.76825,0,,LA VENTURA  DRIVE,,State,Paved,Four-Way Intersection,Y,Daylight,Clear,Dry,N,Angle,Motor Vehicle in Transport,On Roadway,Y,Intersection,None,,,None,,,N,,,,,TPR,Florida Highway Patrol,Florida Highway Patrol (FHP),3/9/2023 14:49,Y,Head On,Head On,Fatality,Fatal (within 30 days),DAY,N,N,N,N,N,N,Y,N,N,2,0,0,0,0,1,1,0,0,1,0,0,0,0,2,0,0,1,0,0,0,0,1,0,1,N,0,0,N,0,0,0,0,0,0,2,7500,7500,1,0,0,Verified,n/a,426093.0898,3346554.563,30.24834912,-81.76819873