REPORT_NUMBER,CRASH_YEAR,CRASH_DATE_AND_TIME,REPORT_DATE_AND_TIME,INVESTIGATING_AGENCY_REPORT_NUMBER,FORM_TYPE,TOTAL_NUMBER_OF_VEHICLES,TOTAL_NUMBER_OF_PERSONS,COUNTY_CODE,CITY_CODE,COUNTY_NAME,CITY_NAME,RURAL_OR_URBAN,NOTIFIED_TIME,DISPATCHED_TIME,ARRIVED_TIME,CLEARED_TIME,COMPLETED_FLAG,NOTIFIED_BY,ON_STREET_ROAD_HIGHWAY,STREET_ADDRESS_NUMBER,LATITUDE,LONGITUDE,FEET_FROM_INTERSECTION,DIRECTION_FROM_INTERSECTION,FROM_INTERSECTION_OF,MILEPOST_NUMBER,ROAD_SYSTEM_IDENTIFER,TYPE_OF_SHOULDER,TYPE_OF_INTERSECTION,PHOTOS_TAKEN,LIGHT_CONDITION,WEATHER_CONDITION,ROAD_SURFACE_CONDITION,SCHOOL_BUS_RELATED_CODE,TYPE_OF_IMPACT,FIRST_HARMFUL_EVENT,LOCATION,INTERCHANGE_FLAG,JUNCTION_FLAG,ROAD_CIRCUMSTANCES_1,ROAD_CIRCUMSTANCES_2,ROAD_CIRCUMSTANCES_3,ENVIRONMENT_CIRCUMSTANCES_1,ENVIRONMENT_CIRCUMSTANCES_2,ENVIRONMENT_CIRCUMSTANCES_3,WORK_ZONE_RELATED_FLAG,CRASH_IN_WORK_ZONE,TYPE_OF_WORK_ZONE,WORKERS_PRESENT,LAW_ENFORCEMENT_PRESENT,INVESTIGATOR_RANK,INVESTIGATING_AGENCY_NAME,INVESTIGATING_AGENCY_TYPE,LOAD_DATE,CODEABLE,S4_CRASH_TYPE,S4_CRASH_TYPE_SIMPLIFIED,S4_CRASH_SEVERITY,S4_CRASH_SEVERITY_DETAIL,S4_DAY_OR_NIGHT,S4_IS_AGGRESSIVE_DRIVING,S4_IS_ALCOHOL_RELATED,S4_IS_CMV_INVOLVED,S4_IS_DISTRACTED,S4_IS_DRUG_RELATED,S4_IS_HIT_AND_RUN,S4_IS_INTERSECTION_RELATED,S4_IS_LANE_DEPARTURE_RELATED,S4_IS_SPEEDING_RELATED,S4_NONE_INJURY_COUNT,S4_INJURY_COUNT,S4_POSSIBLE_INJURY_COUNT,S4_NON_INCAPACITATING_INJURY_COUNT,S4_INCAPACITATING_INJURY_COUNT,S4_FATALITY_COUNT,S4_FATALITY_WITHIN_30_DAYS_COUNT,S4_NON_TRAFFIC_FATALITY_COUNT,S4_TRAILER_COUNT,S4_MOTORCYCLE_COUNT,S4_MOPED_COUNT,S4_NON_MOTORIST_COUNT,S4_BICYCLIST_COUNT,S4_PEDESTRIAN_COUNT,S4_DRIVER_COUNT,S4_AGING_DRIVER_COUNT,S4_TEENAGER_DRIVER_COUNT,S4_PASSENGER_COUNT,S4_UNRESTRAINED_COUNT,S4_UNRESTRAINED_INJURY_COUNT,S4_UNRESTRAINED_INCAPACITATING_INJURY_COUNT,S4_UNRESTRAINED_FATALITY_COUNT,S4_MOTORCYCLIST_COUNT,S4_MOTORCYCLIST_INCAPACITATING_INJURY_COUNT,S4_MOTORCYCLIST_FATALITY_COUNT,S4_IS_PEDESTRIAN_INVOLVED,S4_PEDESTRIAN_INCAPACITATING_INJURY_COUNT,S4_PEDESTRIAN_FATALITY_COUNT,S4_IS_BICYCLIST_INVOLVED,S4_BICYCLIST_INCAPACITATING_INJURY_COUNT,S4_BICYCLIST_FATALITY_COUNT,S4_CITATION_COUNT,S4_CITATION_AMOUNT,S4_PROPERTY_DAMAGE_COUNT,S4_PROPERTY_DAMAGE_AMOUNT,S4_VEHICLE_DAMAGE_COUNT,S4_VEHICLE_DAMAGE_AMOUNT,S4_TOTAL_DAMAGE_AMOUNT,S4_TRANSPORT_BY_EMS_COUNT,S4_TRANSPORT_BY_LAW_ENFORCEMENT_COUNT,S4_TRANSPORT_BY_OTHER_COUNT,S4_GEOLOCATION_STATUS,S4_PRELIMINARY_GEOLOCATION_STATUS,S4_X,S4_Y,S4_LATITUDE,S4_LONGITUDE
25690557,2023,7/30/2023 20:23,8/10/2023 0:09,456169,L,2,2,2,38,Duval,Jacksonville,Urban,7/30/2023 20:24,7/30/2023 20:24,7/30/2023 20:29,7/30/2023 23:06,N,Law Enforcement,CENTURY 21 DR,,30.31044698,-81.57206692,0,,ODEN AVE,,Local,Curb,T-Intersection,N,Dark - Lighted,Rain,Wet,N,Front to Front,Motor Vehicle in Transport,On Roadway,N,Intersection,Unknown,,,Weather Conditions,,,N,,,,,OFFICER,Jacksonville Sheriff's Office,Sheriff's Office (SO),8/1/2023 14:56,Y,Left Entering,Left Turn,Serious Injury,Incapacitating Injury,NIGHT,N,N,N,N,N,Y,Y,N,N,1,1,0,0,1,0,0,0,0,1,0,0,0,0,2,0,0,0,0,0,0,0,1,1,0,N,0,0,N,0,0,0,0,0,0,2,1001,1001,1,0,0,Preliminary,Editor Mapped,444997.8665,3353324.152,30.31044125,-81.57206369
89656239,2023,7/1/2023 15:21,7/20/2023 18:40,FHP23ON0343056,L,1,2,2,38,Duval,Jacksonville,Urban,7/1/2023 15:26,7/1/2023 15:50,7/1/2023 16:14,7/1/2023 18:38,Y,Law Enforcement,INTERSTATE 95 (SOUTHBOUND),,30.36711688,-81.66895094,505,South,GOLFAIR BLVD,,Interstate,Paved,Not at Intersection,Y,Daylight,Clear,Dry,N,Other,Tree (standing),Shoulder,N,Non-Junction,None,,,None,,,N,,,,,TPR,Florida Highway Patrol,Florida Highway Patrol (FHP),7/4/2023 15:46,Y,Off Road,Off Road,Fatality,Fatal (within 30 days),DAY,N,N,N,N,Y,N,N,Y,N,0,1,0,0,1,1,1,0,0,0,0,0,0,0,1,0,0,1,2,1,1,1,0,0,0,N,0,0,N,0,0,0,0,0,0,1,15000,15000,2,0,0,Verified,n/a,435707.3757,3359630.263,30.36688649,-81.66907355
24730252,2023,7/2/2023 13:00,8/8/2023 9:26,394509,L,1,1,2,38,Duval,Jacksonville,Urban,7/2/2023 13:09,7/2/2023 13:11,7/2/2023 13:19,7/2/2023 15:48,Y,Law Enforcement,IMESON PARK BLVD,,30.41877427,-81.64549282,1017,East,US 17 (N MAIN ST),,Local,Curb,Not at Intersection,Y,Daylight,Clear,Dry,N,Angle,Curb,Off Roadway,N,Through Roadway,None,,,None,,,N,,,,,DETECTIVE,Jacksonville Sheriff's Office,Sheriff's Office (SO),7/3/2023 15:27,Y,Off Road,Off Road,Fatality,Fatal (within 30 days),DAY,N,N,N,N,Y,N,N,Y,N,0,0,0,0,0,1,1,0,0,1,0,0,0,0,1,0,0,0,0,0,0,0,1,0,1,N,0,0,N,0,0,0,0,2,6000,1,5000,11000,1,0,0,Verified,n/a,438013.5374,3365353.667,30.41865226,-81.64541478
25382585,2023,7/2/2023 14:18,7/9/2023 0:00,230002496,L,2,6,2,40,Duval,Jacksonville Beach,Urban,7/2/2023 14:20,7/2/2023 14:20,7/2/2023 14:21,7/2/2023 19:00,N,Law Enforcement,3RD ST N,,30.301205,-81.39437,0,,13TH AVE N,,State,Curb,Four-Way Intersection,Y,Daylight,Clear,Dry,N,Angle,Motor Vehicle in Transport,On Roadway,N,Intersection,None,,,None,,,N,,,,,POLICE,Jacksonville Beach Police Department,Police Department (PD),7/5/2023 15:28,Y,Left Entering,Left Turn,Fatality,Fatal (within 30 days),DAY,Y,N,N,N,N,N,Y,N,Y,4,1,1,0,0,1,1,0,0,1,0,0,0,0,2,1,0,4,0,0,0,0,1,0,1,N,0,0,N,0,0,0,0,0,0,2,40000,40000,2,0,0,Verified,n/a,462080.2494,3352226.112,30.30118872,-81.39435868
25068965,2023,7/13/2023 7:51,7/13/2023 8:53,FHP23ON0364015,L,2,4,2,38,Duval,Jacksonville,Urban,7/13/2023 8:01,7/13/2023 8:06,7/13/2023 8:14,7/13/2023 9:27,Y,Law Enforcement,INTERSTATE 295 (SB),,30.18998,-81.67041,9219,East,SAN JOSE BOULEVARD,,Interstate,Paved,Not at Intersection,N,Daylight,Clear,Dry,N,Front to Rear,Motor Vehicle in Transport,On Roadway,N,Non-Junction,None,,,None,,,N,,,,,TPR,Florida Highway Patrol,Florida Highway Patrol (FHP),8/1/2023 14:56,Y,Rear End,Rear End,Serious Injury,Incapacitating Injury,DAY,N,N,N,Y,N,N,N,N,N,1,3,2,0,1,0,0,0,0,0,0,0,0,0,2,0,0,2,0,0,0,0,0,0,0,N,0,0,N,0,0,2,0,0,0,2,12500,12500,1,0,0,Preliminary,Editor Mapped,435460.5117,3340029.077,30.18999992,-81.67043898
25068967,2023,8/10/2023 7:31,8/10/2023 8:17,FHP23ON0417185,L,3,3,2,38,Duval,Jacksonville,Urban,8/10/2023 7:41,8/10/2023 7:45,8/10/2023 7:51,8/10/2023 9:05,Y,Law Enforcement,INTERSTATE 95 (SB),,30.45511526,-81.65091895,312256612,North,INTERSTATE 295 (NORTHEND),,Interstate,Paved,Not at Intersection,N,Daylight,Clear,Dry,N,Front to Rear,Motor Vehicle in Transport,On Roadway,N,Non-Junction,None,,,None,,,Y,Activity Area,Work on Shoulder or Median,N,N,TPR,Florida Highway Patrol,Florida Highway Patrol (FHP),9/13/2023 15:12,Y,Rear End,Rear End,Serious Injury,Incapacitating Injury,DAY,N,N,N,Y,N,Y,N,Y,N,2,1,0,0,1,0,0,0,0,0,0,0,0,0,3,0,1,0,0,0,0,0,0,0,0,N,0,0,N,0,0,0,0,1,3600,2,20000,23600,1,0,0,Verified,n/a,446762.057,3336932.733,30.16260626,-81.55288709
25330661,2023,7/30/2023 0:17,7/30/2023 0:35,454558,L,2,4,2,38,Duval,Jacksonville,Urban,7/30/2023 0:17,7/30/2023 0:17,7/30/2023 0:22,7/30/2023 0:35,Y,Law Enforcement,N MARKET ST,,30.34416361,-81.65099023,0,,E 7TH ST,,Local,Paved,Four-Way Intersection,N,Dark - Lighted,Clear,Dry,N,,Motor Vehicle in Transport,On Roadway,Y,Intersection,None,,,None,,,N,,,,,OFFICER,Jacksonville Sheriff's Office,Sheriff's Office (SO),7/31/2023 14:46,Y,Right Angle,Angle,Serious Injury,Incapacitating Injury,NIGHT,N,N,N,Y,N,N,Y,N,N,3,1,0,0,1,0,0,0,0,0,0,0,0,0,2,0,1,2,0,0,0,0,0,0,0,N,0,0,N,0,0,2,0,0,0,2,1000,1000,1,0,0,Preliminary,Editor Mapped,437430.9247,3357101.409,30.34415787,-81.65098698
89942777,2023,7/4/2023 11:50,7/4/2023 13:15,399056,L,2,4,2,38,Duval,Jacksonville,Urban,7/4/2023 11:53,7/4/2023 12:02,7/4/2023 12:08,7/4/2023 12:45,Y,Law Enforcement,BROWARD RD,,30.42090364,-81.69636762,0,,LEM TURNER RD,,Local,Curb,Four-Way Intersection,N,Daylight,Cloudy,Dry,N,Angle,Motor Vehicle in Transport,On Roadway,Y,Intersection,None,,,None,,,N,,,,,OFFICER,Jacksonville Sheriff's Office,Sheriff's Office (SO),7/6/2023 14:54,Y,Left Entering,Left Turn,Serious Injury,Incapacitating Injury,DAY,N,N,N,Y,N,N,Y,N,N,2,2,0,1,1,0,0,0,0,0,0,0,0,0,2,0,0,2,0,0,0,0,0,0,0,N,0,0,N,0,0,1,0,0,0,2,6000,6000,1,0,0,Preliminary,Editor Mapped,433116.0546,3365636.971,30.4209466,-81.6964234
25672300,2023,7/29/2023 15:15,7/31/2023 16:28,453700,L,2,2,2,38,Duval,Jacksonville,Urban,7/29/2023 15:16,7/29/2023 15:18,7/29/2023 15:20,7/29/2023 15:59,Y,Law Enforcement,LANE AVE S,,30.2934566,-81.75463989,0,,MANOTAK AVE,,Local,Curb,Four-Way Intersection,N,Daylight,Clear,Dry,N,Angle,Motor Vehicle in Transport,On Roadway,N,Intersection,None,,,None,,,N,,,,,OFFICER,Jacksonville Sheriff's Office,Sheriff's Office (SO),8/1/2023 14:56,Y,Other,Other,Serious Injury,Incapacitating Injury,DAY,N,N,N,N,N,N,Y,N,N,0,2,0,1,1,0,0,0,0,0,0,0,0,0,2,0,0,0,0,0,0,0,0,0,0,N,0,0,N,0,0,2,0,0,0,2,35000,35000,2,0,0,Preliminary,Editor Mapped,427431.098,3351543.889,30.29345088,-81.75463661
89606693,2023,5/21/2023 17:45,7/24/2023 16:15,FHP23ON0265717,L,1,1,2,38,Duval,Jacksonville,Urban,5/21/2023 17:50,5/21/2023 17:57,5/21/2023 18:36,5/21/2023 20:14,Y,Law Enforcement,MAIN STREET,,30.43196,-81.6443,1308,North,CEDAR BAY ROAD,,U.S.,Paved,Not at Intersection,Y,Daylight,Clear,Dry,N,Other,Curb,On Roadway,N,Non-Junction,None,,,None,,,Y,Activity Area,Work on Shoulder or Median,N,N,CPL,Florida Highway Patrol,Florida Highway Patrol (FHP),6/1/2023 14:54,Y,Off Road,Off Road,Fatality,Fatal (within 30 days),DAY,N,Y,N,N,N,N,N,Y,N,0,0,0,0,0,1,1,0,0,0,0,0,0,0,1,0,0,0,0,0,0,0,0,0,0,N,0,0,N,0,0,0,0,0,0,1,5000,5000,1,0,0,Verified,n/a,438224.2879,3367213.31,30.43544348,-81.64333062
89680421,2023,7/23/2023 15:47,7/23/2023 16:26,FHP23ON0384206,L,2,2,2,38,Duval,Jacksonville,Urban,7/23/2023 15:47,7/23/2023 15:51,7/23/2023 15:58,7/23/2023 18:19,Y,Law Enforcement,INTERSTATE 10 EB,,30.31513,-81.77055,1450,East,HAMMOND BLVD,,Interstate,Paved,Not at Intersection,N,Daylight,Rain,Wet,N,Other,Motor Vehicle in Transport,On Roadway,N,Non-Junction,None,,,None,,,N,,,,,TPR,Florida Highway Patrol,Florida Highway Patrol (FHP),8/1/2023 14:56,Y,Other,Other,Serious Injury,Incapacitating Injury,DAY,N,N,Y,N,N,N,N,Y,N,0,2,0,0,2,0,0,0,1,0,0,0,0,0,2,0,0,0,0,0,0,0,0,0,0,N,0,0,N,0,0,2,0,0,0,2,42000,42000,2,0,0,Preliminary,Editor Mapped,425873.0161,3353954.873,30.31511167,-81.77100796
89716639,2023,10/31/2023 20:03,10/31/2023 21:00,FHP23ON0573102,L,3,4,2,38,Duval,Jacksonville,Urban,10/31/2023 20:08,10/31/2023 20:31,10/31/2023 20:44,10/31/2023 22:05,Y,Law Enforcement,INTERSTATE I-10 EASTBOUND,,30.3073,-81.87074,846709911,West,MM 351,,Interstate,Paved,Not at Intersection,N,Dark - Lighted,Clear,Dry,N,Front to Rear,Motor Vehicle in Transport,On Roadway,N,Non-Junction,None,,,None,,,N,,,,,TPR,Florida Highway Patrol,Florida Highway Patrol (FHP),11/10/2023 19:32,Y,Rear End,Rear End,Serious Injury,Incapacitating Injury,NIGHT,N,N,N,N,N,N,N,Y,N,1,3,0,0,3,0,0,0,0,0,0,0,0,0,3,0,1,1,0,0,0,0,0,0,0,N,0,0,N,0,0,2,0,1,10000,3,20500,30500,3,0,0,Verified,n/a,416276.4069,3353160.103,30.30731408,-81.87075148
89716820,2023,12/3/2023 1:40,12/3/2023 2:01,FHP23ON0634132,L,1,1,2,38,Duval,Jacksonville,Urban,12/3/2023 1:46,12/3/2023 1:47,12/3/2023 1:53,12/3/2023 2:41,Y,Law Enforcement,INTERSTATE 10 EASTBOUND,,30.32071978,-81.70653549,45139688,East,MCDUFF AVENUE,,Interstate,Paved,Not at Intersection,N,Dark - Lighted,Cloudy,Wet,N,Other,Concrete Traffic Barrier,Median,N,Non-Junction,Road Surface Condition,,,None,,,Y,Activity Area,Work on Shoulder or Median,N,N,TPR,Florida Highway Patrol,Florida Highway Patrol (FHP),12/6/2023 20:00,Y,Off Road,Off Road,Serious Injury,Incapacitating Injury,NIGHT,N,N,N,N,N,N,N,Y,N,0,1,0,0,1,0,0,0,0,0,0,0,0,0,1,0,0,0,0,0,0,0,0,0,0,N,0,0,N,0,0,0,0,1,100,1,5000,5100,1,0,0,Verified,n/a,432076.4837,3354549.994,30.32084606,-81.70652743
89680436,2023,8/10/2023 17:27,8/10/2023 18:43,FHP23ON0418291,L,4,4,2,38,Duval,Jacksonville,Urban,8/10/2023 17:27,8/10/2023 18:00,8/10/2023 18:40,8/10/2023 20:09,Y,Law Enforcement,INTERSTATE 295 SB,,30.32394,-81.52754,1315,South,ATLANTIC BLVD,,Interstate,Paved,Not at Intersection,N,Daylight,Clear,Dry,N,Front to Rear,Motor Vehicle in Transport,On Roadway,N,Non-Junction,None,,,None,,,N,,,,,TPR,Florida Highway Patrol,Florida Highway Patrol (FHP),8/29/2023 14:53,Y,Rear End,Rear End,Serious Injury,Incapacitating Injury,DAY,N,N,N,N,N,N,N,N,N,3,1,0,0,1,0,0,0,0,0,0,0,0,0,4,0,0,0,0,0,0,0,0,0,0,N,0,0,N,0,0,1,0,0,0,4,11700,11700,1,0,0,Preliminary,Editor Mapped,449271.6374,3354842.109,30.32432576,-81.5276883
89701311,2023,11/1/2023 6:28,11/1/2023 7:13,FHP23ON0573565,L,3,3,2,38,Duval,Jacksonville,Urban,11/1/2023 6:33,11/1/2023 6:38,11/1/2023 6:42,11/1/2023 7:42,Y,Law Enforcement,STATE ROAD 202 EB,,30.25713,-81.43698,45254099,West,SAN PABLO ROAD,,State,Paved,Not at Intersection,N,Dark - Lighted,Clear,Dry,N,Front to Rear,Motor Vehicle in Transport,On Roadway,N,Non-Junction,None,,,None,,,N,,,,,TPR,Florida Highway Patrol,Florida Highway Patrol (FHP),11/20/2023 19:41,Y,Rear End,Rear End,Serious Injury,Incapacitating Injury,NIGHT,N,N,N,N,N,N,N,N,N,0,3,2,0,1,0,0,0,0,0,0,0,0,0,3,0,0,0,0,0,0,0,0,0,0,N,0,0,N,0,0,1,0,0,0,3,9500,9500,1,0,0,Preliminary,Editor Mapped,456685.6139,3346933.887,30.25325087,-81.45024251
89728579,2023,11/5/2023 3:10,11/22/2023 20:33,FHP23ON0581034,L,1,1,2,38,Duval,Jacksonville,Urban,11/5/2023 3:10,11/5/2023 3:11,11/5/2023 3:22,11/5/2023 4:32,Y,Law Enforcement,NB I295 EXIT RAMP TO NORMANDY BLVD,,30.29463539,-81.77073916,45136168,North,NB I295,,Interstate,Paved,Not at Intersection,N,Dark - Lighted,Clear,Dry,N,Other,Other Non-Collision,Off Roadway,N,Entrance/Exit Ramp,None,,,None,,,Y,Advance Warning Area,Work on Shoulder or Median,N,N,TPR,Florida Highway Patrol,Florida Highway Patrol (FHP),11/16/2023 19:22,Y,Single Vehicle,Other,Serious Injury,Incapacitating Injury,NIGHT,N,N,N,N,N,N,N,Y,N,0,1,0,0,1,0,0,0,0,0,0,0,0,0,1,0,0,0,1,1,1,0,0,0,0,N,0,0,N,0,0,0,0,1,25000,1,7000,32000,1,0,0,Verified,n/a,425883.7571,3351684.033,30.29462169,-81.77073593
89728591,2023,11/18/2023 0:20,6/14/2024 11:53,FHP23ON0606840,L,1,2,2,38,Duval,Jacksonville,Urban,11/18/2023 0:25,11/18/2023 2:02,11/18/2023 2:02,11/18/2023 15:29,Y,Law Enforcement,INTERSTATE 10 EXIT (360) RAMP TO MCDUFF AVE,,30.3207804,-81.70889108,45139688,East,MCDUFF AVE,,Interstate,Paved,Not at Intersection,Y,Dark - Lighted,Clear,Dry,N,Other,Pedestrian,On Roadway,N,Entrance/Exit Ramp,None,,,None,,,Y,Activity Area,Work on Shoulder or Median,N,N,TPR,Florida Highway Patrol,Florida Highway Patrol (FHP),11/28/2023 19:53,Y,Pedestrian,Pedestrian,Serious Injury,Incapacitating Injury,NIGHT,N,N,N,N,N,Y,N,N,N,1,1,0,0,1,0,0,0,0,0,0,1,0,1,1,0,0,0,0,0,0,0,0,0,0,Y,1,0,N,0,0,0,0,0,0,0,0,0,1,0,0,Verified,n/a,431871.4894,3354539.804,30.32074257,-81.70865894
89728594,2023,11/19/2023 2:36,11/19/2023 4:03,FHP23ON0608864,L,3,6,2,38,Duval,Jacksonville,Urban,11/19/2023 2:36,11/19/2023 2:40,11/19/2023 2:50,11/19/2023 6:04,Y,Law Enforcement,STATE ROAD 202 (JAMES TURNER BUTLER BLVD),,30.25133273,-81.48362849,45240860,East,HODGES BLVD,,State,Paved,Not at Intersection,N,Dark - Lighted,Clear,Dry,N,Front to Rear,Motor Vehicle in Transport,On Roadway,N,Non-Junction,None,,,None,,,N,,,,,TPR,Florida Highway Patrol,Florida Highway Patrol (FHP),11/29/2023 19:41,Y,Rear End,Rear End,Serious Injury,Incapacitating Injury,NIGHT,N,N,N,N,N,N,N,Y,N,2,4,2,1,1,0,0,0,0,0,0,0,0,0,3,0,0,3,1,1,1,0,0,0,0,N,0,0,N,0,0,2,0,1,2000,3,47000,49000,3,0,0,Verified,n/a,453489.4873,3346734.508,30.25133328,-81.4834557
25687807,2023,8/3/2023 22:25,8/3/2023 22:44,465790,L,3,5,2,38,Duval,Jacksonville,Urban,8/3/2023 22:27,8/3/2023 22:27,8/3/2023 22:34,8/3/2023 23:55,Y,Law Enforcement,ARLINGTON EXPY,,30.32392784,-81.56040051,1318,East,REGENCY SQUARE BLVD,,Local,Paved,Not at Intersection,N,Dark - Lighted,Clear,Dry,N,Other,Motor Vehicle in Transport,On Roadway,N,Non-Junction,None,,,None,,,N,,,,,OFFICER,Jacksonville Sheriff's Office,Sheriff's Office (SO),8/4/2023 14:53,Y,Rear End,Rear End,Serious Injury,Incapacitating Injury,NIGHT,N,N,N,N,N,N,N,N,N,4,1,0,0,1,0,0,0,0,0,0,0,0,0,3,0,0,2,0,0,0,0,0,0,0,N,0,0,N,0,0,1,0,0,0,3,8000,8000,1,0,0,Preliminary,Editor Mapped,446026.1105,3354834.812,30.32411937,-81.56144733
87495616,2023,5/14/2023 12:54,8/1/2023 8:05,287238,L,4,2,2,38,Duval,Jacksonville,Urban,5/14/2023 12:54,5/14/2023 12:54,5/14/2023 12:55,5/14/2023 14:00,Y,Law Enforcement,US 23 (NEW KINGS RD),,30.3977462,-81.73933125,0,,MCLEOD AVE,,U.S.,Unpaved,T-Intersection,N,Daylight,Clear,Dry,N,Angle,Motor Vehicle in Transport,On Roadway,Y,Intersection,None,,,None,,,N,,,,,DETECTIVE,Jacksonville Sheriff's Office,Sheriff's Office (SO),5/15/2023 15:17,Y,Other,Other,Fatality,Fatal (within 30 days),DAY,N,N,N,Y,N,N,Y,N,N,0,1,0,1,0,1,1,0,0,0,0,0,0,0,2,1,0,0,0,0,0,0,0,0,0,N,0,0,N,0,0,0,0,0,0,4,18000,18000,2,0,0,Verified,n/a,428978.4791,3363091.196,30.39773842,-81.73932949
24729835,2023,6/15/2023 22:12,8/11/2023 12:51,358861,L,3,2,2,38,Duval,Jacksonville,Urban,6/15/2023 22:15,6/15/2023 22:20,6/15/2023 22:26,6/16/2023 2:01,Y,Law Enforcement,STATE RD 21 (BLANDING BLVD),,30.25302814,-81.7431003,139,South,CLARET DR,,State,Paved,Not at Intersection,Y,Dark - Lighted,Clear,Wet,N,Front to Front,Curb,Off Roadway,N,Non-Junction,Road Surface Condition,,,None,,,N,,,,,DETECTIVE,Jacksonville Sheriff's Office,Sheriff's Office (SO),6/21/2023 14:56,Y,Off Road,Off Road,Fatality,Fatal (within 30 days),NIGHT,N,N,N,N,N,N,N,Y,N,0,1,0,0,1,1,1,0,0,0,0,0,0,0,1,1,0,1,2,1,1,1,0,0,0,N,0,0,N,0,0,0,0,3,4000,3,35000,39000,1,0,0,Verified,n/a,428510.093,3347054.851,30.25300838,-81.74311184
89680406,2023,7/17/2023 8:21,7/17/2023 8:52,FHP23ON0371828,L,5,5,2,38,Duval,Jacksonville,Urban,7/17/2023 8:22,7/17/2023 8:24,7/17/2023 8:31,7/17/2023 11:20,Y,Law Enforcement,INTERSTATE 295 SB,,30.32394,-81.52754,1061,South,ATLANTIC BLVD,,Interstate,Paved,Not at Intersection,N,Daylight,Cloudy,Dry,N,Front to Rear,Motor Vehicle in Transport,On Roadway,N,Non-Junction,None,,,None,,,N,,,,,TPR,Florida Highway Patrol,Florida Highway Patrol (FHP),8/10/2023 14:53,Y,Rear End,Rear End,Serious Injury,Incapacitating Injury,DAY,N,N,Y,N,N,N,N,N,N,3,2,1,0,1,0,0,0,1,0,0,0,0,0,5,0,0,0,0,0,0,0,0,0,0,N,0,0,N,0,0,1,0,0,0,5,37500,37500,1,0,0,Preliminary,Editor Mapped,449246.5621,3354915.37,30.3249858,-81.52795267
25064828,2023,3/17/2023 4:20,8/11/2023 11:47,FHP23ON0139386,L,2,2,2,38,Duval,Jacksonville,Urban,3/17/2023 4:35,3/17/2023 4:38,3/17/2023 5:04,3/17/2023 8:40,Y,Law Enforcement,US-17 (N MAIN ST),,30.53506099,-81.62149218,177,North,TISONIA ROAD,,U.S.,Paved,Not at Intersection,Y,Dark - Lighted,Clear,Dry,N,Front to Front,Motor Vehicle in Transport,On Roadway,N,Non-Junction,None,,,None,,,N,,,,,TPR,Florida Highway Patrol,Florida Highway Patrol (FHP),3/21/2023 14:30,Y,Head On,Head On,Fatality,Fatal (within 30 days),NIGHT,N,N,Y,N,Y,N,N,Y,N,1,0,0,0,0,1,1,0,1,0,0,0,0,0,2,0,0,0,1,0,0,1,0,0,0,N,0,0,N,0,0,0,0,0,0,2,10000,10000,0,0,1,Verified,n/a,440379.613,3378240.548,30.53505546,-81.62151821
89680455,2023,8/25/2023 1:34,8/25/2023 1:45,FHP23ON0445717,L,2,2,2,38,Duval,Jacksonville,Urban,8/25/2023 1:34,8/25/2023 1:39,8/25/2023 1:50,8/25/2023 2:34,Y,Law Enforcement,INTERSTATE 10 WB,,30.31563,-81.75188,117,West,LANE AVE,,Interstate,Paved,Not at Intersection,N,Dark - Lighted,Clear,Dry,N,Front to Rear,Motor Vehicle in Transport,On Roadway,N,Non-Junction,None,,,None,,,N,,,,,TPR,Florida Highway Patrol,Florida Highway Patrol (FHP),9/2/2023 16:30,Y,Rear End,Rear End,Serious Injury,Incapacitating Injury,NIGHT,N,N,N,N,N,N,N,Y,N,0,2,1,0,1,0,0,0,0,0,0,0,0,0,2,0,0,0,0,0,0,0,0,0,0,N,0,0,N,0,0,2,0,0,0,2,20000,20000,1,0,0,Preliminary,Editor Mapped,427329.4186,3353999.627,30.3156039,-81.75586388
89637604,2023,5/25/2023 19:12,7/17/2023 7:41,FHP23ON0273919,L,3,3,2,38,Duval,Jacksonville,Urban,5/25/2023 19:27,5/25/2023 19:28,5/25/2023 20:08,5/25/2023 23:05,Y,Law Enforcement,US-90 (BEACH BLVD),,30.28751436,-81.47993839,1378,West,TAMAYA BLVD,,U.S.,Curb,Not at Intersection,Y,Daylight,Clear,Dry,N,Front to Rear,Motor Vehicle in Transport,On Roadway,N,Non-Junction,None,,,None,,,N,,,,,CPL,Florida Highway Patrol,Florida Highway Patrol (FHP),6/2/2023 14:49,Y,Rear End,Rear End,Fatality,Fatal (within 30 days),NIGHT,N,N,N,N,N,Y,N,N,N,1,1,0,1,0,1,1,0,0,2,0,0,0,0,3,0,0,0,0,0,0,0,2,0,1,N,0,0,N,0,0,0,0,0,0,3,6000,6000,1,0,0,Verified,n/a,454018.7891,3350746.113,30.28755389,-81.47812941